"01.001";"0013"
"01.001.01";"0013"
"01.001.07";"0013"
"01.002";"0014"
"01.002.04";"0014"
"01.002.06";"0014"
"01.002.08";"0014"
"01.002.09";"0015"
"01.003";"0014"
"01.003.01";"0015"
"01.003.02";"0015"
"01.003.07";"0015"
"01.003.08";"0015"
"01.003.11";"0015"
"01.004.01";"0015"
"01.004.03";"0015"
"01.004.04";"0015"
"01.004.05";"0016"
"01.004.06";"0016"
"01.004.07";"0016, 0429"
"01.005.01";"0016"
"01.005.02";"0016"
"01.005.03";"0016"
"01.005.10";"0016, 0429"
"01.006";"0016"
"01.006.01";"0020"
"01.006.03";"0020"
"01.006.04";"0022"
"01.006.06";"0022"
"01.006.07";"0022"
"01.006.09";"0022"
"01.007.02";"0022"
"01.007.06";"0023"
"01.007.07";"0023"
"01.007.09";"0023"
"01.008.02";"0023"
"01.008.03";"0023"
"01.008.04";"0023"
"01.008.06";"0023"
"01.008.07";"0024"
"01.009.01";"0024"
"01.009.02";"0024"
"01.009.04";"0024"
"01.009.09";"0025"
"01.010";"0025"
"01.010.03";"0025"
"01.010.07";"0025"
"01.010.08";"0025"
"01.011";"0025"
"01.011.01";"0025"
"01.011.05";"0025, 0429"
"01.011.06";"0025"
"01.011.07";"0025"
"01.012";"0025"
"01.013.11";"0026"
"01.014.03";"0026"
"01.014.08";"0026"
"01.015.01";"0026"
"01.015.02";"0026"
"01.015.06";"0026"
"01.015.07";"0026"
"01.016.02";"0027"
"01.017.02";"0027"
"01.017.03";"0027"
"01.017.04";"0028"
"01.017.05";"0028"
"01.017.08";"0028"
"01.018.01";"0028"
"01.018.09";"0028"
"01.020.03";"0029"
"01.020.06";"0029"
"01.020.08";"0029"
"01.022";"0029"
"01.022.08";"0029"
"01.022.11";"0029"
"01.022.13";"0029"
"01.022.17";"0029"
"01.022.21";"0029"
"01.023";"0029"
"01.023.05";"0030"
"01.023.07";"0030"
"01.023.08";"0030"
"01.023.15";"0030"
"01.023.18";"0030"
"01.023.19";"0030"
"01.023.23";"0030"
"01.023.24";"0030"
"01.024";"0030"
"01.024.01";"0030"
"01.024.03";"0030"
"01.024.04";"0031"
"01.024.06";"0032"
"01.024.07";"0032"
"01.024.08";"0032"
"01.024.10";"0032"
"01.024.11";"0032"
"01.024.12";"0033"
"01.024.13";"0033"
"01.024.14";"0033"
"01.024.15";"0033"
"01.025";"0033"
"01.025.04";"0033"
"01.025.06";"0033"
"01.025.07";"0033"
"01.025.11";"0033"
"01.025.12";"0033"
"01.025.14";"0034"
"01.025.17";"0034"
"01.025.19";"0034"
"01.026";"0034"
"01.026.01";"0034"
"01.026.02";"0034"
"01.026.08";"0034"
"01.026.09";"0034"
"01.027";"0034"
"01.027.02";"0035"
"01.027.03";"0035"
"01.027.05";"0035"
"01.027.10";"0035"
"01.027.11";"0035"
"01.027.13";"0035"
"01.028";"0036"
"01.028.01";"0036"
"01.028.07";"0036"
"01.029.02";"0036"
"01.029.07";"0036"
"01.030";"0037"
"01.030.01";"0037"
"01.030.02";"0037"
"01.030.05";"0037"
"01.030.06";"0037"
"01.030.09";"0037"
"01.030.11";"0041"
"01.030.12";"0041"
"01.030.13";"0041"
"01.030.14";"0041"
"01.030.15";"0041"
"01.030.16";"0041"
"01.030.20";"0041"
"01.030.21";"0041"
"01.031.03";"0041"
"01.031.05";"0042"
"01.031.07";"0042"
"01.031.09";"0042"
"01.031.11";"0042"
"01.031.13";"0042"
"01.031.14";"0042"
"01.031.15";"0042"
"01.031.17";"0042"
"01.031.18";"0042"
"01.032.04";"0043"
"01.032.05";"0043, 0429"
"01.032.06";"0043"
"01.032.08";"0044"
"01.032.09";"0045"
"01.032.12";"0429"
"01.032.13";"0045"
"01.032.15";"0045"
"01.032.23";"0429"
"01.033.04";"0045"
"01.033.05";"0046"
"01.033.08";"0046"
"01.033.09";"0046"
"01.033.10";"0047"
"01.033.13";"0048"
"01.033.14";"0048, 0429"
"01.033.15";"0048, 0429"
"01.034.01";"0048"
"01.034.02";"0048"
"01.034.04";"0048"
"01.034.05";"0048"
"01.034.05";"0048"
"01.034.06";"0049"
"01.034.07";"0049"
"01.034.08";"0049"
"01.034.10";"0050"
"01.035.03";"0050"
"01.035.06";"0050"
"01.035.07";"0050"
"01.035.08";"0050"
"01.035.09";"0050"
"01.036";"0050"
"01.036.01";"0050"
"01.036.06";"0050"
"01.036.08";"0051"
"01.036.10";"0051"
"01.036.12";"0051"
"01.036.15";"0051"
"01.036.16";"0051"
"01.036.17";"0051"
"01.037";"0051"
"01.037.01";"0051"
"01.037.03";"0052"
"01.037.06";"0052"
"01.037.07";"0052"
"01.037.09";"0052"
"01.037.10";"0052"
"01.037.13";"0052"
"01.037.15";"0052"
"01.038";"0052"
"01.038.01";"0052"
"01.038.02";"0052"
"01.038.04";"0052"
"01.038.06";"0053"
"01.038.07";"0053"
"01.038.10";"0053"
"01.038.11";"0053"
"01.038.12";"0053"
"01.038.13";"0053"
"01.039";"0053"
"01.039.01";"0053"
"01.039.02";"0053"
"01.039.03";"0053"
"01.039.06";"0053"
"01.039.07";"0053"
"01.039.09";"0053"
"01.039.10";"0053"
"01.040";"0053"
"01.040.01";"0053"
"01.040.05";"0054"
"01.040.07";"0054"
"01.040.08";"0054"
"01.041";"0054"
"01.041.02";"0054"
"01.041.03";"0054"
"01.041.07";"0054"
"01.041.08";"0054"
"01.041.09";"0054"
"01.042";"0055"
"01.042.01";"0055"
"01.042.02";"0055"
"01.042.05";"0055"
"01.042.07";"0055"
"01.042.03";"0055"
"01.042.06";"0055"
"01.042.08";"0055"
"01.43";"0055"
"01.043.04";"0055"
"01.043.05";"0055"
"01.043.07";"0055"
"01.043.08";"0055"
"01.043.09";"0055"
"01.044";"0055"
"01.044.01";"0055"
"01.044.02";"0056"
"01.044.05";"0056"
"01.044.06";"0056"
"01.044.08";"0056"
"01.044.09";"0056"
"01.044.14";"0056"
"01.045.04";"0056"
"01.045.10";"0057"
"01.046.02";"0057"
"01.046.03";"0058"
"01.046.04";"0058"
"01.046.05";"0058"
"01.046.06";"0058"
"01.046.07";"0058"
"01.046.08";"0058"
"01.046.09";"0058"
"01.046.10";"0059"
"01.046.11";"0059"
"01.046.13";"0059"
"01.046.15";"0059"
"01.047";"0059"
"01.047.01";"0059"
"01.047.09";"0059"
"01.048";"0059"
"01.048.01";"0059"
"01.048.02";"0059"
"01.048.03";"0059"
"01.048.04";"0059"
"01.048.05";"0059"
"01.048.06";"0059"
"01.048.09";"0059"
"01.048.14";"0059"
"01.048.15";"0060"
"01.050";"0060"
"01.050.02";"0060"
"01.050.05";"0060"
"01.050.09";"0060"
"01.050.13";"0060"
"01.051.01";"0060"
"01.051.02";"0060"
"01.051.03";"0060"
"01.051.04";"0061"
"01.051.05";"0061"
"01.051.08";"0061"
"01.051.09";"0061"
"01.051.11";"0061"
"01.051.12";"0061"
"01.051.14";"0061"
"01.051.15";"0061"
"01.052";"0061"
"01.052.01";"0062, 0429"
"01.052.02";"0062"
"01.052.03";"0062"
"01.052.04";"0062"
"01.052.05";"0063"
"01.052.08";"0063"
"01.052.09";"0063"
"01.052.10";"0063"
"01.052.11";"0063"
"01.052.14";"0063"
"01.052.15";"0064"
"01.053.02";"0064"
"01.053.03";"0064"
"01.053.04";"0064"
"01.053.05";"0064"
"01.053.09";"0064, 0429"
"01.053.10";"0064"
"01.053.11";"0066"
"01.054.03";"0066"
"01.054.04";"0067, 0429"
"01.054.07";"0067"
"01.054.08";"0067"
"01.054.09";"0067"
"01.054.10";"0068"
"01.054.11";"0068"
"01.055.01";"0068"
"01.055.03";"0068"
"01.055.06";"0068"
"01.055.07";"0068"
"01.055.08";"0068"
"01.056.01";"0068"
"01.056.02";"0068"
"01.056.03";"0069"
"01.056.04";"0069"
"01.056.06";"0069"
"01.057.02";"0069"
"01.057.06";"0069"
"01.058.01";"0069"
"01.058.02";"0070"
"01.058.03";"0070"
"01.058.04";"0070"
"01.058.07";"0070"
"01.058.08";"0070"
"01.059.02";"0070"
"01.059.04";"0070"
"01.059.06";"0072"
"01.059.07";"0072"
"01.060.01";"0072"
"01.060.03";"0072"
"01.060.04";"0072"
"01.061";"0072"
"01.061.02";"0072"
"01.061.03";"0072"
"01.061.05";"0072"
"01.061.06";"0072"
"01.061.07";"0072"
"01.061.08";"0073"
"01.061.09";"0073"
"01.061.10";"0073"
"01.061.11";"0073"
"01.061.12";"0073"
"01.061.14";"0073"
"01.061.15";"0073"
"01.061.16";"0073"
"01.062";"0073"
"01.062.01";"0073"
"01.062.03";"0073"
"01.062.04";"0074"
"01.062.05";"0074"
"01.062.06";"0074"
"01.062.07";"0074"
"01.062.08";"0074"
"01.062.09";"0074"
"01.062.10";"0074"
"01.063.01";"0074"
"01.063.02";"0074"
"01.063.03";"0074"
"01.063.04";"0074"
"01.063.05";"0074"
"01.063.06";"0074, 0075"
"01.063.07";"0074, 0075"
"01.063.08";"0074, 0075"
"01.063.09";"0074, 0075"
"01.064.01";"0075"
"01.064.02";"0076"
"01.064.04";"0077"
"01.064.05";"0077"
"01.064.06";"0077"
"01.064.07";"0077"
"01.064.08";"0077"
"01.064.09";"0077"
"01.064.11";"0077"
"01.064.12";"0077"
"01.064.15";"0077"
"01.065.01";"0078"
"01.065.04";"0078"
"01.065.05";"0078"
"01.065.07";"0078"
"01.065.10";"0078"
"01.066.02";"0078"
"01.066.08";"0078"
"01.066.09";"0079"
"01.067.01";"0079"
"01.067.02";"0079"
"01.067.05";"0079"
"01.067.09";"0079"
"01.067.10";"0080"
"01.068.01";"0080"
"01.068.02";"0082"
"01.068.05";"0082"
"01.068.07";"0082"
"01.068.10";"0082"
"01.069.03";"0082"
"01.069.04";"0082"
"01.069.08";"0082, 0429"
"01.070.01";"0083"
"01.070.03";"0083"
"01.070.04";"0083"
"01.070.05";"0084"
"01.070.06";"0084"
"01.070.07";"0084"
"01.070.08";"0084"
"01.070.09";"0085"
"01.070.10";"0085"
"01.070.11";"0085"
"01.071.01";"0085"
"01.071.03";"0086"
"01.071.04";"0086"
"01.071.05";"0086"
"01.071.06";"0086"
"01.071.07";"0087"
"01.071.08";"0087"
"01.071.09";"0087"
"01.072.01";"0087"
"01.072.02";"0087"
"01.072.04";"0087"
"01.072.05";"0087"
"01.072.06";"0088"
"01.072.08";"0088"
"01.072.09";"0088"
"01.072.10";"0088"
"01.073.01";"0088"
"01.073.03";"0088"
"01.073.06";"0088"
"01.073.07";"0088"
"01.073.08";"0088"
"01.073.09";"0089"
"01.074.02";"0089"
"01.074.04";"0089"
"01.074.06";"0089"
"01.074.08";"0089"
"01.075.03";"0089"
"01.075.04";"0089"
"01.076.01";"0089"
"01.076.03";"0089"
"01.076.04";"0089"
"01.077.01";"0090"
"01.077.02";"0090"
"01.077.03";"0090"
"01.077.04";"0090"
"01.077.05";"0090"
"01.079";"0090"
"01.079.01";"0090"
"01.079.02";"0091"
"01.079.03";"0091"
"01.079.05";"0091"
"01.079.06";"0091"
"01.079.11";"0093"
"01.080.01";"0093"
"01.080.03";"0094"
"01.080.07";"0094"
"01.080.09";"0094"
"01.080.12";"0094"
"01.080.14";"0094"
"01.080.15";"0094"
"01.081";"0094"
"01.081.01";"0094"
"01.081.03";"0094"
"01.081.04";"0095"
"01.081.06";"0095"
"01.081.07";"0095"
"01.081.09";"0095"
"01.082.01";"0095, 0429"
"01.082.02";"0095, 0429"
"01.082.06";"0095"
"01.083.02";"0095"
"01.083.03";"0095"
"01.083.04";"0095"
"01.083.06";"0095"
"01.084.01";"0096"
"01.084.02";"0096"
"01.084.03";"0096"
"01.084.04";"0096"
"01.084.05";"0096"
"01.084.06";"0096"
"01.084.07";"0096"
"01.084.08";"0096"
"01.084.09";"0096"
"01.084.10";"0096"
"01.084.11";"0096"
"01.084.12";"0096"
"01.084.13";"0096"
"01.084.14";"0096"
"01.084.15";"0096"
"01.084.16";"0096"
"01.084.17";"0096"
"01.084.18";"0096"
"01.084.19";"0097"
"01.084.20";"0097"
"01.085.04";"0097"
"01.085.05";"0097"
"01.085.06";"0097"
"01.085.07";"0097"
"01.085.09";"0097, 0429"
"01.085.11";"0097"
"01.085.12";"0097"
"01.086.01";"0097"
"01.086.02";"0098"
"01.086.03";"0098"
"01.086.05";"0098"
"01.086.06";"0099"
"01.086.09";"0099"
"01.087.02";"0099"
"01.087.04";"0099"
"01.087.05";"0099"
"01.087.06";"0099"
"01.088";"0100"
"01.088.01";"0100"
"01.088.02";"0100"
"01.088.03";"0100"
"01.088.04";"0100"
"01.088.05";"0100"
"01.088.06";"0100"
"01.089.01";"0101"
"01.089.04";"0102"
"01.089.06";"0102"
"01.089.09";"0102"
"01.090";"0102"
"01.090.01";"0102"
"01.090.02";"0102"
"01.090.03";"0102"
"01.090.05";"0102"
"01.090.07";"0102"
"01.091";"0102"
"01.091.06";"0102"
"01.091.08";"0102"
"01.091.19";"0102"
"01.091.22";"0102"
"01.091.23";"0102"
"01.092";"0103"
"01.092.02";"0103"
"01.092.03";"0103"
"01.092.04";"0103"
"01.092.05";"0103"
"01.092.06";"0103"
"01.092.07";"0103"
"01.092.09";"0104"
"01.092.10";"0104"
"01.092.12";"0104"
"01.093";"0104"
"01.093.04";"0104"
"01.093.06";"0104"
"01.094.01";"0104"
"01.094.05";"0105"
"01.094.06";"0105"
"01.094.07";"0105"
"01.094.10";"0105"
"01.094.12";"0106"
"01.094.15";"0106"
"01.095.03";"0106"
"01.095.04";"0106"
"01.095.07";"0106"
"01.095.08";"0107"
"01.097.03";"0107"
"01.097.08";"0107"
"01.098.02";"0107"
"01.100.02";"0107"
"01.100.03";"0107"
"01.100.04";"0108"
"01.100.05";"0108"
"01.100.06";"0108"
"01.100.08";"0108"
"01.100.09";"0108"
"01.100.12";"0108"
"01.100.14";"0108"
"01.100.16";"0108"
"01.100.17";"0108"
"01.101.01";"0108"
"01.101.04";"0109"
"01.101.07";"0109"
"01.101.09";"0109"
"01.101.10";"0109"
"01.101.11";"0109"
"01.102.01";"0110"
"01.102.03";"0110"
"01.102.04";"0110"
"01.102.06";"0110"
"01.102.07";"0110"
"01.102.10";"0110"
"01.103.03";"0110"
"01.103.04";"0110"
"01.103.07";"0110"
"01.104";"0110"
"01.104.01";"0110"
"01.104.02";"0111"
"01.104.03";"0111"
"01.104.04";"0111"
"01.104.05";"0111"
"01.104.07";"0111"
"01.104.08";"0112"
"01.104.09";"0112"
"01.105";"0112"
"01.105.01";"0112"
"01.105.02";"0112"
"01.105.04";"0112"
"01.105.05";"0112"
"01.105.08";"0112"
"01.105.15";"0112"
"01.105.16";"0112"
"01.105.18";"0113"
"01.106.04";"0113"
"01.106.05";"0113"
"01.108.02";"0113"
"01.108.04";"0113"
"01.108.06";"0113"
"01.108.07";"0113"
"01.109.01";"0113"
"01.109.02";"0113"
"01.109.03";"0113"
"01.109.04";"0114"
"01.109.05";"0114"
"01.109.07";"0114"
"01.110.02";"0114"
"01.110.06";"0114"
"01.110.07";"0114"
"01.110.08";"0115"
"01.110.09";"0115"
"01.111.03";"0115"
"01.111.04";"0115"
"01.112.01";"0115"
"01.112.02";"0115"
"01.112.03";"0115"
"01.112.06";"0115"
"01.112.07";"0115"
"01.112.09";"0115"
"01.112.10";"0115"
"01.112.14";"0115"
"01.112.16";"0115"
"01.112.17";"0115"
"01.112.18";"0116"
"01.112.19";"0116"
"01.112.21";"0116"
"01.112.23";"0116"
"01.112.24";"0116"
"01.113";"0117"
"01.113.02";"0117"
"01.113.03";"0117"
"01.113.04";"0117"
"01.113.05";"0117"
"01.113.09";"0117"
"01.113.10";"0117"
"01.113.13";"0118"
"01.113.14";"0118"
"01.113.16";"0118"
"01.113.17";"0118"
"01.113.18";"0118"
"01.114.01";"0119"
"01.114.02";"0119"
"01.114.03";"0119"
"01.114.04";"0119"
"01.114.05";"0119"
"01.114.06";"0119"
"01.114.08";"0119"
"01.114.10";"0119"
"01.115.02";"0119"
"01.115.04";"0119"
"01.115.05";"0119"
"01.116.01";"0120"
"01.116.02";"0120"
"01.116.03";"0120"
"01.116.04";"0120"
"01.116.06";"0120"
"01.116.09";"0120"
"01.116.10";"0120"
"01.116.11";"0121"
"01.116.13";"0121"
"01.116.16";"0121"
"01.116.18";"0121"
"01.116.24";"0122"
"01.117.01";"0122"
"01.117.02";"0122"
"01.117.04";"0122"
"01.117.05";"0122"
"01.117.07";"0122"
"01.117.08";"0122"
"01.117.10";"0122"
"01.117.11";"0122"
"01.117.12";"0122"
"01.117.14";"0122"
"01.117.15";"0122"
"01.117.18";"0125"
"01.117.20";"0125"
"01.117.21";"0125"
"01.117.22";"0125"
"01.117.24";"0125"
"01.118.07";"0125"
"01.118.08";"0125"
"01.118.11";"0125"
"01.119.01";"0125"
"01.119.02";"0125"
"01.119.03";"0125"
"01.119.04";"0125"
"01.119.06";"0126"
"01.119.08";"0126"
"01.119.10";"0127"
"01.120";"0127"
"01.120.01";"0128"
"01.120.02";"0128"
"01.120.03";"0128"
"01.120.04";"0128"
"01.120.05";"0128"
"01.120.06";"0129"
"01.120.07";"0129"
"01.120.08";"0129"
"01.120.09";"0129"
"01.120.10";"0129"
"01.120.11";"0129, 0429"
"01.120.12";"0129, 0130"
"01.121.01";"0130"
"01.121.02";"0131"
"01.121.03";"0131"
"01.121.04";"0131"
"01.121.05";"0131"
"01.121.06";"0132"
"01.121.07";"0132, 0429"
"01.121.08";"0133"
"01.121.10";"0133"
"01.121.11";"0133"
"01.121.12";"0133"
"01.121.13";"0133"
"01.121.14";"0134"
"01.121.15";"0134"
"01.122.01";"0134"
"01.122.02";"0135"
"01.122.03";"0135"
"01.122.04";"0135"
"01.122.05";"0135"
"01.122.06";"0136"
"01.122.07";"0136"
"01.122.08";"0136"
"01.122.09";"0137"
"01.122.10";"0137"
"01.122.11";"0137"
"01.122.12";"0137"
"01.122.13";"0138"
"01.122.14";"0138"
"01.122.15";"0138"
"01.123.01";"0138"
"01.123.04";"0139"
"01.123.05";"0139"
"01.123.07";"0139"
"01.123.10";"0139"
"01.123.11";"0139"
"01.124.01";"0139"
"01.124.04";"0139"
"01.124.05";"0139"
"01.124.07";"0139"
"01.124.08";"0139"
"01.124.10";"0140"
"01.124.11";"0140"
"01.124.12";"0140"
"01.124.13";"0140"
"01.125";"0140"
"01.125.01";"0140, 0429"
"01.125.02";"0141, 0429"
"01.126";"0141"
"01.126.02";"0141"
"01.126.04";"0141"
"01.126.05";"0141"
"01.126.06";"0141"
"01.126.07";"0141"
"01.127.01";"0141"
"01.127.02";"0142"
"01.127.03";"0142, 0429"
"01.127.04";"0143"
"01.127.05";"0143, 0430"
"01.127.06";"0143"
"01.127.07";"0143"
"01.127.08";"0144"
"01.127.09";"0144"
"01.127.10";"0144"
"01.127.11";"0144"
"01.128.02";"0144"
"01.128.04";"0144"
"01.128.05";"0144"
"01.128.06";"0144"
"01.128.07";"0145"
"01.128.08";"0145"
"01.129.01";"0145"
"01.129.02";"0145"
"01.129.03";"0145"
"01.129.04";"0145"
"01.129.05";"0145"
"01.129.06";"0146"
"01.129.07";"0146"
"01.129.08";"0146"
"01.129.09";"0146"
"01.129.10";"0146"
"01.129.11";"0146"
"01.130.01";"0146"
"01.130.02";"0146"
"01.130.03";"0146"
"01.130.04";"0146"
"01.130.05";"0146"
"01.130.06";"0147"
"01.130.08";"0147"
"01.130.09";"0147"
"01.130.10";"0147"
"01.131.03";"0148"
"01.131.05";"0148"
"01.131.06";"0148"
"01.131.07";"0148"
"01.132.01";"0148"
"01.132.02";"0148"
"01.132.03";"0148"
"01.132.05";"0149"
"01.132.06";"0149"
"01.133";"0149"
"01.133.01";"0149"
"01.133.02";"0149"
"01.133.03";"0149"
"01.133.04";"0149"
"01.133.06";"0149"
"01.133.07";"0150"
"01.134.01";"0150"
"01.134.02";"0150"
"01.134.03";"0150"
"01.134.05";"0150"
"01.134.06";"0150"
"01.135";"0151"
"01.135.01";"0151"
"01.135.02";"0151, 0430"
"01.135.04";"0151"
"01.135.05";"0151"
"01.135.08";"0151"
"01.135.09";"0152"
"01.136.03";"0152"
"01.137.03";"0152"
"01.138.02";"0153"
"01.138.03";"0153"
"01.138.04";"0153"
"01.139";"0153"
"01.139.01";"0153"
"01.139.02";"0153"
"01.139.04";"0153"
"01.139.05";"0153"
"01.139.06";"0153"
"01.139.07";"0153"
"01.139.08";"0153"
"01.139.09";"0154"
"01.139.10";"0154"
"01.139.11";"0154"
"01.140.02";"0154"
"01.140.03";"0154"
"01.140.04";"0155"
"01.140.09";"0155"
"01.140.10";"0155"
"01.140.13";"0155"
"01.141.02";"0155"
"01.141.04";"0156"
"01.141.05";"0156"
"01.141.06";"0156"
"01.141.07";"0156"
"01.141.08";"0156"
"01.141.09";"0156"
"01.141.11";"0156"
"01.141.12";"0156"
"01.141.13";"0156"
"01.142.05";"0156"
"01.142.09";"0157"
"01.142.10";"0157"
"01.142.12";"0157"
"01.143.03";"0157"
"01.143.08";"0157"
"01.144.02";"0157"
"01.144.03";"0158"
"01.144.05";"0158"
"01.144.06";"0158"
"01.144.07";"0158"
"01.145.01";"0158"
"01.145.02";"0158"
"01.145.03";"0158"
"01.145.04";"0158"
"01.145.05";"0158"
"01.146.01";"0158"
"01.146.04";"0158"
"01.146.05";"0158"
"01.147.01";"0159"
"01.147.03";"0159"
"01.148.01";"0159"
"01.148.02";"0159"
"01.148.03";"0160"
"01.148.04";"0160"
"01.148.05";"0160"
"01.149.02";"0160"
"01.149.03";"0160"
"01.149.04";"0160"
"01.149.05";"0160"
"01.150.01";"0160"
"01.150.02";"0160"
"01.151.01";"0160"
"01.151.02";"0161"
"01.151.03";"0161"
"01.151.04";"0161"
"01.151.05";"0161"
"01.151.06";"0161"
"01.151.08";"0161"
"01.151.09";"0161"
"01.152.01";"0162"
"01.152.02";"0162"
"01.152.03";"0162"
"01.152.06";"0162"
"01.153.01";"0162"
"01.153.02";"0162"
"01.153.03";"0163"
"01.153.04";"0163"
"01.154.01";"0163"
"01.154.03";"0163, 0430"
"01.154.06";"0163"
"01.155.01";"0163"
"01.155.02";"0163"
"01.155.03";"0163"
"01.155.05";"0163"
"01.155.06";"0163"
"01.156.03";"0163"
"01.156.04";"0163"
"01.157.01";"0163"
"01.157.03";"0163"
"01.157.05";"0163"
"01.157.06";"0163"
"01.158.01";"0163"
"01.158.02";"0163"
"01.158.03";"0164"
"01.158.04";"0164"
"01.158.05";"0164"
"01.158.06";"0164"
"01.159.02";"0164"
"01.159.03";"0164"
"01.160.01";"0164"
"01.160.02";"0164"
"01.160.04";"0164"
"01.161.04";"0165"
"01.161.06";"0165"
"01.161.07";"0165"
"01.161.08";"0165"
"01.161.09";"0165"
"01.161.14";"0165"
"01.162";"0165"
"01.162.01";"0165"
"01.162.03";"0165"
"01.162.05";"0166"
"01.162.07";"0166"
"01.162.10";"0166"
"01.162.13";"0167, 0430"
"01.162.14";"0167"
"01.162.15";"0167"
"01.162.16";"0167"
"01.162.17";"0167"
"01.162.18";"0167"
"01.162.19";"0167"
"01.162.20";"0168"
"01.162.21";"0168"
"01.162.22";"0168"
"01.163.02";"0168"
"01.163.03";"0168"
"01.163.05";"0168"
"01.163.07";"0168"
"01.163.09";"0169"
"01.163.10";"0169"
"01.163.12";"0169"
"01.163.13";"0169"
"01.164";"0169"
"01.164.01";"0169"
"01.164.03";"0169"
"01.164.06";"0169"
"01.164.07";"0169"
"01.164.08";"0170"
"01.164.09";"0170"
"01.164.10";"0170"
"01.164.12";"0170"
"01.164.13";"0170"
"01.164.14";"0170"
"01.164.15";"0170"
"01.164.16";"0170"
"01.164.17";"0170"
"01.164.23";"0171"
"01.164.24";"0171"
"01.164.26";"0171"
"01.164.27";"0171"
"01.164.28";"0171"
"01.164.29";"0171"
"01.164.30";"0171"
"01.164.35";"0171"
"01.164.36";"0171"
"01.164.38";"0172"
"01.164.40";"0172"
"01.164.41";"0172"
"01.164.43";"0172"
"01.164.44";"0172"
"01.164.45";"0172"
"01.164.48";"0172"
"01.165";"0172, 0430"
"01.165.01";"0173"
"01.165.02";"0173"
"01.165.03";"0173"
"01.165.04";"0173"
"01.165.05";"0173"
"01.165.06";"0173"
"01.165.07";"0173"
"01.165.08";"0174"
"01.165.09";"0174"
"01.165.10";"0174"
"01.165.12";"0174"
"01.165.13";"0174"
"01.165.14";"0174"
"01.165.15";"0176"
"01.166.01";"0177"
"01.166.03";"0177"
"01.166.06";"0177"
"01.166.07";"0178"
"01.166.09";"0178"
"01.166.11";"0178"
"01.166.13";"0178"
"01.166.14";"0178"
"01.167.01";"0179"
"01.167.02";"0179"
"01.167.03";"0179"
"01.167.04";"0179"
"01.167.05";"0179"
"01.167.06";"0179"
"01.167.07";"0179"
"01.167.08";"0180"
"01.167.10";"0180"
"01.168.01";"0180"
"01.168.02";"0180"
"01.168.03";"0180"
"01.168.04";"0180"
"01.168.05";"0180"
"01.168.06";"0180"
"01.168.07";"0180"
"01.168.09";"0181"
"01.169.01";"0181"
"01.169.02";"0181"
"01.169.03";"0181"
"01.169.04";"0181"
"01.169.05";"0182"
"01.169.06";"0182"
"01.169.07";"0182"
"01.169.08";"0182"
"01.170";"0182"
"01.170.01";"0182"
"01.170.03";"0182"
"01.170.04";"0182"
"01.170.05";"0183"
"01.171";"0183"
"01.171.01";"0183"
"01.171.03";"0183"
"01.171.04";"0183"
"01.171.06";"0183"
"01.172.01";"0183"
"01.172.03";"0183"
"01.173.01";"0183"
"01.173.02";"0183"
"01.173.03";"0183"
"01.173.04";"0183"
"01.173.05";"0184"
"01.173.06";"0184"
"01.173.07";"0184"
"01.173.08";"0184"
"01.173.09";"0184"
"01.173.10";"0185"
"01.173.11";"0185"
"01.173.12";"0185"
"01.173.13";"0185"
"01.174.01";"0185"
"01.174.02";"0185"
"01.174.03";"0185"
"01.174.04";"0186"
"01.174.05";"0186"
"01.174.06";"0186"
"01.174.07";"0186"
"01.174.08";"0186"
"01.174.09";"0187"
"01.174.10";"0187"
"01.175.01";"0187"
"01.175.04";"0187"
"01.175.06";"0187"
"01.176.01";"0187"
"01.176.02";"0187"
"01.176.03";"0187"
"01.176.04";"0187"
"01.176.06";"0188"
"01.177.03";"0188"
"01.177.05";"0188"
"01.178.01";"0189"
"01.178.02";"0189"
"01.178.05";"0189"
"01.179";"0189, 0430"
"01.179.01";"0189"
"01.179.04";"0189"
"01.180.02";"0190"
"01.180.03";"0191"
"01.180.04";"0191"
"01.180.05";"0191"
"01.180.06";"0192"
"01.180.07";"0192"
"01.180.08";"0192"
"01.180.09";"0192"
"01.180.10";"0192"
"01.181.01";"0192"
"01.181.02";"0192"
"01.181.05";"0192"
"01.181.07";"0192"
"01.181.08";"0192"
"01.181.09";"0193"
"01.182.01";"0193"
"01.182.02";"0193"
"01.182.03";"0193"
"01.182.05";"0193"
"01.182.06";"0193"
"01.183.05";"0193"
"01.184.01";"0193"
"01.184.02";"0193"
"01.184.03";"0193"
"01.184.05";"0194"
"01.185.01";"0194"
"01.185.09";"0194"
"01.185.11";"0194"
"01.186";"0194"
"01.186.01";"0194"
"01.186.02";"0194"
"01.186.03";"0194"
"01.186.04";"0194"
"01.186.05";"0195"
"01.186.06";"0195"
"01.186.07";"0195"
"01.186.08";"0195"
"01.186.09";"0195"
"01.186.10";"0195"
"01.186.11";"0195"
"01.187.01";"0196"
"01.187.05";"0196, 0430"
"01.187.06";"0196"
"01.187.07";"0196, 0430"
"01.187.08";"0196"
"01.187.10";"0196"
"01.187.11";"0196"
"01.188.07";"0196"
"01.189.02";"0196"
"01.189.03";"0196"
"01.189.06";"0197"
"01.189.07";"0197"
"01.190.02";"0197"
"01.190.03";"0197"
"01.190.04";"0198"
"01.190.06";"0198"
"01.190.07";"0198"
"01.191";"0198"
"01.191.01";"0198"
"01.191.02";"0199"
"01.191.03";"0199"
"01.191.04";"0199"
"01.191.05";"0199"
"01.191.06";"0199"
"01.191.07";"0199"
"01.191.09";"0199"
"01.191.10";"0199"
"01.191.12";"0199"
"01.191.13";"0199"
"01.191.14";"0199"
"01.191.16";"0199"
"02.001.01";"0200"
"02.001.02";"0200"
"02.001.04";"0200"
"02.001.05";"0200"
"02.001.07";"0201"
"02.001.09";"0201"
"02.001.10";"0201"
"02.001.14";"0201"
"02.001.16";"0201"
"02.002.01";"0201"
"02.002.02";"0201"
"02.002.03";"0201"
"02.002.04";"0201"
"02.002.06";"0202"
"02.002.07";"0202"
"02.002.09";"0202"
"02.002.11";"0203"
"02.002.12";"0203"
"02.003.03";"0203"
"02.003.04";"0203"
"02.003.05";"0203"
"02.003.06";"0203"
"02.003.07";"0203"
"02.003.08";"0203"
"02.004";"0203"
"02.004.01";"0203"
"02.004.02";"0203"
"02.004.03";"0203"
"02.004.04";"0203"
"02.004.05";"0204"
"02.004.06";"0204"
"02.004.07";"0204"
"02.004.08";"0204"
"02.004.09";"0204"
"02.005.07";"0204"
"02.006.02";"0204"
"02.006.04";"0204"
"02.006.05";"0204"
"02.006.07";"0204"
"02.006.08";"0204"
"02.008.05";"0204"
"02.009";"0205"
"02.009.01";"0205"
"02.009.02";"0205"
"02.009.03";"0205"
"02.009.04";"0205"
"02.009.05";"0205"
"02.010";"0205"
"02.010.02";"0205"
"02.010.03";"0205"
"02.010.06";"0205"
"02.011";"0205"
"02.011.02";"0206"
"02.011.03";"0206"
"02.011.04";"0206"
"02.011.05";"0206"
"02.011.06";"0206"
"02.011.07";"0206"
"02.011.08";"0207"
"02.011.12";"0207"
"02.011.13";"0207"
"02.011.14";"0207"
"02.011.15";"0207"
"02.011.16";"0207"
"02.011.17";"0208"
"02.011.19";"0208"
"02.011.20";"0208"
"02.011.21";"0208"
"02.012.03";"0208"
"02.012.04";"0209"
"02.012.05";"0209"
"02.012.06";"0209"
"02.012.07";"0209"
"02.012.08";"0209"
"02.012.15";"0209"
"02.013.01";"0209"
"02.013.02";"0210"
"02.013.03";"0210"
"02.013.04";"0210"
"02.013.05";"0211"
"02.013.07";"0211"
"02.013.08";"0211"
"02.013.09";"0211"
"02.013.10";"0211"
"02.013.11";"0212"
"02.013.12";"0212"
"02.013.13";"0212"
"02.014.02";"0212"
"02.014.03";"0212"
"02.014.04";"0212"
"02.014.05";"0212"
"02.014.10";"0212"
"02.014.11";"0212"
"02.015.02";"0212"
"02.015.03";"0212"
"02.015.07";"0212"
"02.015.09";"0212"
"02.016.04";"0212"
"02.016.07";"0213"
"02.017.01";"0213"
"02.017.03";"0213"
"02.017.04";"0213"
"02.017.05";"0213"
"02.017.06";"0213"
"02.017.08";"0214"
"02.018.01";"0214"
"02.018.02";"0214"
"02.018.03";"0214"
"02.018.04";"0214"
"02.018.05";"0214"
"02.018.06";"0214"
"02.018.07";"0214"
"02.018.08";"0214"
"02.019";"0214"
"02.019.01";"0214"
"02.019.02";"0215"
"02.019.03";"0215"
"02.019.04";"0215"
"02.019.05";"0215"
"02.019.07";"0217"
"02.019.08";"0217"
"02.020";"0217"
"02.020.01";"0217"
"02.020.02";"0217"
"02.020.04";"0217"
"02.020.05";"0217"
"02.020.08";"0217"
"02.021.02";"0217"
"02.021.03";"0217"
"02.022";"0217"
"02.022.03";"0218"
"02.022.04";"0218"
"02.023.02";"0218"
"02.023.07";"0218"
"02.023.08";"0218"
"02.023.09";"0218"
"02.023.12";"0218"
"02.023.13";"0218"
"02.023.14";"0218"
"02.023.15";"0218"
"02.023.16";"0218, 0430"
"02.023.17";"0219"
"02.023.19";"0219"
"02.024.02";"0219"
"02.024.04";"0219"
"02.024.06";"0220"
"02.024.07";"0220"
"02.024.09";"0220"
"02.024.11";"0220"
"02.024.13";"0221"
"02.024.14";"0221"
"02.025.02";"0221"
"02.025.03";"0221"
"02.026.02";"0221"
"02.026.04";"0221"
"02.027";"0221"
"02.027.01";"0221"
"02.027.02";"0221"
"02.027.03";"0221"
"02.027.04";"0221"
"02.027.06";"0221"
"02.027.10";"0221"
"02.027.13";"0221"
"02.027.14";"0221"
"02.027.15";"0221"
"02.027.16";"0221"
"02.028.05";"0221"
"02.028.06";"0221"
"02.028.07";"0221"
"02.028.09";"0221"
"02.029.01";"0221"
"02.029.02";"0221"
"02.029.04";"0222"
"02.029.05";"0222"
"02.029.06";"0222"
"02.030.01";"0223"
"02.030.02";"0223"
"02.030.04";"0223"
"02.030.05";"0223"
"02.030.06";"0223"
"02.030.07";"0223"
"02.030.09";"0223"
"02.031";"0223"
"02.031.03";"0224"
"02.031.04";"0224"
"02.031.05";"0224"
"02.031.06";"0224"
"02.031.07";"0225"
"02.032";"0225"
"02.032.01";"0225"
"02.032.02";"0225"
"02.032.04";"0225"
"02.033.01";"0225"
"02.033.05";"0430"
"02.033.06";"0226"
"02.033.08";"0226"
"02.033.09";"0226"
"02.033.10";"0226"
"02.033.12";"0226"
"02.033.15";"0227"
"02.034.01";"0227"
"02.034.02";"0227"
"02.034.03";"0227"
"02.034.04";"0228"
"02.034.05";"0228"
"02.034.06";"0228"
"02.034.07";"0228"
"02.034.10";"0228"
"02.034.11";"0229"
"02.034.12";"0229"
"02.034.13";"0229"
"02.034.14";"0229"
"02.035.01";"0229"
"02.035.02";"0229"
"02.035.05";"0229"
"02.035.06";"0230"
"02.035.07";"0230"
"02.035.13";"0230"
"02.035.14";"0230"
"02.035.15";"0230"
"02.036";"0230"
"02.036.01";"0230"
"02.036.02";"0230"
"02.036.03";"0230"
"02.036.04";"0230"
"02.037";"0230"
"02.037.04";"0230"
"02.038.02";"0231"
"02.038.03";"0231"
"02.038.04";"0231"
"02.038.05";"0231"
"02.038.06";"0231"
"02.038.07";"0231"
"02.038.08";"0232"
"02.038.09";"0233"
"02.038.10";"0233"
"02.039.02";"0233"
"02.039.03";"0233"
"02.039.04";"0233"
"02.039.05";"0234"
"02.039.06";"0234"
"02.039.07";"0234"
"02.040.01";"0234"
"02.040.02";"0234"
"02.040.03";"0234"
"02.041";"0234"
"02.041.03";"0234"
"02.041.05";"0235"
"02.041.06";"0235"
"02.041.18";"0235"
"02.041.19";"0235"
"02.042";"0235"
"02.042.01";"0235"
"02.043";"0235"
"02.043.02";"0235"
"02.043.03";"0235"
"03.001.01";"0235"
"03.001.03";"0236"
"03.001.04";"0236"
"03.001.09";"0236"
"03.001.10";"0237"
"03.001.11";"0237"
"03.001.12";"0237"
"03.001.15";"0237"
"03.001.16";"0237"
"03.001.18";"0237"
"03.002.01";"0238"
"03.002.03";"0238"
"03.002.04";"0238"
"03.002.05";"0238"
"03.002.06";"0238"
"03.002.09";"0238"
"03.002.13";"0238"
"03.002.14";"0238"
"03.002.15";"0238"
"03.003.03";"0238"
"03.003.04";"0238"
"03.003.05";"0238"
"03.003.06";"0239"
"03.003.07";"0239"
"03.003.11";"0239"
"03.004.01";"0239"
"03.004.02";"0239"
"03.004.04";"0239"
"03.004.05";"0239"
"03.005.02";"0239"
"03.005.03";"0239"
"03.005.05";"0239"
"03.005.06";"0239"
"03.005.09";"0239"
"03.005.10";"0239"
"03.006.01";"0240"
"03.006.04";"0240, 0430"
"03.006.06";"0240"
"03.006.07";"0240"
"03.006.08";"0240"
"03.006.10";"0240"
"03.007.01";"0241"
"03.007.04";"0241"
"03.007.05";"0241"
"03.007.06";"0241"
"03.007.10";"0241"
"03.008";"0241"
"03.008.03";"0241"
"03.008.05";"0241"
"03.008.06";"0241"
"03.008.07";"0241"
"03.008.08";"0242"
"03.008.09";"0242"
"03.009.01";"0242"
"03.009.02";"0242"
"03.009.06";"0242"
"03.009.07";"0242"
"03.009.08";"0242"
"03.010";"0242"
"03.010.01";"0242"
"03.010.03";"0242"
"03.010.04";"0242"
"03.011.03";"0242"
"03.011.06";"0242"
"03.012.05";"0242"
"03.013.01";"0242"
"03.013.03";"0242"
"03.013.06";"0242"
"03.014.01";"0242"
"03.014.02";"0242"
"03.014.03";"0242"
"03.014.04";"0243"
"03.014.05";"0243"
"03.014.07";"0243"
"03.015.02";"0243"
"03.015.04";"0243"
"03.016.01";"0243"
"03.016.02";"0243, 0430"
"03.016.04";"0243"
"03.016.06";"0243"
"03.017.01";"0244"
"03.017.03";"0244"
"03.018.01";"0244"
"03.018.03";"0244"
"03.018.05";"0244"
"03.019.01";"0244"
"03.019.02";"0244"
"03.019.03";"0244"
"03.019.05";"0244"
"03.020.01";"0244"
"03.020.03";"0244"
"03.020.04";"0244"
"03.020.05";"0245"
"03.021";"0245"
"02.021.01";"0245"
"03.022";"0245"
"03.022.01";"0245"
"03.023.01";"0246"
"03.023.04";"0246"
"03.024.02";"0247"
"03.025.03";"0247"
"03.026";"0247"
"03.026.01";"0247"
"03.026.02";"0247"
"03.026.06";"0248"
"03.027";"0248"
"03.027.02";"0248"
"03.027.09";"0248"
"03.027.11";"0248"
"03.028";"0248"
"03.028.03";"0248"
"03.028.03";"0248"
"03.029";"0248"
"03.029.03";"0249"
"03.029.06";"0249"
"03.029.08";"0249"
"03.029.11";"0249"
"03.029.13";"0249"
"03.029.15";"0249"
"03.029.16";"0249"
"03.030.01";"0249"
"03.030.03";"0250"
"03.030.04";"0250"
"03.030.05";"0250"
"03.030.06";"0250"
"03.030.07";"0250"
"03.030.08";"0250"
"03.030.11";"0251"
"03.030.13";"0251"
"03.030.15";"0251"
"03.030.17";"0251"
"03.030.18";"0251"
"03.030.20";"0251"
"03.030.21";"0251"
"03.031.01";"0251, 0430"
"03.031.02";"0251, 0430"
"03.031.03";"0251"
"03.031.04";"0253"
"03.031.06";"0253"
"03.031.10";"0253"
"03.031.11";"0253"
"03.031.13";"0254"
"03.031.14";"0254"
"03.031.15";"0254"
"03.031.16";"0254"
"03.031.17";"0254"
"03.031.19";"0255"
"03.031.20";"0255"
"03.031.21";"0255"
"03.032.01";"0255"
"03.032.04";"0255"
"03.032.05";"0255"
"03.032.06";"0255"
"03.032.07";"0256"
"03.032.09";"0256"
"03.032.11";"0256"
"03.032.12";"0256"
"03.032.13";"0256"
"03.032.14";"0256, 0430"
"03.033.02";"0256"
"03.033.05";"0256"
"03.033.06";"0256"
"03.033.08";"0257"
"03.033.10";"0257"
"03.033.13";"0257"
"03.034.01";"0257"
"03.034.02";"0257"
"03.034.03";"0258"
"03.034.05";"0258"
"03.034.06";"0258"
"03.034.08";"0258"
"03.034.09";"0258"
"03.035.01";"0258"
"03.035.02";"0258"
"03.035.07";"0258"
"03.036.01";"0258"
"03.036.03";"0259"
"03.036.06";"0259"
"03.036.07";"0259"
"03.036.08";"0259"
"03.036.10";"0259"
"03.037.04";"0259"
"03.037.10";"0259"
"03.038";"0259"
"03.038.01";"0259"
"03.038.02";"0259"
"03.038.03";"0260"
"03.038.05";"0260"
"03.038.06";"0260"
"03.038.07";"0260"
"03.038.08";"0260"
"03.038.09";"0260"
"03.038.10";"0261"
"03.039.01";"0261"
"03.039.03";"0261"
"03.039.06";"0261"
"03.039.07";"0261"
"03.040";"0261"
"03.040.03";"0262"
"03.040.07";"0262"
"03.041";"0262"
"03.041.06";"0262"
"03.041.09";"0262"
"03.042";"0262"
"03.042.01";"0262"
"03.043.02";"0262"
"03.043.05";"0262"
"03.043.06";"0262"
"03.044.05";"0262"
"03.045.01";"0263"
"03.045.02";"0263"
"03.045.03";"0263"
"03.045.05";"0263"
"03.046.02";"0263"
"03.047.03";"0263"
"03.047.04";"0263"
"03.048.01";"0263"
"03.048.03";"0263"
"03.048.04";"0263"
"03.049.01";"0264"
"03.049.02";"0264"
"03.049.04";"0264"
"03.050.02";"0264"
"03.051";"0264"
"03.051.01";"0264"
"03.051.03";"0264"
"03.051.04";"0264"
"03.051.06";"0264"
"03.051.09";"0264"
"03.051.10";"0264"
"03.052";"0264"
"03.052.03";"0264"
"03.052.06";"0264"
"03.052.08";"0265"
"03.053";"0265"
"03.053.04";"0265"
"03.053.05";"0266, 0430"
"03.053.08";"0266"
"03.053.16";"0266"
"03.053.17";"0266"
"03.053.19";"0266"
"03.053.20";"0266"
"03.053.22";"0266"
"03.053.23";"0266, 0430"
"03.053.24";"0267"
"03.054.02";"0268"
"03.054.04";"0268"
"03.054.06";"0268"
"03.054.07";"0268"
"03.054.08";"0268"
"03.054.14";"0268"
"03.054.16";"0268"
"03.054.17";"0268"
"03.054.19";"0268"
"03.054.22";"0268"
"03.055.01";"0268"
"03.055.02";"0269"
"03.055.03";"0269"
"03.055.06";"0269"
"03.055.08";"0269"
"03.055.09";"0269"
"03.055.11";"0269"
"03.055.12";"0269"
"03.055.13";"0269"
"03.055.16";"0269"
"03.055.17";"0269"
"03.055.21";"0269"
"03.056.01";"0269"
"03.056.02";"0269"
"03.056.03";"0269"
"03.056.04";"0270"
"03.056.05";"0270"
"03.056.06";"0270"
"03.056.08";"0270"
"03.057.01";"0270"
"03.057.02";"0270"
"03.057.03";"0270"
"03.057.04";"0270"
"03.057.05";"0270"
"03.057.06";"0270"
"03.058";"0270"
"03.058.01";"0271"
"03.058.02";"0271"
"03.058.04";"0272"
"03.058.07";"0272"
"03.059";"0272"
"03.059.01";"0272"
"03.059.02";"0272"
"03.059.03";"0272"
"03.059.04";"0272"
"03.059.09";"0272"
"03.060.01";"0272"
"03.060.06";"0272"
"03.060.07";"0272"
"03.061.04";"0272"
"03.061.05";"0273"
"03.061.07";"0273"
"03.062.01";"0273"
"03.062.06";"0274"
"03.062.07";"0274"
"03.062.10";"0274"
"03.062.11";"0274"
"03.062.15";"0274"
"03.062.16";"0274"
"04.001.01";"0274"
"04.001.02";"0274"
"04.001.03";"0275"
"04.001.06";"0275"
"04.001.07";"0275"
"04.001.08";"0275"
"04.001.09";"0275"
"04.001.10";"0275"
"04.001.12";"0275"
"04.001.14";"0275"
"04.001.15";"0275"
"04.001.16";"0275"
"04.001.19";"0275"
"04.001.20";"0276"
"04.002.01";"0276"
"04.002.02";"0276"
"04.002.03";"0276"
"04.002.04";"0276"
"04.002.06";"0276"
"04.002.07";"0276"
"04.002.08";"0276"
"04.002.09";"0277"
"04.002.10";"0277"
"04.002.11";"0277"
"04.002.12";"0277"
"04.002.14";"0277"
"04.002.15";"0277"
"04.002.16";"0277"
"04.002.17";"0278"
"04.002.18";"0278"
"04.002.19";"0279"
"04.003.02";"0279"
"04.003.04";"0279"
"04.003.05";"0279"
"04.003.06";"0279"
"04.003.07";"0279"
"04.003.08";"0280"
"04.003.09";"0280"
"04.003.10";"0280"
"04.003.11";"0280"
"04.003.12";"0280"
"04.003.13";"0280"
"04.003.14";"0281"
"04.003.16";"0281"
"04.004.01";"0281"
"04.004.04";"0281"
"04.004.06";"0281"
"04.004.08";"0282"
"04.004.09";"0282"
"04.004.10";"0282"
"04.004.11";"0430"
"04.004.12";"0282"
"04.004.13";"0282"
"04.004.14";"0282"
"04.004.15";"0282"
"04.005.01";"0282"
"04.005.02";"0282"
"04.005.06";"0283"
"04.005.07";"0283"
"04.005.08";"0283"
"04.005.10";"0283"
"04.005.11";"0283"
"04.005.12";"0283"
"04.005.14";"0284"
"04.006.01";"0284"
"04.006.02";"0284"
"04.006.03";"0285"
"04.006.04";"0285"
"04.006.09";"0285"
"04.006.10";"0285"
"04.006.11";"0285"
"04.007.01";"0285"
"04.007.03";"0285"
"04.007.06";"0285"
"04.007.07";"0285"
"04.007.09";"0285"
"04.007.11";"0285"
"04.008.02";"0286"
"04.008.06";"0286"
"04.008.08";"0286"
"04.009.02";"0287"
"04.009.04";"0287"
"04.009.05";"0287"
"04.010";"0287"
"04.010.01";"0287"
"04.010.04";"0287"
"04.010.05";"0287"
"04.010.06";"0287"
"04.010.07";"0287"
"04.010.08";"0287"
"04.011.01";"0287"
"04.011.03";"0287"
"04.011.06";"0287"
"04.012.01";"0288"
"04.012.03";"0288"
"04.012.04";"0288"
"04.012.05";"0288"
"04.013.04";"0288"
"04.013.05";"0288, 0430"
"04.015";"0288"
"04.015.07";"0289"
"04.015.09";"0289"
"04.015.10";"0289"
"04.016.01";"0289"
"04.016.03";"0289"
"04.016.04";"0289"
"04.016.07";"0289"
"04.016.08";"0289"
"04.016.09";"0289"
"04.016.11";"0289"
"04.016.12";"0290"
"04.016.13";"0290"
"04.016.15";"0290"
"04.016.17";"0290"
"04.016.18";"0290"
"04.016.19";"0290"
"04.016.20";"0290"
"04.016.21";"0290"
"04.017.01";"0290"
"04.017.02";"0290"
"04.017.05";"0290"
"04.017.06";"0291"
"04.017.11";"0291"
"04.017.12";"0291"
"04.017.14";"0291, 0430"
"04.017.15";"0291"
"04.017.16";"0292"
"04.017.17";"0292"
"04.017.18";"0292"
"04.017.19";"0292"
"04.018";"0292, 0430"
"04.018.02";"0293"
"04.018.03";"0293"
"04.018.04";"0293"
"04.018.05";"0293"
"04.018.07";"0293"
"04.018.08";"0293"
"04.018.09";"0293"
"04.018.10";"0294"
"04.018.12";"0294"
"04.019.01";"0294"
"04.019.02";"0294"
"04.019.04";"0294, 0431"
"04.019.05";"0294"
"04.019.06";"0295"
"04.019.07";"0295"
"04.019.08";"0295"
"04.019.09";"0295"
"04.020.01";"0295"
"04.020.03";"0295"
"04.020.04";"0296"
"04.020.05";"0296"
"04.020.06";"0296"
"04.020.08";"0296"
"04.020.09";"0296"
"04.020.10";"0296"
"04.021.01";"0296"
"04.021.02";"0298"
"04.021.05";"0298"
"04.021.06";"0298"
"04.021.07";"0298"
"04.021.08";"0298"
"04.021.10";"0298"
"04.022.02";"0298"
"04.022.03";"0299"
"04.022.04";"0299"
"04.022.06";"0299"
"04.022.07";"0299"
"04.022.08";"0299"
"04.022.09";"0299"
"04.022.10";"0299"
"04.023.01";"0299"
"04.023.03";"0299"
"04.023.06";"0299"
"04.023.07";"0299, 0431"
"04.024.02";"0300"
"04.024.03";"0300"
"04.024.04";"0300"
"04.024.05";"0300"
"04.024.06";"0300"
"04.024.08";"0300, 0431"
"04.024.09";"0301, 0431"
"04.024.10";"0301"
"04.025.01";"0301"
"04.025.02";"0301"
"04.025.03";"0302"
"04.025.04";"0302"
"04.025.06";"0302"
"04.025.07";"0302"
"04.026.01";"0302"
"04.026.03";"0302"
"04.026.04";"0302"
"04.026.06";"0302"
"04.026.07";"0302"
"04.027";"0302"
"04.027.01";"0303"
"04.027.02";"0304"
"04.027.03";"0304"
"04.027.04";"0304"
"04.027.05";"0305"
"04.028.02";"0305"
"04.028.03";"0305"
"04.028.05";"0306"
"04.029.03";"0306"
"04.029.05";"0306"
"04.030";"0306"
"04.030.02";"0306"
"04.030.03";"0306"
"04.030.06";"0306"
"04.030.09";"0306"
"04.030.11";"0306"
"04.030.14";"0306"
"04.030.15";"0306"
"04.030.20";"0306"
"04.030.23";"0306"
"04.031";"0307"
"04.031.02";"0307"
"04.031.03";"0307"
"04.031.04";"0307"
"04.031.05";"0307"
"04.031.11";"0307"
"04.031.13";"0307"
"04.032";"0307"
"04.032.03";"0307"
"04.032.04";"0307"
"04.032.10";"0307"
"04.032.14";"0307"
"04.032.15";"0307"
"04.032.16";"0307"
"04.032.17";"0307"
"04.032.19";"0307"
"04.032.22";"0307"
"04.032.23";"0307"
"04.032.24";"0307"
"04.033.01";"0307"
"04.033.02";"0307"
"04.033.03";"0308"
"04.033.04";"0308"
"04.033.05";"0308"
"04.033.10";"0308, 0432"
"04.033.11";"0308"
"04.034.01";"0308"
"04.034.02";"0308"
"04.034.03";"0309"
"04.034.04";"0309"
"04.034.06";"0309"
"04.034.07";"0309"
"04.034.09";"0309"
"04.035.04";"0309"
"04.035.05";"0309"
"04.036.02";"0309"
"04.036.06";"0309"
"04.037";"0309"
"04.037.02";"0310"
"04.037.03";"0310"
"04.037.04";"0310"
"04.037.07";"0310"
"04.037.08";"0310"
"04.038";"0310"
"04.038.01";"0310"
"04.038.02";"0311"
"04.038.03";"0311"
"04.038.04";"0311"
"04.038.05";"0312"
"04.038.06";"0312"
"04.038.07";"0312"
"04.038.08";"0312"
"04.038.09";"0312"
"04.039.02";"0312"
"04.039.03";"0312"
"04.039.04";"0312"
"04.039.05";"0312"
"04.040.02";"0312"
"04.040.03";"0313"
"04.040.04";"0313"
"04.040.05";"0313"
"04.041.02";"0313"
"04.041.03";"0313"
"04.041.05";"0313"
"04.041.06";"0313"
"04.041.08";"0313"
"04.041.10";"0313"
"04.041.11";"0313"
"04.042";"0313"
"04.042.01";"0314"
"04.042.02";"0315"
"04.042.03";"0315"
"04.042.04";"0315"
"04.042.05";"0315"
"04.042.07";"0315"
"04.042.08";"0315"
"04.042.09";"0315"
"04.042.10";"0315"
"04.043.04";"0315"
"04.043.05";"0315"
"04.043.06";"0315"
"04.044.03";"0315"
"04.044.05";"0316"
"04.045.02";"0316"
"04.045.03";"0316"
"04.045.04";"0316"
"04.045.05";"0316"
"04.045.06";"0316"
"04.046.01";"0317"
"04.047.02";"0317"
"04.048";"0317"
"04.048.01";"0317"
"04.048.02";"0317"
"04.048.03";"0317"
"04.048.05";"0317"
"04.049.03";"0317"
"04.049.04";"0317"
"04.050";"0317"
"04.050.02";"0317"
"04.050.11";"0318"
"04.051.02";"0318"
"04.051.11";"0318"
"04.052.04";"0319"
"04.053.01";"0319"
"04.054.03";"0319"
"04.054.04";"0319"
"04.054.05";"0319"
"04.054.06";"0319"
"04.055";"0319"
"04.055.01";"0319"
"04.055.02";"0320"
"04.055.03";"0320"
"04.055.04";"0320"
"04.055.05";"0320"
"04.055.06";"0320"
"04.055.08";"0320"
"04.056";"0320"
"04.056.01";"0320"
"04.056.04";"0320"
"04.056.05";"0320"
"04.056.06";"0321"
"04.057";"0321"
"04.057.05";"0322"
"04.057.08";"0322"
"04.058";"0322"
"04.058.01";"0322"
"04.058.06";"0322"
"04.058.07";"0322"
"04.058.08";"0322"
"04.058.09";"0322"
"04.058.10";"0322"
"05.001.01";"0322"
"05.001.03";"0323"
"05.001.06";"0323"
"05.001.08";"0323"
"05.001.09";"0323"
"05.001.12";"0323"
"05.002";"0323"
"05.002.01";"0324"
"05.002.02";"0325"
"05.002.03";"0325"
"05.002.04";"0325"
"05.002.05";"0325"
"05.002.06";"0325"
"05.002.07";"0326"
"05.002.08";"0326"
"05.003.02";"0326"
"05.003.04";"0326"
"05.003.05";"0326"
"05.003.06";"0326"
"05.003.07";"0326"
"05.003.09";"0326"
"05.003.10";"0327"
"05.003.12";"0327"
"05.004.02";"0327"
"05.004.06";"0327"
"05.004.07";"0327"
"05.004.09";"0327"
"05.004.11";"0327"
"05.005.05";"0327"
"05.005.07";"0327"
"05.005.09";"0327"
"05.006";"0327"
"05.006.03";"0327"
"05.006.04";"0327"
"05.006.05";"0327"
"05.006.06";"0327"
"05.006.07";"0327"
"05.006.08";"0327"
"05.006.09";"0327"
"05.006.10";"0327"
"05.007.01";"0328"
"05.007.03";"0328"
"05.007.05";"0328"
"05.007.06";"0328"
"05.007.07";"0328"
"05.007.08";"0329"
"05.007.09";"0329"
"05.007.10";"0329"
"05.008.01";"0330"
"05.008.02";"0330"
"05.008.03";"0330"
"05.008.04";"0330"
"05.009.02";"0330"
"05.009.03";"0330"
"05.009.04";"0330"
"05.009.05";"0330"
"05.009.06";"0330"
"05.010.01";"0330"
"05.010.02";"0330"
"05.010.03";"0330"
"05.010.04";"0330"
"05.010.05";"0330"
"05.010.06";"0330"
"05.011.03";"0330"
"05.011.05";"0330"
"05.012.03";"0330"
"05.012.04";"0331"
"05.012.06";"0331"
"05.013.06";"0331"
"05.015.02";"0331"
"05.015.04";"0331"
"05.015.05";"0332"
"05.016.02";"0332"
"05.016.03";"0332"
"05.016.04";"0332"
"05.016.05";"0332"
"05.017.01";"0332"
"05.017.02";"0332"
"05.017.03";"0332"
"05.017.05";"0333"
"05.018.02";"0333"
"05.018.03";"0333"
"05.018.04";"0333"
"05.018.05";"0333"
"05.019";"0333"
"05.019.01";"0333"
"05.019.02";"0333"
"05.019.03";"0333"
"05.019.04";"0333"
"05.019.05";"0334"
"05.020.01";"0334"
"05.020.02";"0334"
"05.020.04";"0334"
"05.021.04";"0335"
"05.022.01";"0335"
"05.022.03";"0335"
"05.023.04";"0335"
"05.024";"0335"
"05.024.01";"0335"
"05.024.02";"0336"
"05.024.03";"0336"
"05.025";"0336"
"05.025.01";"0336"
"05.025.03";"0336"
"05.025.07";"0336"
"05.025.08";"0336"
"05.025.09";"0336"
"05.026";"0336"
"05.027";"0336"
"05.027.01";"0336"
"05.027.03";"0336"
"05.027.05";"0337"
"05.027.06";"0337"
"05.028";"0337"
"05.028.01";"0337"
"05.028.02";"0337, 0432"
"05.029.01";"0337"
"05.029.03";"0337"
"05.029.04";"0337"
"05.029.05";"0337"
"05.029.07";"0337"
"05.029.08";"0337"
"05.029.09";"0337"
"05.029.10";"0337"
"05.029.13";"0337"
"05.029.14";"0337"
"05.029.15";"0337"
"05.030.01";"0338"
"05.030.03";"0338"
"05.030.04";"0338"
"05.030.06";"0338"
"05.030.07";"0338"
"05.030.08";"0338"
"05.030.09";"0339"
"05.030.10";"0339"
"05.030.12";"0339"
"05.030.13";"0339"
"05.030.14";"0339"
"05.030.15";"0339"
"05.031.01";"0339"
"05.031.03";"0339"
"05.031.05";"0339"
"05.031.06";"0340"
"05.031.08";"0340"
"05.031.09";"0340"
"05.031.11";"0340"
"05.031.12";"0340"
"05.032.01";"0340"
"05.032.04";"0340"
"05.032.06";"0340"
"05.032.08";"0340, 0432"
"05.032.12";"0341"
"05.033.01";"0341"
"05.033.02";"0341"
"05.033.03";"0342"
"05.033.04";"0342"
"05.033.05";"0343"
"05.033.06";"0343"
"05.033.07";"0343"
"05.033.09";"0344"
"05.033.10";"0344"
"05.034.01";"0344"
"05.034.03";"0344"
"05.034.06";"0344"
"05.034.08";"0344"
"05.034.09";"0344"
"05.035.02";"0345"
"05.035.04";"0345"
"05.035.08";"0345"
"05.036.01";"0345"
"05.036.02";"0345"
"05.036.03";"0345"
"05.036.04";"0345"
"05.036.05";"0345"
"05.037.01";"0345"
"05.037.02";"0345"
"05.037.04";"0345, 0432"
"05.038.03";"0345"
"05.038.05";"0345"
"05.039.01";"0346"
"05.039.04";"0346"
"05.040";"0346, 0432"
"05.040.01";"0347"
"05.040.02";"0347"
"05.040.03";"0347"
"05.040.06";"0347"
"05.040.07";"0347"
"05.040.08";"0347"
"05.041";"0347"
"05.041.01";"0347"
"05.041.02";"0348"
"05.041.03";"0348"
"05.041.05";"0348"
"05.041.06";"0348"
"05.041.07";"0348"
"05.041.08";"0348"
"05.041.09";"0348"
"05.041.10";"0348"
"05.041.11";"0349"
"05.041.12";"0349"
"05.041.13";"0349"
"05.041.14";"0349"
"05.041.15";"0350"
"05.041.16";"0350"
"05.041.17";"0350"
"05.041.19";"0350"
"05.041.20";"0350"
"05.042.04";"0350"
"05.042.09";"0350"
"05.042.11";"0350"
"05.042.13";"0350"
"05.042.15";"0350"
"05.042.16";"0351"
"05.042.17";"0351"
"05.043.01";"0351"
"05.043.02";"0351"
"05.043.04";"0351"
"05.043.06";"0351"
"05.043.07";"0351"
"05.043.08";"0351"
"05.043.10";"0351"
"05.043.12";"0351"
"05.043.13";"0351"
"05.043.14";"0352"
"05.043.15";"0352"
"05.043.16";"0352"
"05.044";"0352"
"05.044.01";"0352"
"05.044.02";"0352"
"05.044.03";"0353"
"05.044.04";"0353"
"05.044.05";"0353"
"05.044.06";"0353"
"05.044.07";"0354"
"05.044.08";"0354"
"05.044.09";"0354"
"05.044.10";"0354"
"05.044.11";"0354"
"05.044.12";"0354"
"05.044.13";"0354"
"05.044.15";"0354"
"05.045";"0354"
"05.045.01";"0354"
"05.045.02";"0354"
"05.045.03";"0355"
"05.045.05";"0355"
"05.045.06";"0355"
"05.045.08";"0355"
"05.045.09";"0355"
"05.045.11";"0355"
"05.046.02";"0355, 0432"
"05.046.03";"0355"
"05.046.04";"0355"
"05.046.08";"0355"
"05.047.01";"0356"
"05.047.03";"0356"
"05.047.06";"0356"
"05.048.01";"0356"
"05.048.02";"0357"
"05.048.03";"0357"
"05.048.04";"0357"
"05.049.01";"0358"
"05.049.03";"0358"
"05.049.05";"0358"
"05.050.01";"0358"
"05.050.02";"0358"
"05.050.03";"0358"
"05.050.04";"0358"
"05.050.05";"0358"
"05.051";"0359"
"05.051.05";"0359"
"05.051.06";"0359"
"05.051.07";"0359"
"05.051.08";"0359"
"05.051.11";"0359"
"05.051.13";"0359"
"05.051.14";"0359"
"05.051.15";"0360"
"05.052.01";"0360"
"05.052.02";"0360"
"05.052.03";"0360"
"05.052.04";"0360"
"05.052.06";"0360"
"05.052.07";"0360"
"05.052.08";"0360"
"05.052.09";"0360"
"05.052.10";"0361"
"05.052.12";"0361"
"05.052.14";"0361"
"05.052.15";"0361"
"05.052.16";"0361"
"05.052.17";"0361"
"05.053";"0361"
"05.053.01";"0361"
"05.053.02";"0361"
"05.053.05";"0361"
"05.053.06";"0362"
"05.053.08";"0362"
"05.053.09";"0362"
"05.053.10";"0362"
"05.053.11";"0362"
"05.053.12";"0362"
"05.053.14";"0362"
"05.054.01";"0362"
"05.054.02";"0362"
"05.054.05";"0362"
"05.054.06";"0362"
"05.054.10";"0363"
"05.054.12";"0363"
"05.054.13";"0363"
"05.054.15";"0363"
"05.055.02";"0363"
"05.055.05";"0363"
"05.056";"0364"
"05.056.01";"0364"
"05.056.03";"0364"
"05.056.05";"0364"
"05.056.09";"0364"
"05.057.01";"0364"
"05.057.02";"0364"
"05.057.05";"0364"
"05.057.08";"0364"
"05.058.01";"0364"
"05.058.02";"0364"
"05.058.05";"0364"
"05.058.06";"0364"
"05.058.07";"0364"
"05.059.01";"0364"
"05.059.02";"0364"
"05.059.03";"0365"
"05.059.05";"0365"
"05.059.06";"0365"
"05.059.07";"0365"
"05.059.08";"0365"
"05.060.02";"0365"
"05.060.05";"0365"
"05.060.06";"0365"
"05.060.08";"0365"
"05.061";"0365"
"05.061.02";"0366"
"05.061.03";"0366"
"05.061.06";"0366"
"05.061.08";"0366"
"05.061.09";"0367"
"05.061.10";"0367"
"05.061.12";"0367"
"05.061.14";"0367"
"05.061.16";"0367"
"05.061.19";"0367"
"05.061.03";"0368"
"05.061.05";"0368"
"05.061.06";"0368"
"05.061.07";"0368"
"05.061.08";"0368"
"05.061.09";"0368"
"05.063.04";"0369"
"05.063.05";"0369"
"05.063.06";"0369"
"05.063.07";"0369"
"05.064.01";"0369"
"05.064.02";"0369"
"05.064.03";"0369"
"05.064.04";"0369"
"05.064.05";"0369"
"05.064.07";"0369"
"05.065.02";"0370"
"05.065.03";"0370"
"05.065.04";"0370"
"05.065.05";"0370"
"05.065.06";"0370"
"05.066.01";"0370"
"05.066.02";"0370"
"05.066.03";"0371"
"05.066.04";"0371"
"05.066.05";"0371"
"05.066.06";"0372"
"05.067.01";"0372"
"05.067.02";"0372"
"05.067.03";"0372"
"05.067.05";"0372"
"05.068.04";"0372"
"05.068.05";"0372"
"05.069.01";"0372"
"05.069.02";"0372"
"05.070.01";"0372"
"05.072";"0372"
"05.072.01";"0372"
"05.073.01";"0372"
"05.073.03";"0373"
"05.073.04";"0373"
"05.073.05";"0373"
"05.073.08";"0373"
"05.073.09";"0373"
"05.074.01";"0373"
"05.074.02";"0373"
"05.074.03";"0373"
"05.074.04";"0373"
"05.074.06";"0374"
"05.074.07";"0374"
"05.074.08";"0374"
"05.075.02";"0374"
"05.075.07";"0374"
"05.075.09";"0376"
"05.076.02";"0376"
"05.076.04";"0376"
"05.077.02";"0376"
"05.078";"0376"
"05.078.05";"0376"
"05.079.01";"0376"
"05.079.05";"0376"
"05.080.05";"0377"
"05.080.06";"0377"
"05.082";"0377"
"05.082.01";"0377"
"05.082.04";"0378"
"05.083";"0378"
"05.083.03";"0378"
"05.083.06";"0378"
"05.083.09";"0378"
"05.083.10";"0378"
"05.084";"0378"
"05.084.01";"0378"
"05.084.02";"0378"
"05.085.05";"0379"
"05.085.08";"0379"
"05.086";"0379"
"05.086.01";"0379"
"05.086.03";"0379"
"05.086.04";"0380"
"05.086.05";"0380"
"05.086.06";"0380"
"05.087";"0380"
"05.087.01";"0380"
"05.087.02";"0381"
"05.087.03";"0381"
"05.087.04";"0381"
"05.087.05";"0381"
"05.087.07";"0381"
"05.087.08";"0381"
"05.087.09";"0381"
"06.001.01";"0381"
"06.001.02";"0381"
"06.001.03";"0381"
"06.001.06";"0382"
"06.001.08";"0382"
"06.001.09";"0382"
"06.001.13";"0382"
"06.002.04";"0382"
"06.002.05";"0382"
"06.002.07";"0382"
"06.002.08";"0382"
"06.002.09";"0382"
"06.002.11";"0382"
"06.003.01";"0382"
"06.003.02";"0382"
"06.003.06";"0383"
"06.003.07";"0383"
"06.003.08";"0383"
"06.004.03";"0383"
"06.004.04";"0383"
"06.004.05";"0383"
"06.004.06";"0384"
"06.004.07";"0384"
"06.004.08";"0384"
"06.005.02";"0384"
"06.005.05";"0384"
"06.005.06";"0384"
"06.005.07";"0384"
"06.006.04";"0384"
"06.007.01";"0384"
"06.007.04";"0384"
"06.008.03";"0384"
"06.008.05";"0384"
"06.008.07";"0384"
"06.009";"0385"
"06.009.01";"0385"
"06.009.02";"0385"
"06.009.03";"0385"
"06.009.04";"0385"
"06.009.05";"0385"
"06.009.06";"0385"
"06.010.01";"0385"
"06.010.02";"0385"
"06.010.03";"0385"
"06.010.04";"0385"
"06.010.05";"0385"
"06.010.07";"0385"
"06.011.01";"0386"
"06.011.02";"0386"
"06.011.03";"0386"
"06.011.04";"0386"
"06.012.01";"0386"
"06.012.02";"0386"
"06.012.03";"0386"
"06.012.04";"0386"
"06.012.05";"0387"
"06.012.06";"0387"
"06.013.01";"0387"
"06.013.02";"0387"
"06.013.03";"0387"
"06.013.04";"0387"
"06.013.05";"0387"
"06.013.06";"0387"
"06.014.01";"0388"
"06.014.02";"0388"
"06.014.03";"0388"
"06.014.05";"0388"
"06.015";"0388"
"06.015.01";"0388"
"06.015.03";"0388"
"06.015.04";"0388"
"06.015.05";"0388"
"06.015.08";"0388"
"06.015.09";"0388"
"06.015.12";"0388"
"06.015.13";"0388"
"06.015.14";"0388"
"06.015.15";"0388"
"06.015.18";"0388"
"06.015.19";"0388"
"06.016";"0389"
"06.016.01";"0389"
"06.016.02";"0389"
"06.016.07";"0389"
"06.016.08";"0389"
"06.016.17";"0389"
"06.016.18";"0389"
"06.016.22";"0389"
"06.016.23";"0389"
"06.016.26";"0389"
"06.016.27";"0389"
"06.016.35";"0389"
"06.016.36";"0389"
"06.016.40";"0389"
"06.016.42";"0389"
"06.016.44";"0389"
"06.016.46";"0389"
"06.016.48";"0389"
"06.017.01";"0389"
"06.017.03";"0390"
"06.017.07";"0390"
"06.017.08";"0390"
"06.017.10";"0390"
"06.017.12";"0390"
"06.017.14";"0390"
"06.017.15";"0390"
"06.018.03";"0390"
"06.018.05";"0390"
"06.018.06";"0391"
"06.018.07";"0391"
"06.018.08";"0391"
"06.018.09";"0391"
"06.018.10";"0391"
"06.018.12";"0391"
"06.018.13";"0391"
"06.019.01";"0391"
"06.019.02";"0391"
"06.019.03";"0391"
"06.019.04";"0391"
"06.019.05";"0391"
"06.019.07";"0391"
"06.019.10";"0391"
"06.019.12";"0391"
"06.019.13";"0391"
"06.020";"0391"
"06.020.01";"0392"
"06.020.02";"0392"
"06.020.03";"0392"
"06.020.04";"0392"
"06.020.06";"0392"
"06.020.07";"0392"
"06.020.10";"0392"
"06.020.11";"0392"
"06.020.13";"0392"
"06.021";"0392"
"06.021.02";"0392"
"06.021.05";"0392"
"06.021.06";"0392"
"06.021.07";"0392"
"06.021.08";"0393"
"06.021.09";"0393"
"06.021.11";"0393"
"06.021.12";"0393"
"06.022.03";"0393"
"06.022.04";"0393"
"06.022.05";"0393"
"06.022.06";"0393"
"06.022.07";"0393"
"06.022.10";"0394"
"06.022.11";"0394"
"06.023.02";"0394"
"06.023.03";"0394"
"06.023.05";"0394"
"06.023.06";"0394"
"06.023.07";"0394"
"06.023.08";"0394"
"06.023.09";"0394"
"06.024.01";"0394"
"06.024.02";"0394"
"06.024.03";"0394"
"06.024.04";"0395"
"06.024.05";"0395"
"06.024.06";"0395"
"06.024.07";"0395"
"06.024.08";"0395"
"06.024.09";"0395"
"06.024.10";"0395"
"06.025.01";"0396"
"06.025.02";"0396"
"06.025.03";"0396"
"06.025.04";"0396"
"06.025.06";"0396"
"06.025.07";"0396"
"06.025.09";"0396"
"06.026.01";"0396"
"06.026.02";"0396"
"06.026.03";"0396"
"06.026.04";"0396"
"06.026.05";"0396"
"06.026.07";"0396"
"06.026.08";"0396"
"06.027.01";"0396"
"06.027.02";"0396"
"06.027.03";"0397"
"06.027.05";"0397"
"06.027.06";"0397"
"06.027.08";"0397"
"06.028.02";"0397"
"06.028.03";"0398"
"06.028.04";"0398"
"06.028.05";"0399"
"06.028.06";"0399"
"06.028.07";"0399"
"06.028.08";"0399"
"06.029.01";"0399"
"06.029.02";"0399"
"06.029.04";"0399"
"06.029.05";"0399"
"06.029.06";"0399"
"06.030.01";"0399"
"06.030.02";"0399"
"06.030.04";"0399"
"06.030.05";"0399"
"06.031.01";"0400"
"06.031.02";"0400"
"06.031.03";"0400"
"06.031.04";"0400"
"06.031.05";"0401"
"06.032.02";"0401"
"06.032.04";"0401"
"06.032.05";"0401"
"06.033.01";"0401"
"06.033.02";"0401"
"06.033.03";"0401"
"06.033.04";"0402"
"06.033.05";"0402"
"06.034.01";"0402"
"06.034.02";"0402"
"06.034.04";"0402"
"06.035.02";"0403"
"06.035.03";"0403"
"06.035.04";"0403"
"06.035.05";"0403"
"06.036.01";"0404"
"06.036.02";"0404"
"06.036.04";"0404"
"06.036.05";"0404"
"06.037.01";"0404"
"06.037.02";"0404"
"06.037.03";"0404"
"06.037.04";"0404"
"06.038.01";"0404"
"06.038.02";"0404"
"06.038.04";"0405"
"06.039.01";"0405"
"06.039.02";"0405"
"06.039.05";"0405"
"06.040.01";"0406"
"06.040.02";"0406"
"06.041.05";"0406"
"06.042.02";"0406"
"06.042.04";"0406"
"06.043.03";"0406"
"06.044";"0406"
"06.044.02";"0406"
"06.044.04";"0406"
"06.044.06";"0406"
"06.044.07";"0407"
"06.044.08";"0407"
"06.044.09";"0407"
"06.044.10";"0407"
"06.044.12";"0407"
"06.044.15";"0407"
"06.044.16";"0407"
"06.044.17";"0407"
"06.044.18";"0407"
"06.044.21";"0407"
"06.044.22";"0407"
"06.044.23";"0407"
"06.044.24";"0407"
"06.045";"0407"
"06.045.07";"0408"
"06.045.08";"0408"
"06.045.09";"0408"
"06.045.10";"0408"
"06.045.16";"0408"
"06.045.19";"0408"
"06.045.22";"0408"
"06.045.27";"0408"
"06.045.29";"0408"
"06.045.31";"0408"
"06.045.33";"0408"
"06.046";"0408"
"06.046.01";"0408"
"06.046.02";"0408"
"06.046.04";"0408"
"06.046.05";"0408"
"06.046.08";"0408"
"06.046.09";"0408"
"06.046.10";"0408"
"06.046.11";"0408"
"06.046.12";"0408"
"06.046.14";"0408"
"06.047";"0408"
"06.047.02";"0409"
"06.047.05";"0409"
"06.047.09";"0409"
"06.047.10";"0409"
"06.047.13";"0409"
"06.047.16";"0409"
"06.047.17";"0409"
"06.047.19";"0409"
"06.047.21";"0410"
"06.047.22";"0410"
"06.047.23";"0410"
"06.047.24";"0410"
"06.047.28";"0410"
"06.047.29";"0410"
"06.047.31";"0410"
"06.048";"0410"
"06.048.02";"0410"
"06.048.04";"0410"
"06.048.06";"0410"
"06.048.08";"0410"
"06.048.12";"0410"
"06.048.13";"0410"
"06.048.16";"0410"
"06.048.17";"0410"
"06.048.18";"0411"
"06.048.21";"0411"
"06.049.03";"0411"
"06.049.06";"0411"
"06.049.08";"0412"
"06.049.12";"0413"
"06.049.13";"0413"
"06.049.15";"0413"
"06.050.01";"0413"
"06.050.03";"0413"
"06.050.09";"0413"
"06.050.10";"0413"
"06.050.11";"0414"
"06.050.13";"0414"
"06.050.15";"0414"
"06.051";"0414"
"06.051.02";"0415"
"06.051.04";"0415"
"06.051.05";"0415"
"06.051.06";"0415"
"06.051.10";"0415"
"06.051.11";"0415"
"06.051.12";"0415"
"06.051.15";"0415"
"06.052";"0415"
"06.052.02";"0415"
"06.052.05";"0415"
"06.052.14";"0415"
"06.052.15";"0415"
"06.053.01";"0416"
"06.053.05";"0416"
"06.053.06";"0416"
"06.053.07";"0416"
"06.053.08";"0416"
"06.054.05";"0416"
"06.054.06";"0416"
"06.054.10";"0416"
"06.055.01";"0416"
"06.055.03";"0416"
"06.055.06";"0416"
"06.056.05";"0416"
"06.057.04";"0416"
"06.058.01";"0416"
"06.058.02";"0416"
"06.058.03";"0416"
"06.059";"0416"
"06.059.01";"0416"
"06.059.02";"0416"
"06.059.03";"0416"
"06.059.04";"0416"
"06.059.06";"0416"
"06.060";"0417"
"06.060.01";"0417"
"06.060.04";"0417"
"06.060.11";"0417"
"06.060.13";"0417"
"06.060.14";"0417"
"06.061";"0417"
"06.061.01";"0417"
"06.061.03";"0418"
"06.061.10";"0418"
"06.061.13";"0418"
"06.062.01";"0418"
"06.062.02";"0418"
"06.062.03";"0418"
"06.062.07";"0419"
"06.062.08";"0419"
"06.062.09";"0419"
"06.062.10";"0420"
"06.063";"0420"
"06.063.01";"0420"
"06.063.02";"0420"
"06.063.03";"0420"
"06.063.04";"0420"
"06.063.06";"0420"
"06.063.07";"0420"
"06.063.08";"0420"
"06.063.09";"0420"
"06.063.10";"0421"
"06.063.11";"0421"
"06.064.01";"0421"
"06.064.02";"0421"
"06.064.03";"0421"
"06.064.04";"0421"
"06.065.03";"0421"
"06.065.05";"0421"
"06.066";"0421"
"06.066.01";"0421"
"06.066.02";"0421"
"06.066.03";"0421"
"06.066.04";"0422"
"06.066.05";"0423"
"06.066.06";"0423"
"06.066.09";"0423"
"06.066.11";"0423"
"06.067.01";"0424"
"06.067.02";"0424"
"06.067.03";"0424"
"06.067.04";"0424"
"06.067.06";"0424"
"06.067.07";"0425"
"06.067.08";"0425"
"06.067.09";"0425"
"06.067.10";"0425"
"06.067.11";"0425"
"06.068";"0425"
"06.068.01";"0426"
"06.068.02";"0426"
"06.068.04";"0426"
"06.068.05";"0426"
"06.068.07";"0426"
"06.068.08";"0426"
"06.069.04";"0426"
"06.071";"0426"
"06.071.02";"0426"
"06.071.03";"0426"
"06.071.05";"0427"
"06.071.06";"0427"
"06.072.02";"0427"
"06.072.03";"0427"
"06.073.01";"0427"
"06.073.02";"0427"
"06.073.03";"0427"
"06.074";"0427"
"06.074.01";"0427"
"06.075";"0427"
"06.075.03";"0427"
"06.075.04";"0427"
"06.075.05";"0427"
"06.075.07";"0428"
"06.075.08";"0428"
"06.075.09";"0428"
"06.075.10";"0428"
"06.075.14";"0428"
"06.075.17";"0428"
"06.075.18";"0428"
"06.075.19";"0428"
