"07.035";"n48"
"01.048";"n48, 424"
"01.048.01";"n48"
"01.048.02";"n48"
"01.048.03";"n48"
"01.048.04";"2"
"01.048.05";"2"
"01.048.08";"3"
"01.048.09";"3"
"01.048.10";"3"
"01.048.11";"3, 426"
"01.048.13";"3"
"01.048.14";"3"
"01.048.15";"3"
"01.049.01";"3"
"01.049.02";"4"
"01.049.03";"4"
"01.049.04";"4"
"01.092.01";"4"
"01.092.02";"4"
"01.092.03";"4, 426"
"01.092.04";"4"
"01.092.05";"4"
"01.092.06";"4"
"01.092.07";"4"
"01.092.08";"4, 426"
"01.092.09";"6"
"01.092.10";"6, 426"
"01.092.11";"7"
"01.092.12";"7"
"01.092.13";"7"
"01.092.17";"7"
"01.092.18";"7"
"01.113.01";"7"
"01.113.02";"8"
"01.113.03";"8"
"01.113.05";"8"
"01.113.06";"8, 426"
"01.113.08";"8, 426"
"01.113.09";"9"
"01.113.10";"9, 426"
"01.113.11";"9"
"01.113.12";"9"
"01.113.13";"9"
"01.113.15";"9"
"01.113.16";"9"
"01.113.17";"9"
"01.113.18";"9"
"01.113.19";"10"
"01.123.01";"10"
"01.123.02";"10"
"01.123.03";"10"
"01.123.04";"10"
"01.123.05";"10, 426"
"01.123.06";"10"
"01.123.07";"11"
"01.123.08";"11, 426"
"01.123.09";"11"
"01.123.10";"11"
"01.123.11";"12"
"01.124.01";"12"
"01.124.04";"12, 426"
"01.124.05";"13"
"01.124.06";"13"
"01.124.07";"13"
"01.124.08";"14"
"01.124.09";"14, 426"
"01.124.10";"14"
"01.124.12";"14"
"01.124.13";"14"
"03.061.01";"14"
"03.061.03";"14"
"03.061.04";"14, 427"
"03.061.06";"15"
"03.061.07";"15"
"04.051.01";"15"
"04.051.02";"15"
"04.051.03";"15, 427"
"04.051.04";"15"
"04.051.06";"15, 427"
"04.051.07";"15, 427"
"04.051.08";"15"
"04.051.10";"15"
"04.051.11";"16"
"04.052.02";"16"
"04.052.04";"16"
"04.052.05";"16"
"04.052.07";"16"
"05.079";"16"
"05.079.01";"16"
"05.079.02";"16"
"05.079.04";"16"
"05.079.05";"16, 427"
"05.079.09";"16"
"05.079.10";"16"
"05.080.03";"17"
"05.080.05";"17"
"05.080.06";"17"
"06.064.01";"17"
"06.064.02";"17"
"06.064.04";"17"
"06.064.05";"17"
"06.064.06";"17"
"06.065.01";"17"
"06.065.02";"17"
"06.065.03";"18"
"06.065.04";"18"
"06.065.05";"18"
"07.075.01";"18"
"07.075.03";"18"
"07.075.04";"18"
"07.075.05";"18"
"07.075.06";"18"
"07.075.07";"18"
"07.075.08";"18"
"07.076.01";"19"
"07.076.03";"19"
"07.076.04";"19"
"07.076.05";"20"
"07.076.07";"20"
"07.077.01";"20"
"07.077.03";"20, 427"
"07.077.04";"20"
"07.078.01";"20"
"07.078.02";"20"
"07.078.05";"20"
"07.079.01";"20"
"07.079.02";"20"
"07.079.03";"20"
"07.079.04";"20"
"07.080.01";"20"
"07.080.02";"20"
"07.081.01";"21"
"07.081.03";"21"
"07.081.04";"21"
"07.081.05";"21"
"07.081.06";"21"
"10.172.01";"21"
"10.172.03";"21"
"10.172.04";"21, 427"
"01.034.01";"21, 427"
"01.034.02";"22"
"01.034.03";"22"
"01.034.04";"23"
"01.034.05";"23"
"01.034.06";"23"
"01.034.07";"23"
"01.034.08";"23"
"01.034.09";"23"
"01.034.10";"23"
"01.034.11";"23"
"01.034.12";"24"
"01.046.01";"24"
"01.046.02";"24, 427"
"01.046.03";"24"
"01.046.04";"24"
"01.046.05";"25"
"01.046.07";"25"
"01.046.08";"25"
"01.046.09";"25"
"01.046.10";"25"
"01.046.11";"25, 427"
"01.046.12";"25"
"01.046.14";"25"
"01.047.01";"26"
"01.047.03";"26"
"01.047.04";"26"
"01.047.05";"26"
"01.047.06";"26"
"01.047.07";"26"
"01.047.08";"26, 427"
"01.047.10";"26"
"01.112.01";"26"
"01.112.02";"27"
"01.112.03";"27"
"01.112.04";"27"
"01.112.05";"27"
"01.112.06";"27"
"01.112.07";"28"
"01.112.08";"28"
"01.112.09";"28"
"01.112.10";"28"
"01.112.11";"28"
"01.112.12";"28"
"01.112.13";"28"
"01.112.14";"29"
"01.112.15";"29"
"01.112.16";"29"
"01.112.17";"29"
"01.112.18";"30"
"01.112.19";"30"
"01.112.20";"30"
"01.112.21";"30"
"01.112.22";"30"
"01.112.24";"30"
"01.116.01";"30"
"01.116.02";"31"
"01.116.03";"31, 427"
"01.116.04";"31"
"01.116.05";"31"
"01.116.06";"31"
"01.116.07";"31"
"01.116.08";"31"
"01.116.09";"31, 427"
"01.116.10";"32"
"01.116.11";"32"
"01.116.12";"33"
"01.116.13";"33"
"01.116.14";"33"
"01.116.15";"33"
"01.116.16";"34"
"01.116.17";"34"
"01.116.18";"34, 427"
"01.116.19";"34, 427"
"01.116.20";"34"
"01.116.21";"34"
"01.116.22";"35"
"01.116.24";"35"
"01.116.25";"35"
"01.117.01";"35"
"01.117.03";"35"
"01.117.04";"35"
"01.117.05";"35"
"01.117.06";"35"
"01.117.08";"35"
"01.117.10";"35"
"01.117.11";"36"
"01.117.12";"36"
"01.117.13";"36"
"01.117.17";"36"
"01.117.18";"36"
"01.117.19";"36"
"01.117.20";"36"
"01.117.21";"36"
"01.117.22";"36"
"01.117.24";"36"
"01.118.01";"37"
"01.118.02";"37"
"01.118.03";"37"
"01.118.04";"37, 427"
"01.118.05";"37"
"01.118.06";"37"
"01.118.09";"37"
"01.119.01";"37, 427"
"01.119.02";"38"
"01.119.03";"38"
"01.119.04";"38"
"01.119.05";"38"
"01.119.06";"38"
"01.119.07";"38"
"01.119.08";"39"
"01.119.09";"39"
"01.119.10";"39"
"01.120.01";"39"
"01.120.02";"39, 427"
"01.120.03";"39"
"01.120.04";"39, 427"
"01.120.05";"40"
"01.120.06";"41"
"01.120.07";"41"
"01.120.08";"41"
"01.120.09";"41"
"01.120.11";"42"
"01.120.12";"42"
"01.157.01";"42"
"01.157.02";"42"
"01.157.04";"42"
"01.157.06";"43, 428"
"01.158.01";"43"
"01.158.03";"43"
"01.158.05";"43"
"01.158.06";"44"
"01.180.01";"44"
"01.180.02";"44"
"01.180.03";"44"
"01.180.04";"45"
"01.180.05";"45"
"01.180.06";"45"
"01.180.07";"45"
"01.180.08";"46"
"01.180.09";"46"
"01.181.01";"46"
"01.181.04";"46"
"01.181.05";"47, 428"
"01.181.06";"47"
"01.181.07";"47"
"01.181.08";"47"
"01.181.09";"47"
"01.182.01";"47"
"01.182.02";"48"
"01.182.03";"48"
"01.182.04";"48"
"01.182.05";"48"
"01.182.07";"48"
"01.182.08";"48, 428"
"01.183.01";"48"
"01.183.02";"48"
"01.183.03";"48"
"01.183.04";"48, 428"
"01.183.06";"48"
"01.184.01";"48"
"01.184.02";"49, 428"
"01.184.03";"49"
"01.184.04";"49"
"01.184.05";"49"
"02.039.01";"49, 428"
"02.039.02";"49"
"02.039.03";"49"
"02.039.04";"49"
"02.039.06";"50"
"02.039.07";"50"
"03.058.01";"50"
"03.058.02";"50"
"03.058.05";"50"
"03.058.06";"51"
"03.058.08";"51"
"04.043.01";"51"
"04.043.02";"51"
"04.043.03";"51"
"04.043.04";"51"
"04.043.05";"51"
"04.043.06";"51"
"04.043.07";"51"
"04.044.01";"51, 428"
"04.044.02";"52"
"04.044.03";"52"
"04.044.04";"52"
"04.044.05";"52"
"04.044.06";"52"
"04.045.01";"52"
"04.045.03";"52"
"04.045.04";"52"
"04.045.05";"52"
"04.045.06";"52"
"04.045.07";"52"
"05.073.01";"53"
"05.073.02";"53"
"05.073.03";"53"
"05.073.04";"53"
"05.073.05";"53"
"05.073.07";"53"
"05.073.08";"54"
"05.074.01";"54"
"05.074.02";"54"
"05.074.03";"54"
"05.074.04";"54"
"05.074.05";"54"
"05.074.06";"54"
"05.074.08";"54"
"05.074.09";"54"
"05.074.10";"54"
"05.075.01";"55"
"05.075.02";"55"
"05.075.05";"55"
"05.075.06";"55"
"05.075.07";"55"
"05.075.09";"55"
"05.076.01";"55"
"05.076.02";"428"
"05.076.03";"55"
"05.076.04";"55"
"05.077.01";"56"
"05.077.02";"56, 428"
"05.077.04";"57, 428"
"06.062.01";"57"
"06.062.02";"57"
"06.062.03";"57"
"06.062.04";"57"
"06.062.05";"428"
"06.062.06";"57"
"06.062.07";"57"
"06.062.08";"57"
"06.062.09";"57"
"06.062.10";"58"
"06.063.01";"58"
"06.063.02";"58"
"06.063.03";"58"
"06.063.04";"58"
"06.063.05";"58"
"06.063.07";"58"
"06.063.08";"58"
"06.063.09";"58"
"06.063.10";"58"
"06.063.11";"58"
"07.067.01";"58"
"07.067.03";"59"
"07.067.04";"59"
"07.067.05";"59"
"07.067.06";"59"
"07.067.07";"60"
"07.067.08";"60"
"07.067.09";"60"
"07.068.02";"60"
"07.068.04";"60"
"07.068.05";"60"
"07.068.06";"60"
"07.068.07";"60"
"07.068.08";"60"
"07.069.01";"60"
"07.069.02";"60"
"07.069.03";"60"
"07.069.04";"60"
"07.069.06";"61"
"07.069.07";"61"
"07.069.08";"61"
"07.069.09";"61"
"07.070.01";"61"
"07.070.02";"61"
"07.070.03";"61"
"07.070.04";"61"
"07.070.05";"61, 428"
"07.070.06";"61"
"07.070.07";"62"
"07.071.01";"62"
"07.071.02";"62"
"07.071.03";"62"
"07.071.04";"62"
"07.071.05";"62"
"07.072.01";"62"
"07.072.02";"62"
"07.072.03";"62"
"07.072.04";"62"
"07.072.05";"62"
"07.073.02";"63"
"07.073.03";"63"
"07.074.01";"63"
"07.074.02";"63"
"07.074.05";"63"
"07.074.06";"63"
"08.005.01";"63"
"08.005.02";"63"
"08.005.03";"64"
"08.005.04";"64"
"08.005.05";"64"
"08.005.06";"64"
"08.005.07";"64"
"08.005.08";"64"
"08.005.09";"64"
"08.005.11";"64"
"08.005.12";"64"
"08.005.13";"64"
"08.005.14";"64"
"08.005.16";"64"
"08.005.17";"64, 428"
"08.005.19";"64"
"08.005.20";"65"
"08.005.21";"65"
"08.005.22";"65"
"08.005.31";"65"
"08.005.34";"65"
"08.005.35";"65"
"08.005.36";"65"
"08.005.37";"65"
"08.005.38";"66"
"08.008.02";"66"
"08.008.03";"66"
"08.008.05";"66"
"08.008.06";"66"
"08.008.07";"66"
"08.008.08";"66"
"08.008.10";"66"
"08.008.11";"66"
"08.008.12";"66"
"08.008.13";"66"
"08.008.16";"66, 428"
"08.008.17";"66"
"08.008.23";"67"
"08.009.02";"67"
"08.009.03";"67"
"08.009.04";"67"
"08.009.05";"67"
"08.009.06";"67"
"08.009.07";"67"
"08.009.08";"67"
"08.009.09";"67"
"08.009.10";"67"
"08.009.12";"68"
"08.009.13";"68"
"08.009.16";"68"
"08.009.18";"68"
"08.009.19";"68"
"08.009.20";"68"
"08.009.21";"68"
"08.010.01";"68"
"08.010.02";"68"
"08.010.03";"68"
"08.010.04";"69"
"08.010.05";"69"
"08.022.02";"69"
"08.022.04";"69"
"08.022.05";"69"
"08.022.06";"69"
"08.022.10";"69"
"08.022.11";"69"
"08.022.12";"70, 428"
"08.022.13";"70"
"08.022.14";"70"
"08.022.15";"70"
"08.022.17";"70"
"08.022.18";"70"
"08.026";"70"
"08.026.01";"70"
"08.026.02";"70"
"08.026.03";"70"
"08.026.05";"70"
"08.026.07";"70"
"08.026.08";"70"
"08.026.09";"71"
"08.026.10";"71"
"08.026.11";"71"
"08.026.12";"71"
"08.026.13";"71"
"08.026.14";"71"
"08.026.15";"71"
"08.026.16";"71"
"08.026.18";"71"
"08.026.21";"71"
"08.026.23";"71"
"08.026.24";"71"
"08.035";"71"
"08.035.01";"72"
"08.035.03";"72"
"08.035.07";"72"
"08.035.16";"72"
"08.035.17";"72"
"08.035.18";"72"
"08.035.23";"72"
"08.035.24";"72"
"08.073.01";"72"
"08.073.05";"72"
"08.073.09";"72"
"08.073.12";"72"
"08.073.13";"72"
"08.073.16";"72"
"08.073.17";"72"
"08.085.07";"72"
"08.087.01";"72"
"08.087.02";"72"
"08.087.03";"73"
"10.039.01";"73"
"10.039.02";"73"
"10.039.03";"73"
"10.039.04";"73"
"10.039.05";"73"
"10.039.06";"73"
"10.039.07";"73"
"10.039.08";"73"
"10.039.10";"73"
"10.039.11";"73"
"10.039.12";"73"
"10.039.13";"73"
"10.039.14";"74"
"10.040.01";"74"
"10.040.02";"74"
"10.040.03";"74"
"10.040.04";"74"
"10.040.05";"74"
"10.040.06";"74"
"10.040.07";"75"
"10.040.08";"75"
"10.040.09";"75, 428"
"10.040.10";"75, 428"
"10.040.11";"76"
"10.040.12";"76"
"10.040.13";"76"
"10.040.14";"76"
"10.041.01";"76"
"10.041.02";"76"
"10.106";"76"
"10.106.01";"76"
"10.106.02";"77"
"10.106.03";"77"
"10.106.04";"77"
"10.106.05";"77, 428"
"10.106.09";"77"
"10.106.10";"77"
"10.143";"77"
"10.143.01";"78"
"10.143.03";"78"
"10.143.04";"78"
"10.143.06";"78"
"08.057.02";"78"
"08.057.03";"78"
"04.038";"78"
"04.038.01";"79"
"04.038.02";"79"
"04.038.03";"79"
"04.038.04";"79"
"04.038.05";"79"
"04.038.06";"80"
"04.038.07";"80"
"04.038.08";"80"
"04.038.09";"80"
"04.038.10";"80"
"04.039.01";"428"
"04.039.02";"80"
"04.039.03";"80"
"04.039.04";"80"
"04.039.05";"80"
"04.040.01";"81"
"04.040.02";"81"
"04.040.03";"81"
"04.040.04";"81, 428"
"04.040.05";"81, 428"
"07.044.02";"81"
"07.044.03";"82"
"07.044.05";"82"
"04.013.01";"82"
"04.013.02";"82"
"04.013.03";"82"
"04.013.04";"82"
"04.013.05";"82"
"04.014.01";"83"
"04.014.03";"83"
"04.014.05";"83"
"01.024";"83"
"01.024.01";"83"
"01.024.02";"83"
"01.024.03";"83"
"01.024.04";"83"
"01.024.05";"83"
"01.024.06";"83"
"01.024.07";"83, 428"
"01.024.08";"83"
"01.024.09";"84"
"01.024.10";"84, 428"
"01.024.12";"84, 428"
"01.024.13";"84"
"01.024.14";"85"
"01.024.15";"428"
"01.025.01";"85, 428"
"01.025.02";"85"
"01.025.03";"85"
"01.025.04";"85"
"01.025.06";"85"
"01.025.08";"85"
"01.025.09";"85"
"01.025.10";"85"
"01.025.11";"85"
"01.025.15";"85"
"01.025.16";"86"
"01.025.17";"86"
"01.025.18";"86"
"01.025.21";"86"
"02.028.01";"86, 429"
"02.028.02";"86"
"02.028.03";"86"
"02.028.04";"86"
"02.028.05";"86, 429"
"02.028.06";"86"
"02.028.07";"87"
"02.028.09";"87"
"02.028.10";"87"
"02.028.11";"87"
"05.085.01";"87, 429"
"05.085.02";"87"
"05.085.03";"87"
"05.085.04";"87"
"05.085.05";"87"
"05.085.07";"87"
"05.085.08";"88"
"07.086.01";"88"
"07.086.02";"88, 429"
"07.086.03";"88"
"07.086.04";"88"
"07.086.05";"88"
"07.086.06";"89"
"07.086.07";"89"
"07.086.08";"89"
"07.087";"89"
"07.087.01";"89"
"07.087.02";"89"
"07.087.03";"89"
"07.087.04";"89"
"07.087.05";"89"
"07.087.06";"89"
"07.088.01";"90"
"07.088.02";"90"
"07.088.03";"90, 429"
"07.088.04";"90"
"07.088.05";"90"
"07.088.06";"90"
"07.088.07";"90"
"07.089.01";"91"
"07.089.02";"91"
"07.089.03";"91"
"07.089.04";"91"
"07.089.05";"91"
"08.041.01";"91"
"08.041.02";"93"
"08.041.03";"93"
"08.041.04";"93"
"08.041.05";"93"
"08.041.06";"93"
"08.041.07";"93"
"08.041.08";"94"
"08.041.09";"95"
"08.041.10";"95"
"08.042.01";"95"
"08.042.02";"95"
"08.042.03";"95"
"08.042.04";"95"
"03.059.01";"95, 429"
"03.059.02";"95"
"03.059.03";"96"
"03.059.05";"96"
"03.059.06";"96"
"03.059.07";"96"
"03.059.09";"96"
"07.041.01";"96, 429"
"07.041.02";"96"
"07.041.03";"96"
"07.041.06";"96"
"07.041.07";"96"
"01.041.01";"96"
"01.041.02";"96"
"01.041.03";"97"
"01.041.04";"97"
"01.041.05";"97"
"01.041.06";"97"
"01.041.07";"97"
"01.041.08";"97"
"01.041.09";"97, 429"
"01.136.01";"98"
"01.136.02";"98"
"01.136.03";"98"
"01.136.04";"98"
"01.136.05";"99"
"01.136.06";"99"
"01.137.01";"99"
"01.137.02";"99"
"01.137.03";"99"
"01.151.01";"99"
"01.151.02";"101"
"01.151.03";"101"
"01.151.04";"101"
"01.151.05";"101"
"01.151.06";"102"
"01.151.07";"102"
"01.151.08";"102"
"01.151.09";"102"
"01.152.01";"102"
"01.152.02";"102"
"01.152.03";"103"
"01.152.04";"103"
"01.152.05";"103"
"01.152.06";"103"
"01.152.07";"104"
"01.153.01";"104"
"01.153.02";"104"
"01.153.03";"104"
"01.153.04";"105"
"05.062.01";"105"
"05.062.02";"105"
"05.062.04";"106"
"05.062.05";"106"
"05.062.06";"106"
"05.062.07";"106"
"05.062.08";"106"
"05.062.09";"106"
"05.063.01";"106"
"05.063.03";"106"
"05.063.04";"106"
"05.063.05";"106"
"05.063.07";"106"
"05.064.01";"106"
"05.064.03";"107"
"05.064.05";"107, 429"
"05.064.06";"107"
"05.064.07";"107"
"05.065.01";"107"
"05.065.03";"107"
"05.065.05";"107"
"05.066";"108"
"05.066.02";"108"
"05.066.03";"108, 429"
"05.066.04";"108"
"05.066.05";"108"
"05.066.06";"109"
"05.067.01";"109"
"05.067.02";"109"
"05.067.03";"109"
"05.067.05";"109"
"05.068.01";"109"
"05.068.02";"109"
"05.068.03";"109"
"05.068.04";"109"
"05.068.05";"109"
"05.069.01";"109"
"05.069.02";"110, 429"
"05.069.03";"110"
"05.069.04";"110"
"05.070.01";"110"
"05.070.02";"111"
"05.070.03";"111"
"05.070.04";"111"
"05.071.01";"111"
"05.071.02";"111"
"05.072.02";"111"
"06.067.01";"111"
"06.067.02";"112"
"06.067.04";"112"
"06.067.05";"112"
"06.067.06";"112"
"06.067.07";"113"
"06.067.08";"113"
"06.067.09";"113"
"06.067.10";"114"
"06.067.11";"114"
"07.060.01";"114"
"07.060.02";"114"
"07.060.03";"116"
"07.060.04";"116"
"07.060.05";"116"
"07.060.06";"116"
"07.060.07";"116"
"07.060.08";"116"
"07.060.09";"116, 429"
"07.060.10";"116"
"07.060.11";"117"
"07.061.01";"117"
"07.061.02";"117"
"07.061.03";"117"
"07.061.04";"117"
"07.061.05";"117"
"07.061.06";"118"
"07.061.07";"118"
"07.062.01";"118"
"07.062.03";"118, 429"
"07.062.04";"118"
"07.062.05";"118"
"07.063.01";"118"
"07.063.02";"119"
"07.063.03";"119"
"07.063.04";"119"
"07.063.05";"119"
"07.064.01";"119"
"07.064.02";"119"
"07.064.03";"119"
"07.064.04";"119"
"07.064.05";"119"
"07.065.01";"119"
"07.065.02";"119"
"07.065.03";"119"
"07.065.04";"120"
"07.066.01";"120"
"07.066.02";"120"
"07.066.03";"120"
"07.066.04";"120"
"07.066.05";"120"
"07.066.06";"120"
"07.066.08";"120"
"07.066.10";"120"
"07.066.12";"121"
"07.066.13";"121"
"07.066.14";"121"
"07.066.15";"121"
"07.066.16";"121"
"07.066.18";"121"
"08.025.01";"121"
"08.025.02";"121"
"08.025.03";"121"
"08.025.04";"121"
"08.025.05";"121"
"08.025.06";"121"
"08.025.07";"121"
"08.025.09";"121, 429"
"08.025.11";"122"
"08.025.12";"122"
"08.025.13";"122"
"08.025.14";"122"
"08.025.15";"122"
"08.025.16";"122"
"08.025.17";"122"
"08.025.18";"122"
"08.025.19";"122"
"08.025.20";"122"
"08.025.21";"122"
"08.025.22";"122"
"08.025.23";"122"
"08.025.24";"122"
"10.132.01";"122"
"10.132.02";"122"
"10.132.03";"122"
"10.132.04";"123"
"10.132.06";"124"
"10.132.07";"124"
"10.185.01";"124"
"10.185.02";"124"
"10.185.03";"124"
"02.027";"124"
"02.027.01";"124"
"02.027.02";"125"
"02.027.03";"125, 429"
"02.027.04";"125"
"02.027.05";"125"
"02.027.06";"125"
"02.027.08";"125"
"02.027.09";"125"
"02.027.10";"125"
"02.027.11";"125"
"02.027.12";"126"
"02.027.13";"126"
"02.027.14";"126"
"02.027.15";"126"
"02.027.16";"126"
"02.027.17";"126"
"07.051.01";"126"
"08.052.01";"126"
"08.052.02";"126"
"08.052.03";"127"
"08.018.01";"127, 429"
"08.018.02";"127"
"08.018.04";"127"
"08.018.05";"127"
"08.018.07";"127"
"08.018.08";"127"
"08.018.11";"127"
"08.018.13";"127"
"08.018.14";"127"
"08.018.15";"127"
"08.018.18";"127"
"08.018.19";"127"
"08.018.20";"128"
"08.018.22";"128"
"08.047.01";"128"
"08.047.02";"128"
"08.047.04";"128"
"08.047.06";"128"
"08.047.07";"128"
"08.047.08";"128"
"08.047.09";"128"
"08.047.11";"128"
"08.047.12";"128"
"08.047.13";"129"
"08.047.14";"129"
"08.047.15";"129"
"08.047.16";"129"
"08.047.17";"129"
"08.047.18";"129"
"08.067";"129"
"08.067.03";"129"
"08.067.04";"129"
"08.067.05";"129"
"08.067.08";"129"
"08.067.09";"129"
"08.067.11";"129"
"08.067.12";"129"
"08.067.14";"129"
"08.067.17";"129"
"08.067.18";"129"
"08.067.19";"129"
"08.067.20";"130, 429"
"08.067.21";"130"
"01.050";"130"
"01.050.01";"130"
"01.050.03";"130"
"01.050.04";"130"
"01.050.05";"130"
"01.050.06";"130"
"01.050.08";"130"
"01.050.09";"130"
"01.050.10";"130"
"01.050.11";"130"
"01.115.01";"130"
"01.115.02";"131"
"01.115.03";"131"
"01.115.04";"131, 429"
"01.115.05";"132"
"01.115.06";"132"
"10.037.01";"132"
"10.037.02";"132"
"10.037.03";"133"
"10.037.04";"133"
"10.037.05";"133"
"10.037.08";"133"
"10.037.09";"133"
"10.037.10";"133"
"10.037.11";"133"
"10.037.12";"133"
"10.158.02";"133"
"10.158.04";"133"
"10.158.05";"134"
"01.035";"134"
"01.035.02";"134"
"01.035.04";"134"
"01.035.05";"134"
"01.035.06";"134"
"01.035.07";"136"
"01.035.08";"136"
"01.035.09";"136"
"01.035.10";"136"
"01.035.11";"136"
"02.038.01";"136"
"02.038.02";"136"
"02.038.03";"137"
"02.038.04";"137, 429"
"02.038.05";"138"
"02.038.06";"138"
"02.038.07";"138"
"02.038.08";"138"
"02.038.10";"139"
"04.053.01";"139"
"04.053.02";"139"
"04.053.03";"139"
"04.053.04";"140"
"04.053.05";"140"
"04.053.06";"140"
"04.053.07";"140"
"04.054.01";"140"
"04.054.02";"140"
"04.054.03";"140"
"04.054.04";"140"
"04.054.05";"140"
"04.054.06";"140"
"05.081.01";"140"
"05.081.02";"141"
"05.081.03";"141"
"05.081.04";"141"
"05.081.05";"141"
"05.082.01";"141"
"05.082.02";"141"
"05.082.03";"141"
"05.082.05";"141"
"05.082.06";"141"
"05.082.08";"141"
"05.082.09";"141"
"06.071.01";"141, 429"
"06.071.02";"142"
"06.071.03";"142"
"06.071.04";"142"
"06.071.05";"142"
"07.038.01";"142"
"07.038.02";"142"
"07.038.03";"142"
"07.038.04";"142"
"07.038.05";"142"
"07.038.06";"143"
"07.038.07";"143"
"07.038.08";"143"
"07.045.02";"143"
"07.045.03";"143"
"10.139.01";"143"
"10.139.02";"143"
"10.139.03";"143"
"10.139.04";"143"
"10.149.01";"144"
"10.149.02";"144"
"10.149.03";"144"
"10.149.05";"144"
"01.042";"144"
"01.042.01";"144"
"01.042.03";"145"
"01.042.04";"145"
"01.042.07";"145"
"01.042.08";"145"
"01.042.10";"145"
"01.138.01";"145"
"01.138.02";"145"
"01.138.03";"145, 429"
"01.138.04";"146"
"06.053";"146"
"06.053.03";"146"
"06.053.04";"146"
"06.053.06";"146"
"06.053.07";"146"
"06.053.08";"146"
"06.053.10";"146"
"06.054";"146"
"06.054.01";"146"
"06.054.02";"146"
"06.054.03";"146"
"06.054.06";"146"
"06.054.07";"146"
"06.054.09";"146"
"06.054.10";"146"
"06.055";"147"
"06.055.02";"147"
"06.055.04";"147"
"06.055.05";"147, 430"
"06.056";"147"
"06.056.01";"147"
"06.056.03";"148"
"06.056.06";"148"
"06.058.01";"148"
"06.058.02";"148"
"06.058.03";"148"
"06.058.04";"148"
"10.026.01";"149"
"10.026.02";"149"
"10.026.03";"149"
"10.026.04";"149"
"10.026.05";"149"
"10.026.06";"149"
"01.154";"149"
"01.154.01";"149"
"01.154.02";"149"
"01.154.04";"150"
"01.154.05";"150"
"01.154.06";"150"
"01.155.01";"151"
"01.155.02";"151"
"01.155.03";"151"
"01.155.05";"151"
"01.155.06";"151"
"01.156.01";"152"
"01.156.02";"152"
"01.156.03";"152"
"01.156.04";"152"
"07.099.01";"152"
"07.099.02";"152"
"07.099.03";"152"
"07.099.04";"152"
"07.099.05";"152"
"07.100.01";"153"
"07.100.02";"153"
"07.100.03";"153"
"07.100.04";"153"
"07.100.06";"153, 430"
"10.081";"154"
"10.081.01";"154"
"10.081.02";"154"
"10.081.03";"154"
"10.081.04";"154"
"10.081.05";"155"
"10.081.07";"155"
"10.082";"155"
"10.082.01";"155"
"10.082.02";"155"
"10.082.03";"156"
"10.082.04";"156"
"10.082.05";"157"
"10.082.06";"157"
"10.082.07";"157"
"10.123";"157"
"10.123.01";"157"
"10.123.02";"158"
"10.123.03";"158"
"10.123.04";"158"
"10.123.05";"158"
"10.123.06";"158"
"10.123.07";"158"
"10.123.08";"158"
"10.170.01";"158"
"10.170.02";"158"
"10.170.03";"158"
"10.178";"158"
"10.178.03";"158"
"10.189";"159"
"10.189.01";"159"
"10.189.02";"159"
"10.189.03";"159"
"01.020.01";"159"
"01.020.02";"159"
"01.020.03";"159"
"01.020.04";"160"
"01.020.05";"160"
"01.020.06";"163, 430"
"01.020.07";"163"
"01.110.01";"164"
"01.110.02";"164"
"01.110.03";"164"
"01.110.04";"164"
"01.110.06";"164"
"01.110.07";"164"
"01.110.08";"164"
"01.111";"165"
"01.111.01";"165"
"01.111.04";"165"
"03.060.01";"165"
"03.060.02";"165, 430"
"03.060.05";"165"
"03.060.06";"165"
"04.033.01";"165"
"04.033.02";"166"
"04.033.03";"166"
"04.033.04";"166"
"04.033.05";"166"
"04.033.06";"166"
"04.033.07";"167"
"04.033.09";"167"
"04.033.10";"167"
"04.033.11";"167"
"04.034.01";"167"
"04.034.02";"167"
"04.034.03";"167"
"04.034.04";"168"
"04.034.05";"168"
"04.034.06";"168"
"04.034.07";"168"
"04.034.08";"168"
"04.034.09";"168"
"04.034.10";"168"
"04.034.11";"168"
"04.035.01";"168"
"04.035.04";"168"
"04.035.06";"168"
"04.035.07";"168"
"04.036";"168"
"04.036.01";"168"
"04.036.02";"168"
"04.036.03";"168"
"04.036.04";"168"
"04.036.05";"168"
"04.036.06";"168"
"04.036.07";"168"
"04.036.08";"168"
"04.036.09";"169"
"04.037.01";"169"
"04.037.02";"169"
"04.037.03";"169"
"04.037.04";"169"
"04.037.05";"169"
"04.037.06";"169"
"04.037.07";"169"
"04.037.08";"170"
"07.048.01";"170"
"07.048.02";"170"
"07.048.03";"170"
"01.159";"170"
"01.159.01";"170"
"01.159.02";"170"
"01.159.03";"171"
"01.159.04";"171"
"01.160.01";"171"
"01.160.02";"171"
"01.160.04";"171"
"01.185.01";"172, 430"
"01.185.02";"172"
"01.185.03";"172"
"01.185.04";"172"
"01.185.05";"172"
"01.185.06";"173"
"01.185.08";"173"
"01.185.09";"173"
"01.185.10";"173"
"04.056.01";"173"
"04.056.02";"173"
"04.056.03";"173"
"04.056.04";"173"
"04.056.05";"174"
"04.056.06";"174"
"04.056.07";"174"
"06.070.01";"174"
"06.070.02";"174"
"06.070.03";"174"
"06.070.04";"174"
"06.070.16";"174"
"07.053.01";"175"
"07.053.02";"175"
"05.084";"175"
"05.084.02";"175"
"05.084.03";"175"
"06.061";"175"
"06.061.01";"175, 430"
"06.061.02";"176"
"06.061.03";"176"
"06.061.05";"176"
"06.061.07";"176"
"06.061.09";"176"
"06.061.10";"176"
"06.061.11";"176"
"06.061.12";"176"
"06.061.15";"176"
"06.061.14";"177"
"07.047";"177"
"07.047.01";"177"
"07.047.02";"177"
"07.047.03";"177, 430"
"07.047.04";"177"
"07.049";"177"
"07.049.01";"177, 430"
"07.049.02";"178"
"07.049.03";"178"
"07.049.04";"178"
"07.095.01";"178"
"07.095.02";"179"
"07.095.03";"179"
"07.095.04";"179"
"07.095.05";"179"
"07.095.06";"179"
"07.096.01";"180"
"07.096.02";"180"
"07.096.03";"180"
"07.096.04";"180"
"07.096.05";"180"
"07.096.06";"180"
"10.009.01";"180"
"10.009.02";"180"
"10.009.03";"180"
"10.009.09";"180"
"02.035.01";"180"
"02.035.02";"181"
"02.035.03";"181"
"02.035.04";"181"
"02.035.05";"181"
"02.035.06";"182"
"02.035.07";"182"
"02.035.08";"182"
"02.035.09";"182"
"02.035.11";"183"
"02.035.12";"183"
"02.035.13";"183"
"02.035.15";"183"
"10.019";"183"
"10.019.01";"183"
"10.019.03";"183"
"10.019.04";"183"
"10.019.05";"183"
"10.019.08";"183"
"01.091";"183"
"01.091.01";"183"
"01.091.02";"184"
"01.091.03";"184"
"01.091.04";"184"
"01.091.06";"184"
"01.091.11";"184"
"01.091.12";"184"
"01.091.13";"184"
"01.091.14";"184"
"01.091.16";"185"
"01.091.17";"185"
"01.091.18";"185"
"01.091.19";"185, 430"
"01.091.20";"185"
"01.091.21";"185"
"01.091.23";"185"
"08.048.01";"185"
"08.048.02";"185"
"08.048.03";"185, 430"
"08.048.05";"186"
"08.048.06";"186"
"08.048.07";"186"
"08.048.08";"186"
"08.048.09";"186"
"08.048.10";"186"
"08.048.11";"186"
"08.048.13";"186"
"08.048.14";"187"
"08.048.15";"187"
"08.079.01";"187"
"08.079.02";"187"
"08.079.03";"187"
"08.079.04";"187"
"08.079.05";"187"
"08.079.06";"187"
"08.079.08";"187"
"08.079.09";"187"
"10.025";"187"
"10.025.02";"187"
"10.025.03";"188"
"10.025.04";"188"
"10.025.05";"188"
"10.025.09";"188"
"10.025.11";"188"
"01.014.01";"188"
"01.014.04";"188"
"01.014.05";"188"
"01.014.08";"188"
"01.014.09";"188"
"01.014.10";"188"
"01.014.11";"188"
"01.014.12";"188"
"01.089.01";"188"
"01.089.02";"188"
"01.089.03";"188"
"01.089.04";"189"
"01.089.05";"189"
"01.089.07";"189"
"01.089.08";"189"
"01.089.09";"189"
"01.089.10";"189"
"01.090.01";"189"
"01.090.02";"189"
"01.090.04";"189"
"01.090.05";"190"
"01.090.06";"190"
"01.106.02";"190"
"01.106.04";"190"
"01.106.06";"190"
"01.107.01";"190"
"01.107.02";"190"
"01.122.01";"190"
"01.122.02";"191"
"01.122.03";"191"
"01.122.04";"191"
"01.122.05";"192"
"01.122.06";"192"
"01.122.07";"192, 431"
"01.122.08";"192"
"01.122.09";"192"
"01.122.10";"192"
"01.122.11";"193"
"01.122.12";"193"
"01.122.13";"193"
"01.122.14";"193"
"01.122.15";"193"
"01.139.01";"193"
"01.139.02";"194, 431"
"01.139.03";"194"
"01.139.04";"194"
"01.139.05";"194"
"01.139.06";"194"
"01.139.07";"194"
"01.139.08";"195"
"01.139.09";"195"
"01.139.10";"195"
"01.186.01";"195"
"01.186.02";"196"
"01.186.03";"196"
"01.186.04";"196"
"01.186.05";"196"
"01.186.06";"196"
"01.186.07";"196"
"01.186.08";"196"
"01.186.09";"196"
"01.186.10";"197"
"01.186.11";"197"
"02.029.01";"197"
"02.029.02";"197"
"02.029.03";"197"
"02.029.04";"197"
"02.029.05";"197"
"02.029.06";"197, 431"
"02.029.07";"197"
"02.031";"197"
"02.031.01";"197"
"02.031.02";"197"
"02.031.03";"197"
"02.031.04";"197"
"02.031.05";"197"
"02.031.06";"198"
"02.031.07";"198"
"03.054.01";"198"
"03.054.02";"198"
"03.054.03";"198"
"03.054.04";"198"
"03.054.05";"198"
"03.054.06";"198"
"03.054.07";"199"
"03.054.08";"199"
"03.054.09";"199"
"03.054.10";"199"
"03.054.11";"199"
"03.054.12";"199"
"03.054.14";"199, 431"
"03.054.17";"199"
"03.054.18";"199"
"03.054.21";"199"
"03.054.22";"200"
"03.055.01";"200"
"03.055.02";"200"
"03.055.03";"200"
"03.055.04";"200, 431"
"03.055.06";"200"
"03.055.07";"200"
"03.055.08";"200"
"03.055.09";"200"
"03.055.10";"200"
"03.055.11";"200"
"03.055.12";"201"
"03.055.13";"201"
"03.055.14";"201"
"03.055.15";"201"
"03.055.16";"201"
"03.055.17";"201"
"03.055.18";"201"
"03.055.21";"201"
"03.056.01";"202"
"03.056.02";"202"
"03.056.03";"202"
"03.056.04";"202"
"03.056.05";"203"
"03.056.06";"203"
"03.057.01";"203"
"03.057.02";"203"
"03.057.03";"204"
"03.057.06";"204"
"04.055.02";"204"
"04.055.03";"204"
"04.055.05";"204"
"04.055.06";"204"
"04.055.07";"205"
"04.055.08";"205"
"04.055.09";"205"
"04.055.10";"205"
"05.041.01";"205"
"05.041.02";"205"
"05.041.03";"205"
"05.041.04";"205"
"05.041.05";"205"
"05.041.06";"205"
"05.041.07";"205"
"05.041.08";"205"
"05.041.09";"206"
"05.041.10";"206"
"05.041.11";"206"
"05.041.12";"206, 431"
"05.041.13";"206"
"05.041.14";"206"
"05.041.15";"207"
"05.041.16";"207"
"05.041.17";"207"
"05.041.18";"207"
"05.041.19";"207"
"05.041.20";"207"
"05.042.01";"207"
"05.042.02";"207"
"05.042.03";"207"
"05.042.04";"207"
"05.042.09";"208"
"05.042.10";"208"
"05.042.12";"208"
"05.042.13";"208"
"05.042.14";"208"
"05.042.15";"208"
"05.042.16";"208"
"05.043.01";"208"
"05.043.02";"208"
"05.043.04";"209"
"05.043.06";"209"
"05.043.07";"209"
"05.043.08";"209"
"05.043.09";"209"
"05.043.13";"209"
"05.043.14";"209"
"05.043.15";"209"
"05.044.01";"209"
"05.044.02";"210"
"05.044.03";"210"
"05.044.04";"210"
"05.044.05";"210"
"05.044.06";"210"
"05.044.07";"210"
"05.044.08";"210"
"05.044.09";"211"
"05.044.10";"211"
"05.044.11";"211"
"05.044.13";"211"
"05.045.01";"211"
"05.045.02";"211"
"05.045.03";"211"
"05.045.04";"212"
"05.045.05";"212"
"05.045.06";"212"
"05.045.07";"212"
"05.045.08";"212"
"05.045.09";"212"
"05.045.10";"212"
"05.045.11";"212"
"05.046.01";"212"
"05.046.02";"212"
"05.046.06";"212"
"05.046.07";"212"
"05.046.08";"212"
"05.047";"212"
"05.047.02";"213"
"05.047.03";"213"
"05.047.04";"213"
"05.047.05";"213"
"05.047.06";"213"
"05.047.07";"213"
"05.048.01";"214"
"05.048.02";"214"
"05.048.03";"214"
"05.048.04";"214"
"05.048.05";"214"
"05.049.02";"214"
"05.049.03";"214"
"05.050.01";"214"
"05.050.02";"214"
"05.050.03";"214"
"05.050.04";"214"
"05.050.05";"215, 431"
"05.051.04";"215"
"05.051.06";"215"
"05.051.08";"215"
"05.051.12";"215"
"05.051.14";"215"
"05.051.15";"215"
"06.049.01";"216"
"06.049.02";"216"
"06.049.03";"216"
"06.049.04";"216"
"06.049.05";"216"
"06.049.06";"216"
"06.049.07";"216"
"06.049.08";"216"
"06.049.09";"217"
"06.049.10";"217"
"06.049.11";"217"
"06.049.12";"217"
"06.049.13";"217"
"06.049.15";"217"
"06.050.01";"217"
"06.050.02";"217"
"06.050.03";"217"
"06.050.04";"218"
"06.050.05";"218"
"06.050.06";"218"
"06.050.07";"218"
"06.050.11";"218"
"06.050.12";"218"
"06.050.13";"218"
"06.050.14";"218"
"06.050.15";"218"
"06.051.02";"218"
"06.051.03";"218"
"06.051.04";"218"
"06.051.05";"218"
"06.051.06";"218"
"06.051.07";"218"
"06.051.08";"218"
"06.051.09";"219"
"06.051.10";"219"
"06.051.11";"219"
"06.051.12";"219"
"06.051.13";"219"
"06.051.14";"219"
"06.051.15";"219"
"06.051.16";"219"
"06.052.01";"219"
"06.052.02";"431"
"06.052.03";"221"
"06.052.04";"221"
"06.052.05";"221"
"06.052.06";"221"
"06.052.08";"221"
"06.052.09";"221"
"06.052.12";"221"
"06.052.13";"221"
"06.052.14";"221"
"06.052.15";"221"
"06.052.16";"221"
"07.034.01";"221"
"07.034.02";"221"
"07.034.03";"222"
"07.034.04";"222"
"07.034.05";"222"
"07.034.06";"222"
"07.034.07";"222"
"07.034.08";"222"
"07.034.09";"222"
"07.034.10";"222"
"07.034.11";"222"
"07.034.12";"222"
"07.034.15";"222"
"07.034.16";"222"
"07.034.17";"222"
"07.034.18";"222"
"07.034.22";"222"
"07.034.24";"222"
"07.036";"222"
"07.036.01";"222"
"07.036.02";"223"
"07.036.03";"223"
"07.036.04";"223"
"07.036.06";"223"
"07.036.07";"223"
"07.036.09";"223"
"07.037.01";"223"
"07.037.03";"223"
"07.037.04";"223"
"07.037.05";"223"
"07.037.06";"223"
"07.037.07";"223"
"07.037.08";"224"
"07.039.01";"224"
"07.039.02";"224"
"07.039.03";"224"
"07.039.04";"224"
"07.039.05";"224"
"07.039.06";"224"
"07.040.01";"224"
"07.040.02";"224"
"07.040.03";"224"
"07.040.04";"224"
"07.040.05";"224"
"07.042.01";"225"
"07.042.02";"225"
"07.042.03";"225"
"07.042.04";"225"
"07.043.01";"225"
"07.043.03";"225"
"07.043.04";"225, 431"
"10.065.02";"226"
"10.065.03";"226"
"10.065.04";"226"
"10.065.05";"226"
"10.065.06";"226"
"10.065.07";"226"
"10.065.08";"227"
"10.065.10";"227"
"10.065.11";"227"
"10.065.12";"227"
"10.065.13";"227"
"10.065.14";"227"
"10.066.01";"227"
"10.066.02";"227"
"10.066.04";"227"
"10.066.05";"227"
"10.066.08";"227"
"10.066.09";"227"
"10.066.10";"228"
"10.066.11";"228"
"10.066.14";"228"
"10.066.13";"228"
"08.027.01";"228"
"08.027.02";"228"
"08.027.04";"228"
"08.027.06";"228"
"08.027.07";"228"
"08.027.10";"228"
"08.027.11";"228"
"08.027.12";"228"
"08.027.14";"228"
"08.027.15";"228"
"08.027.16";"228"
"08.027.18";"229"
"08.027.19";"229"
"08.027.21";"229"
"08.028.01";"229"
"08.028.04";"229"
"08.028.05";"229"
"08.029.01";"229"
"08.029.02";"229"
"08.029.03";"229"
"08.029.04";"229"
"08.029.05";"229"
"08.029.06";"230"
"08.029.07";"230"
"08.029.08";"230"
"08.029.09";"230"
"08.029.10";"230"
"08.030.01";"230"
"08.030.02";"230"
"08.030.03";"230"
"08.083.03";"230"
"08.083.07";"230"
"08.083.14";"230"
"10.031.01";"230"
"10.031.02";"230"
"10.031.03";"230"
"10.031.04";"231"
"10.031.05";"231"
"10.031.06";"231"
"10.031.08";"231"
"10.031.09";"231"
"10.031.10";"231"
"10.031.11";"232"
"10.035.01";"232"
"10.035.02";"232"
"10.035.03";"232"
"10.035.04";"232"
"10.035.06";"232"
"10.035.07";"232"
"10.035.08";"232"
"10.035.09";"232"
"10.035.10";"232"
"10.035.11";"232"
"10.035.13";"232"
"10.035.14";"232"
"10.036.01";"233"
"10.036.02";"233"
"10.036.03";"233"
"10.036.04";"233"
"10.036.05";"233"
"10.036.06";"233"
"10.036.08";"233, 431"
"10.036.09";"233"
"10.036.11";"233"
"10.036.13";"233"
"10.063.01";"234"
"10.063.03";"234"
"10.063.04";"234"
"10.063.05";"234"
"10.063.06";"234"
"10.063.07";"234"
"10.063.08";"234"
"10.063.10";"234"
"10.063.11";"234"
"10.063.15";"234"
"10.063.17";"234"
"10.064.01";"234"
"10.064.02";"235"
"10.064.03";"235"
"10.064.04";"235"
"10.064.05";"235"
"10.064.06";"235"
"10.064.07";"235"
"10.064.08";"235"
"10.064.12";"235"
"10.064.13";"236"
"10.064.14";"236"
"10.064.15";"236"
"10.092.01";"236"
"10.092.02";"236"
"10.092.03";"236, 432"
"10.092.04";"236"
"10.092.05";"237"
"10.092.06";"237"
"10.092.07";"237"
"10.092.08";"237"
"10.092.09";"237"
"10.092.10";"237"
"10.092.11";"237"
"10.092.12";"237"
"10.092.13";"237"
"10.092.14";"237"
"10.092.15";"238"
"10.093.01";"238"
"10.093.02";"238"
"10.093.03";"238"
"10.093.04";"238"
"10.093.05";"238"
"10.093.06";"238"
"10.093.07";"238"
"10.093.08";"238"
"10.093.09";"238"
"10.093.10";"239"
"10.093.11";"239"
"10.093.12";"239"
"10.093.13";"239"
"10.093.14";"239"
"10.100.01";"239"
"10.100.02";"239"
"10.100.03";"240"
"10.100.04";"240"
"10.100.05";"240"
"10.100.06";"240"
"10.100.07";"240"
"10.100.09";"240"
"10.100.11";"240"
"10.100.12";"240"
"01.003.09";"241"
"01.022.01";"241"
"01.022.03";"241"
"01.022.06";"241"
"01.022.08";"241"
"01.022.11";"432"
"01.022.14";"241"
"01.022.16";"241"
"01.022.17";"241"
"01.022.18";"241"
"01.022.19";"242"
"01.022.20";"242"
"01.023.04";"242"
"01.023.05";"242"
"01.023.08";"242"
"01.023.11";"242"
"01.023.12";"242"
"01.023.13";"242"
"01.023.15";"242"
"01.023.16";"242"
"01.023.17";"242"
"01.023.19";"242"
"01.023.21";"242"
"01.023.22";"242"
"01.023.23";"242"
"01.023.24";"242"
"02.032.01";"243"
"02.032.02";"243"
"02.032.04";"243"
"02.032.05";"243"
"02.032.06";"243"
"02.032.07";"243"
"02.041.01";"243"
"02.041.03";"243"
"02.041.06";"243"
"02.041.07";"243"
"02.041.11";"243"
"02.041.16";"243, 432"
"02.041.18";"243"
"02.041.19";"243"
"03.062";"244"
"03.062.02";"244"
"03.062.05";"244"
"03.062.06";"244"
"03.062.10";"244"
"08.101.01";"244"
"08.101.02";"244"
"08.101.03";"244"
"08.101.04";"244"
"08.101.05";"245"
"08.101.06";"245"
"08.101.10";"245"
"08.101.11";"245"
"08.101.13";"245"
"08.101.14";"245"
"08.101.15";"245, 433"
"08.101.16";"246"
"01.001";"246"
"01.001.01";"247"
"01.001.02";"247"
"01.001.04";"247, 433"
"01.001.06";"247"
"01.001.07";"247"
"01.001.08";"248"
"01.012.01";"248"
"01.012.02";"248"
"01.012.03";"248"
"01.012.05";"248"
"01.012.06";"248"
"01.012.08";"248"
"01.012.09";"248"
"01.012.10";"248"
"01.026.01";"248"
"01.026.02";"248"
"01.026.03";"249, 433"
"01.026.04";"249"
"01.026.05";"249"
"01.026.06";"249"
"01.026.08";"249"
"01.026.09";"249"
"01.027.01";"249"
"01.027.02";"249"
"01.027.04";"249"
"01.027.05";"249"
"01.027.06";"249"
"01.027.07";"249"
"01.027.08";"249"
"01.027.09";"249"
"01.027.10";"249"
"01.027.11";"249"
"01.027.12";"249"
"01.027.13";"249, 433"
"01.031.01";"251"
"01.031.02";"251"
"01.031.03";"251"
"01.031.04";"252"
"01.031.05";"252"
"01.031.06";"252"
"01.031.07";"252"
"01.031.08";"252"
"01.031.09";"252"
"01.031.10";"253"
"01.031.11";"253"
"01.031.12";"253"
"01.031.13";"253"
"01.031.14";"253"
"01.031.15";"253"
"01.031.16";"253, 433"
"01.031.17";"254"
"01.031.18";"254"
"01.036";"254"
"01.036.01";"254"
"01.036.02";"254"
"01.036.04";"254"
"01.036.06";"254"
"01.036.07";"254"
"01.036.08";"254"
"01.036.10";"254"
"01.036.12";"254"
"01.036.13";"254"
"01.036.16";"255, 433"
"01.036.18";"255"
"01.044.01";"255"
"01.044.02";"255"
"01.044.03";"255"
"01.044.04";"255"
"01.044.05";"255"
"01.044.06";"255"
"01.044.07";"255"
"01.044.09";"255"
"01.044.10";"255"
"01.044.13";"255"
"01.044.14";"255"
"01.045.01";"255"
"01.045.02";"256"
"01.045.03";"256"
"01.045.04";"256"
"01.045.07";"256"
"01.045.08";"256"
"01.045.10";"256"
"01.058.01";"256"
"01.058.02";"256"
"01.058.03";"256"
"01.058.04";"256"
"01.058.05";"256"
"01.058.06";"256"
"01.058.07";"256"
"01.059.01";"256"
"01.059.03";"256"
"01.059.04";"257"
"01.059.05";"257"
"01.059.07";"257"
"01.060.01";"257"
"01.060.02";"257"
"01.060.03";"257"
"01.060.04";"257"
"01.060.05";"257"
"01.065";"257"
"01.065.01";"258"
"01.065.02";"258"
"01.065.03";"258"
"01.065.04";"258"
"01.065.05";"259"
"01.066.01";"259"
"01.066.03";"259"
"01.066.04";"259"
"01.066.05";"259"
"01.067.01";"260"
"01.067.02";"260"
"01.067.03";"260"
"01.067.04";"260"
"01.067.05";"260"
"01.068.01";"260"
"01.068.02";"261"
"01.068.03";"261"
"01.068.04";"261"
"01.068.05";"261"
"01.069.01";"261"
"01.069.02";"262"
"01.069.03";"262"
"01.069.04";"262"
"01.069.05";"262"
"01.070.01";"262"
"01.070.02";"262"
"01.070.03";"263"
"01.070.04";"263"
"01.070.05";"263, 433"
"01.071.01";"264"
"01.071.02";"264"
"01.071.03";"264"
"01.071.04";"264"
"01.071.05";"264"
"01.071.06";"265"
"01.071.07";"265"
"01.071.08";"265"
"01.071.09";"265"
"01.071.10";"265"
"01.072.01";"265"
"01.072.02";"265"
"01.072.03";"265"
"01.072.04";"266"
"01.072.05";"266, 433"
"01.072.06";"266"
"01.072.07";"266"
"01.072.08";"266"
"01.072.09";"266"
"01.072.10";"266"
"01.073.01";"267"
"01.073.02";"267"
"01.073.03";"267"
"01.073.05";"267"
"01.073.06";"267"
"01.073.08";"267"
"01.073.10";"267"
"01.074.02";"268"
"01.074.03";"268"
"01.074.04";"268"
"01.074.05";"268"
"01.074.06";"268"
"01.074.07";"268"
"01.074.08";"268"
"01.075.01";"268"
"01.075.03";"268"
"01.075.05";"268"
"01.076.01";"268"
"01.076.02";"268, 433"
"01.076.04";"268, 433"
"01.076.05";"269"
"01.077.01";"269"
"01.077.02";"269"
"01.077.03";"269"
"01.077.04";"269"
"01.078.05";"269"
"01.079.01";"269"
"01.079.02";"269"
"01.079.03";"270"
"01.079.05";"270"
"01.079.06";"270"
"01.079.08";"270"
"01.079.09";"270"
"01.079.12";"270"
"01.094.01";"270"
"01.094.02";"270"
"01.094.03";"270"
"01.094.04";"270"
"01.094.05";"270"
"01.094.06";"270"
"01.094.08";"270"
"01.094.12";"270"
"01.094.15";"271"
"01.095.01";"271"
"01.095.02";"271"
"01.095.03";"271"
"01.095.05";"271"
"01.095.07";"271, 433"
"01.095.08";"271"
"01.095.09";"272"
"01.095.10";"272"
"01.096.01";"272"
"01.096.02";"272"
"01.096.03";"272"
"01.096.04";"272"
"01.096.05";"272"
"01.096.06";"272"
"01.097.02";"272"
"01.097.03";"272"
"01.097.04";"272"
"01.098.01";"272, 433"
"01.098.02";"272"
"01.127.01";"272"
"01.127.02";"272, 433"
"01.127.03";"274"
"01.127.04";"274"
"01.127.05";"274"
"01.127.06";"275"
"01.127.07";"275"
"01.127.08";"275"
"01.127.09";"275"
"01.127.10";"275"
"01.127.11";"276"
"01.128.01";"276"
"01.128.02";"276"
"01.128.03";"276"
"01.128.04";"276"
"01.128.05";"276"
"01.128.07";"276"
"01.140.01";"277"
"01.140.02";"277"
"01.140.03";"277, 433"
"01.140.04";"277"
"01.140.05";"277"
"01.140.06";"277"
"01.140.07";"277"
"01.140.08";"278"
"01.140.09";"278"
"01.140.10";"278"
"01.140.11";"278"
"01.140.13";"278"
"01.141.01";"279"
"01.141.02";"279"
"01.141.03";"279, 433"
"01.141.04";"279"
"01.141.05";"279"
"01.141.06";"279"
"01.141.07";"279"
"01.141.08";"279"
"01.141.09";"280"
"01.141.10";"280"
"01.141.11";"280"
"01.141.13";"280"
"01.143.01";"280"
"01.143.02";"280"
"01.143.03";"280"
"01.143.04";"281"
"01.143.05";"281"
"01.143.06";"281"
"01.143.07";"281"
"01.143.08";"281"
"01.144.01";"281"
"01.144.02";"282"
"01.144.03";"282"
"01.144.05";"282"
"01.145.01";"282"
"01.145.02";"282"
"01.145.03";"282"
"01.146.01";"283"
"01.146.02";"283"
"01.146.03";"283"
"01.146.04";"283"
"01.146.05";"283"
"01.147.01";"283"
"01.147.02";"283"
"01.147.03";"283"
"01.147.04";"284"
"01.147.05";"284"
"01.148.01";"284"
"01.148.02";"284"
"01.148.03";"284, 433"
"01.148.04";"284"
"01.148.05";"284"
"01.149.01";"284"
"01.149.02";"285"
"01.149.03";"285"
"01.149.04";"285"
"01.149.05";"285"
"01.150.01";"285"
"01.150.02";"285"
"01.150.03";"285"
"01.189";"285"
"01.189.01";"285"
"01.189.02";"285"
"01.189.03";"285"
"01.189.04";"285"
"01.189.06";"285"
"01.189.07";"286"
"02.001.01";"286"
"02.001.02";"286"
"02.001.03";"286"
"02.001.04";"286"
"02.001.05";"286"
"02.001.06";"286"
"02.001.08";"286"
"02.001.09";"286"
"02.001.10";"286"
"02.001.11";"286"
"02.001.13";"286"
"02.001.15";"286"
"02.001.16";"287"
"02.002.01";"287"
"02.002.02";"287"
"02.002.03";"287"
"02.002.04";"287"
"02.002.05";"287"
"02.002.06";"287"
"02.002.07";"287"
"02.002.09";"287"
"02.002.10";"287"
"02.002.11";"288"
"02.002.12";"288"
"02.004.01";"288"
"02.004.02";"288"
"02.004.03";"288"
"02.004.04";"288"
"02.004.05";"288"
"02.004.06";"288"
"02.004.07";"288"
"02.004.08";"288"
"02.004.09";"288, 433"
"02.005.01";"289"
"02.005.02";"289"
"02.005.03";"289"
"02.005.05";"290"
"02.005.06";"290"
"02.005.07";"290"
"02.005.08";"290"
"02.006.01";"290"
"02.006.02";"291"
"02.006.03";"291"
"02.006.04";"291"
"02.006.07";"291"
"02.006.08";"291"
"02.007";"291"
"02.007.05";"291, 433"
"02.008.01";"291"
"02.008.03";"291"
"02.008.04";"291"
"02.008.05";"291"
"02.009.01";"291"
"02.009.02";"292"
"02.009.03";"292"
"02.009.04";"292"
"02.009.05";"292"
"02.009.06";"292"
"02.010.01";"292"
"02.010.02";"292"
"02.010.03";"292"
"02.010.04";"292, 434"
"02.010.05";"292"
"02.010.06";"292"
"03.001.01";"293"
"03.001.02";"293"
"03.001.03";"293"
"03.001.04";"293"
"03.001.05";"293"
"03.001.06";"293"
"03.001.07";"293"
"03.001.08";"294"
"03.001.09";"294"
"03.001.10";"294"
"03.001.11";"294"
"03.001.12";"294"
"03.001.13";"294"
"03.001.14";"294"
"03.001.15";"294"
"03.001.16";"294"
"03.001.17";"294"
"03.001.21";"294"
"03.001.22";"294"
"03.001.23";"294"
"03.002.01";"295"
"03.002.03";"295"
"03.002.04";"295"
"03.002.05";"295, 434"
"03.002.06";"295"
"03.002.07";"295"
"03.002.08";"295"
"03.002.09";"295"
"03.002.10";"296"
"03.002.11";"296"
"03.002.12";"296"
"03.002.13";"296"
"03.002.14";"296"
"03.003.01";"296"
"03.003.02";"296"
"03.003.03";"296"
"03.003.04";"296"
"03.003.05";"296"
"03.003.06";"297"
"03.003.07";"297"
"03.003.08";"297"
"03.003.09";"297"
"03.003.11";"297"
"03.005.01";"297"
"03.005.02";"297"
"03.005.03";"297"
"03.005.04";"297"
"03.005.05";"297"
"03.005.06";"297"
"03.005.08";"298"
"03.005.10";"298"
"03.006.01";"298"
"03.006.02";"298"
"03.006.03";"298"
"03.006.04";"298"
"03.006.06";"298"
"03.006.07";"298"
"03.006.08";"298"
"03.006.09";"298"
"03.006.10";"298"
"03.007.01";"298"
"03.007.02";"298"
"03.007.03";"298"
"03.007.04";"299"
"03.007.05";"299"
"03.007.06";"299"
"03.007.07";"299"
"03.007.08";"299"
"03.007.10";"300, 434"
"03.009.01";"300"
"03.009.02";"300"
"03.009.03";"300"
"03.009.04";"300"
"03.009.07";"300"
"03.010.02";"300"
"03.010.03";"300"
"03.010.05";"300"
"03.011.01";"300"
"03.011.02";"300"
"03.011.03";"300"
"03.011.05";"300"
"03.011.07";"300"
"03.011.09";"300"
"03.013.01";"300"
"03.013.02";"300"
"03.013.03";"300"
"03.013.04";"300"
"03.013.05";"300"
"03.013.06";"300"
"03.014.01";"300"
"03.014.02";"300"
"03.014.03";"301"
"03.014.04";"301"
"03.014.07";"301"
"03.015.01";"301"
"03.015.02";"301"
"03.015.03";"301"
"03.015.04";"301"
"03.015.05";"301"
"03.016.01";"301"
"03.016.03";"301"
"03.016.04";"301"
"03.017.01";"301"
"03.017.02";"301"
"03.017.03";"301"
"03.017.04";"301"
"03.017.05";"301"
"03.018.01";"302"
"03.018.02";"302"
"03.018.03";"302"
"03.018.04";"302"
"03.018.05";"302"
"03.019.01";"302"
"03.019.02";"302"
"03.019.03";"302"
"03.019.04";"302"
"03.020.02";"302"
"03.020.03";"302"
"03.020.04";"302"
"03.021.01";"303"
"03.021.02";"303"
"03.021.03";"303"
"03.021.04";"303"
"03.021.05";"303"
"03.022.01";"303"
"03.022.02";"303"
"03.022.03";"303"
"03.022.04";"303"
"03.022.05";"434"
"03.023.01";"303"
"03.023.02";"303"
"03.023.03";"303"
"03.023.04";"304"
"03.024.01";"304"
"03.024.02";"304"
"03.024.04";"304"
"03.024.05";"304"
"03.025.01";"304"
"03.025.02";"304"
"03.025.05";"304"
"03.026.01";"304"
"03.026.02";"305"
"03.026.03";"305"
"03.026.04";"305"
"03.026.07";"305"
"03.026.08";"305"
"03.026.09";"305"
"03.027";"305"
"03.027.01";"306"
"03.027.02";"306"
"03.027.03";"306"
"03.027.04";"306"
"03.027.08";"306"
"03.027.09";"306"
"03.027.10";"306"
"03.027.11";"306"
"03.027.12";"306"
"03.027.14";"306"
"03.027.15";"306"
"03.028.03";"306"
"03.028.05";"306"
"04.001.01";"306"
"04.001.02";"306"
"04.001.03";"306"
"04.001.04";"306"
"04.001.05";"306"
"04.001.06";"307"
"04.001.07";"307"
"04.001.08";"307"
"04.001.09";"307"
"04.001.10";"307"
"04.001.11";"307"
"04.001.12";"307"
"04.001.13";"307"
"04.001.14";"307"
"04.001.15";"307"
"04.001.16";"307"
"04.001.18";"307"
"04.001.10";"308"
"04.002.01";"308"
"04.002.02";"308"
"04.002.03";"308"
"04.002.04";"308"
"04.002.05";"308"
"04.002.06";"308"
"04.002.07";"308"
"04.002.08";"309"
"04.002.10";"309"
"04.002.11";"309"
"04.002.12";"309"
"04.002.13";"310"
"04.002.14";"310"
"04.002.15";"310"
"04.002.16";"310"
"04.002.17";"310"
"04.002.18";"310"
"04.002.19";"310"
"04.003.01";"310"
"04.003.02";"310"
"04.003.03";"311"
"04.003.04";"311"
"04.003.05";"311"
"04.003.06";"311"
"04.003.07";"311"
"04.003.08";"311"
"04.003.09";"311"
"04.003.10";"311"
"04.003.11";"312"
"04.003.12";"312"
"04.003.13";"312"
"04.003.15";"312"
"04.004.01";"312"
"04.004.02";"313"
"04.004.03";"313"
"04.004.04";"313"
"04.004.05";"313"
"04.004.06";"313"
"04.004.07";"313"
"04.004.08";"313"
"04.004.09";"314"
"04.004.10";"314"
"04.004.11";"314"
"04.004.12";"314"
"04.004.13";"314"
"04.004.14";"314"
"04.005.01";"314"
"04.005.02";"314"
"04.005.03";"314"
"04.005.05";"314"
"04.005.07";"315"
"04.005.08";"316"
"04.005.09";"316"
"04.005.10";"316"
"04.005.11";"316"
"04.005.12";"317"
"04.005.13";"317"
"04.005.14";"317"
"04.006.01";"317"
"04.006.02";"317"
"04.006.03";"317, 434"
"04.006.04";"317"
"04.006.05";"318"
"04.006.06";"318"
"04.006.07";"318"
"04.006.08";"318"
"04.006.09";"318"
"04.006.10";"318"
"04.006.11";"318"
"04.007.01";"319"
"04.007.02";"319"
"04.007.03";"319"
"04.007.04";"319"
"04.007.05";"319"
"04.007.06";"319"
"04.007.07";"319"
"04.007.08";"319"
"04.007.10";"319"
"04.007.11";"319"
"04.008.01";"319"
"04.008.03";"319"
"04.008.05";"319"
"04.008.06";"319"
"04.008.08";"319"
"04.009.01";"319"
"04.009.03";"319, 434"
"04.009.04";"319"
"04.009.05";"320"
"04.009.07";"320"
"04.009.08";"320"
"04.010.01";"320"
"04.010.02";"320"
"04.010.03";"320"
"04.010.05";"320"
"04.010.06";"320"
"04.010.07";"320"
"04.010.08";"320"
"04.011.01";"320"
"04.011.02";"320"
"04.011.03";"321"
"04.011.04";"321"
"04.011.06";"321"
"04.012.01";"321"
"04.012.02";"321"
"04.012.04";"321"
"04.012.05";"321"
"04.012.06";"322"
"04.015";"322"
"04.015.01";"322"
"04.015.02";"322"
"04.015.03";"322"
"04.015.04";"322"
"04.015.06";"322"
"04.015.07";"322"
"04.015.08";"322"
"04.015.09";"322"
"05.001.01";"322"
"05.001.02";"322"
"05.001.03";"322"
"05.001.04";"323"
"05.001.05";"323"
"05.001.06";"323"
"05.001.07";"323"
"05.001.08";"323"
"05.001.09";"323"
"05.001.10";"323"
"05.001.11";"324"
"05.001.12";"324"
"05.002";"324"
"05.002.01";"324, 434"
"05.002.02";"325"
"05.002.03";"325"
"05.002.04";"326"
"05.002.05";"326"
"05.002.06";"327"
"05.002.07";"328"
"05.002.08";"328"
"05.002.09";"328"
"05.002.10";"434"
"05.002.12";"328"
"05.003.01";"328"
"05.003.02";"328"
"05.003.03";"329"
"05.003.04";"329, 435"
"05.003.05";"329"
"05.003.06";"329"
"05.003.07";"329"
"05.003.08";"329"
"05.003.09";"329"
"05.003.10";"330"
"05.003.11";"330"
"05.003.12";"330"
"05.004.02";"330"
"05.004.03";"330"
"05.004.04";"330"
"05.004.06";"330"
"05.004.08";"330"
"05.004.09";"330"
"05.004.10";"330"
"05.006.01";"330"
"05.006.02";"330"
"05.006.03";"331"
"05.006.04";"331, 435"
"05.006.05";"331"
"05.006.06";"331"
"05.006.07";"331"
"05.006.08";"331"
"05.006.09";"331"
"05.006.10";"331"
"05.007.01";"331"
"05.007.02";"331"
"05.007.03";"331"
"05.007.05";"331"
"05.007.06";"331"
"05.007.07";"331"
"05.007.08";"331"
"05.007.09";"332"
"05.007.10";"332"
"05.008.01";"332"
"05.008.02";"332"
"05.008.03";"332"
"05.008.04";"333"
"05.008.05";"333"
"05.008.06";"333"
"05.008.07";"333"
"05.009.01";"333"
"05.009.02";"333"
"05.009.03";"333"
"05.009.04";"333"
"05.009.05";"333"
"05.009.06";"334"
"05.010.01";"334"
"05.010.02";"334"
"05.010.03";"334"
"05.010.04";"334"
"05.010.06";"334"
"05.010.07";"334"
"05.011.01";"335"
"05.011.02";"335"
"05.011.03";"335"
"05.011.04";"335"
"05.011.06";"335"
"05.013.02";"335"
"05.013.03";"335"
"05.013.04";"335"
"05.013.06";"335"
"05.014.01";"335"
"05.014.03";"335"
"05.014.04";"335"
"05.014.05";"336"
"05.015.01";"336"
"05.015.02";"336"
"05.015.03";"336, 435"
"05.015.04";"336"
"05.015.05";"336"
"05.016.01";"336"
"05.016.02";"337"
"05.016.03";"337"
"05.016.04";"337"
"05.016.05";"337"
"05.017.01";"337"
"05.017.02";"337"
"05.017.03";"338, 435"
"05.018.01";"338"
"05.018.02";"338"
"05.018.04";"339, 435"
"05.019.01";"339"
"05.019.02";"339"
"05.019.03";"339"
"05.019.04";"339"
"05.019.05";"339"
"05.020.01";"340"
"05.020.02";"340"
"05.020.04";"340"
"05.021.02";"341"
"05.021.03";"341"
"05.021.04";"341"
"05.022.02";"341"
"05.023.03";"341"
"05.024.02";"341"
"05.024.04";"341"
"05.025.01";"341"
"05.025.03";"341"
"05.025.04";"341"
"05.025.05";"341"
"05.025.06";"341"
"05.025.07";"341"
"05.025.08";"341"
"05.026.03";"341"
"05.026.05";"341"
"05.027";"342"
"05.027.01";"342"
"05.027.03";"342"
"05.027.04";"343"
"05.028.01";"343"
"05.028.02";"343"
"05.028.06";"343"
"06.001.01";"343"
"06.001.02";"343"
"06.001.03";"343"
"06.001.04";"343"
"06.001.05";"343"
"06.001.06";"343"
"06.001.07";"344"
"06.001.08";"344"
"06.001.09";"344"
"06.001.10";"344"
"06.001.12";"344"
"06.001.13";"344"
"06.002.01";"344"
"06.002.02";"344"
"06.002.03";"344"
"06.002.05";"345"
"06.002.07";"345"
"06.002.08";"345"
"06.002.09";"345"
"06.002.10";"345"
"06.002.11";"345"
"06.003.01";"346"
"06.003.02";"346"
"06.003.03";"346"
"06.003.04";"346"
"06.003.06";"346"
"06.003.07";"346"
"06.003.08";"347"
"06.004.01";"347"
"06.004.02";"347"
"06.004.03";"347"
"06.004.04";"347"
"06.004.05";"347"
"06.004.06";"347"
"06.004.07";"347"
"06.004.08";"347"
"06.005.02";"347"
"06.005.04";"348"
"06.005.06";"348"
"06.005.07";"348"
"06.006.01";"348"
"06.006.02";"348"
"06.006.03";"348"
"06.006.04";"348"
"06.006.05";"348"
"06.006.06";"349"
"06.006.07";"349, 435"
"06.007.01";"349"
"06.007.03";"349"
"06.007.04";"349"
"06.007.05";"349"
"06.007.06";"349"
"06.007.07";"349"
"06.008.01";"349"
"06.008.02";"349"
"06.008.03";"349"
"06.008.04";"349"
"06.008.05";"350"
"06.008.06";"350"
"06.009.01";"350"
"06.009.02";"350"
"06.009.03";"351"
"06.009.05";"351"
"06.009.06";"351, 435"
"06.009.07";"352"
"06.010.01";"352"
"06.010.02";"352"
"06.010.03";"352"
"06.010.04";"352"
"06.010.05";"352"
"06.010.06";"352"
"06.011.01";"352"
"06.011.02";"352"
"06.011.03";"353"
"06.011.04";"353"
"06.011.05";"353, 435"
"06.012.01";"354"
"06.012.02";"354"
"06.012.03";"354"
"06.012.04";"354"
"06.012.05";"355"
"06.012.06";"356"
"06.013.01";"356"
"06.013.02";"356"
"06.013.03";"356"
"06.013.04";"356"
"06.013.05";"356"
"06.014.01";"357"
"06.014.03";"357"
"06.014.04";"357"
"06.014.05";"357"
"06.015.01";"358"
"06.015.02";"358"
"06.015.03";"358"
"06.015.05";"358"
"06.015.06";"358"
"06.015.07";"358"
"06.015.09";"358"
"06.015.10";"358"
"06.015.11";"358"
"06.015.12";"358"
"06.015.13";"359"
"06.015.14";"359"
"06.015.15";"359"
"06.015.16";"359"
"06.015.17";"359"
"06.015.18";"359"
"06.015.19";"359"
"06.016";"360"
"06.016.02";"360"
"06.016.03";"360"
"06.016.04";"360"
"06.016.05";"360"
"06.016.06";"360"
"06.016.08";"360"
"06.016.13";"360"
"06.016.17";"360"
"06.016.18";"360"
"06.016.19";"360"
"06.016.22";"360"
"06.016.25";"360"
"06.016.26";"360"
"06.016.27";"360"
"06.016.28";"360"
"06.016.31";"360"
"06.016.32";"360"
"06.016.36";"361"
"06.016.38";"361"
"06.016.39";"361"
"06.016.40";"361"
"06.016.42";"361"
"06.016.43";"361"
"06.016.46";"361"
"06.016.47";"361"
"06.048";"361"
"06.048.01";"361"
"06.048.02";"361"
"06.048.04";"361"
"06.048.05";"361"
"06.048.06";"361"
"06.048.07";"361"
"06.048.08";"361"
"06.048.09";"361"
"06.048.10";"361"
"06.048.11";"361"
"06.048.12";"362"
"06.048.13";"362"
"06.048.14";"362"
"06.048.15";"362"
"06.048.17";"362"
"06.048.20";"362"
"06.048.21";"362"
"06.048.22";"362"
"07.001.01";"362"
"07.001.02";"362"
"07.001.03";"362"
"07.001.04";"363"
"07.001.06";"363"
"07.001.07";"363, 435"
"07.001.08";"363"
"07.001.09";"363"
"07.001.10";"363"
"07.001.11";"363"
"07.001.12";"363"
"07.001.14";"363"
"07.001.15";"363"
"07.001.16";"363"
"07.001.17";"363"
"07.001.18";"364"
"07.001.19";"364"
"07.001.20";"364"
"07.001.21";"364"
"07.001.22";"364"
"07.001.23";"364"
"07.003.01";"364"
"07.003.02";"364"
"07.003.03";"364"
"07.003.04";"364"
"07.003.05";"364"
"07.003.06";"364"
"07.003.07";"365"
"07.003.08";"365"
"07.003.09";"365"
"07.003.10";"365"
"07.004";"365"
"07.004.02";"365"
"07.004.03";"365"
"07.004.06";"365"
"07.004.07";"365"
"07.004.08";"366"
"07.005.02";"366"
"07.005.03";"366"
"07.005.04";"366"
"07.005.06";"366"
"07.005.07";"366"
"07.006.01";"367"
"07.006.02";"367"
"07.006.03";"367"
"07.006.04";"367"
"07.006.07";"367"
"07.007.01";"367"
"07.007.02";"367"
"07.007.04";"367"
"07.007.06";"367"
"07.008.02";"368"
"07.008.03";"368"
"07.008.04";"368"
"07.008.06";"368"
"07.009.01";"368"
"07.009.02";"368"
"07.009.03";"368"
"07.009.04";"368"
"07.009.05";"368"
"07.009.06";"368"
"07.010.02";"368"
"07.011.03";"369"
"07.011.05";"369"
"07.012.01";"369"
"07.012.02";"369"
"07.013.01";"369"
"07.015.01";"375, 435"
"07.015.03";"376"
"07.015.04";"376"
"07.015.05";"376"
"07.015.09";"376"
"07.015.11";"376"
"07.015.12";"376"
"07.015.13";"376"
"07.015.15";"376"
"07.016.01";"376"
"07.016.02";"376"
"07.016.04";"376"
"07.016.05";"376"
"07.016.06";"376"
"07.016.07";"376"
"07.016.08";"376"
"07.016.09";"376"
"07.016.10";"376"
"07.017.01";"376"
"07.017.03";"376"
"07.017.07";"376"
"08.011.04";"376"
"08.011.08";"376"
"08.011.09";"376"
"08.019.01";"376"
"08.019.02";"376"
"08.019.04";"377"
"08.019.05";"377"
"08.019.06";"378"
"08.019.07";"378"
"08.019.08";"378"
"08.019.09";"378"
"08.019.10";"378"
"08.019.11";"378"
"08.019.12";"378"
"08.019.14";"378"
"08.019.15";"378"
"08.019.16";"378"
"08.019.18";"378"
"08.019.20";"378"
"08.019.22";"378"
"08.019.23";"379"
"08.019.24";"379"
"08.019.26";"379"
"08.019.29";"379"
"08.019.30";"379"
"08.019.31";"379"
"08.019.32";"379"
"08.019.33";"379"
"08.019.34";"380"
"08.019.36";"380"
"08.019.37";"380"
"08.023.01";"380"
"08.023.02";"380"
"08.023.03";"380"
"08.023.04";"381"
"08.023.05";"381"
"08.023.06";"381"
"08.023.08";"381"
"08.023.09";"381"
"08.023.10";"381"
"08.023.11";"381"
"08.023.13";"381"
"08.023.14";"381"
"08.023.15";"381"
"08.023.16";"381"
"08.023.17";"381"
"08.023.18";"381"
"08.023.21";"381"
"08.023.24";"381"
"08.023.26";"381"
"08.023.27";"381"
"08.023.28";"381"
"08.023.30";"381"
"08.039.01";"381"
"08.039.02";"382"
"08.039.03";"382"
"08.039.04";"382"
"08.039.05";"382"
"08.039.06";"382"
"08.039.07";"382"
"08.039.08";"382"
"08.039.09";"382"
"08.039.10";"382"
"08.043.01";"383"
"08.043.02";"383"
"08.043.03";"383"
"08.043.04";"383"
"08.043.05";"383"
"08.043.06";"383"
"08.043.07";"383"
"08.043.08";"383"
"08.043.09";"383"
"08.043.10";"384"
"08.043.11";"384"
"08.043.14";"384"
"08.043.17";"384"
"08.043.18";"384"
"08.043.24";"384"
"08.043.30";"384"
"08.043.28";"384"
"08.043.32";"384"
"08.044.01";"384"
"08.044.07";"384"
"08.044.08";"384"
"08.044.10";"384"
"08.044.16";"384"
"08.044.21";"384"
"08.044.23";"384"
"08.044.26";"384"
"08.044.30";"384"
"08.060.01";"384"
"08.060.02";"384"
"08.060.04";"385"
"08.060.05";"385"
"08.060.06";"385"
"08.060.07";"385"
"08.060.09";"385"
"08.060.10";"385"
"08.060.12";"385"
"08.060.13";"385"
"08.060.15";"385"
"08.060.16";"385"
"08.060.17";"385"
"08.060.18";"385"
"08.060.19";"385"
"08.060.20";"385"
"08.071.01";"385"
"08.071.04";"385"
"08.071.06";"385"
"08.071.07";"385"
"08.071.11";"385"
"08.071.12";"385"
"08.071.13";"386"
"08.071.15";"386"
"08.072.01";"386"
"08.072.02";"386"
"08.072.03";"386"
"08.072.05";"386"
"08.072.06";"386"
"08.072.07";"386"
"08.072.08";"386"
"08.072.09";"387"
"08.072.10";"387"
"08.072.11";"387"
"08.072.12";"387"
"08.072.13";"387"
"08.072.14";"387"
"08.072.15";"387"
"08.072.16";"387"
"08.072.18";"387"
"08.074.01";"387"
"08.074.03";"387"
"08.074.04";"387"
"08.074.05";"388"
"08.074.06";"388"
"08.074.09";"388"
"08.074.10";"388"
"08.074.11";"388"
"08.074.13";"388"
"08.074.14";"388"
"08.074.15";"388"
"08.075";"388"
"08.075.02";"388"
"08.075.03";"388"
"08.075.05";"388"
"08.075.07";"388, 435"
"08.075.08";"388"
"08.075.09";"388"
"08.075.11";"388"
"08.075.12";"388"
"08.075.14";"389"
"08.075.15";"389"
"08.084.01";"389"
"08.084.02";"389"
"08.084.03";"389"
"08.084.04";"389"
"08.084.07";"389"
"08.084.08";"389"
"08.084.09";"389"
"08.102.02";"389"
"08.102.03";"389"
"08.102.04";"389"
"08.102.06";"389"
"08.102.07";"389"
"08.102.08";"389"
"08.102.13";"389"
"08.102.14";"390"
"08.102.15";"390"
"08.102.19";"390"
"08.102.20";"390"
"08.102.21";"390"
"08.102.22";"390"
"08.103.01";"390"
"08.103.02";"391"
"08.103.03";"391"
"08.103.04";"391"
"08.103.05";"391"
"08.103.06";"391"
"08.103.07";"391"
"08.103.08";"391"
"08.103.09";"391"
"08.103.10";"391"
"08.103.11";"391"
"08.103.12";"391"
"08.103.13";"391"
"08.103.14";"391"
"10.001.01";"391"
"10.001.02";"391"
"10.001.03";"392"
"10.001.04";"392"
"10.001.05";"392"
"10.002.01";"392"
"10.002.02";"392"
"10.002.04";"392"
"10.002.05";"392"
"10.002.06";"393"
"10.003.01";"393"
"10.003.02";"398"
"10.003.03";"398"
"10.003.04";"399"
"10.004.01";"399"
"10.004.02";"399"
"10.004.03";"399"
"10.004.04";"399"
"10.004.05";"399"
"10.004.06";"399"
"10.005.01";"399"
"10.005.02";"399"
"10.005.03";"399"
"10.005.04";"400"
"10.005.05";"400"
"10.005.06";"400"
"10.005.07";"400"
"10.006.01";"400"
"10.006.03";"400"
"10.006.04";"401"
"10.006.05";"401"
"10.006.06";"401"
"10.006.07";"401"
"10.007.01";"401"
"10.007.02";"402"
"10.007.03";"402"
"10.007.04";"402"
"10.007.05";"402"
"10.007.06";"402"
"10.007.07";"402"
"10.008.01";"402"
"10.008.02";"403"
"10.008.03";"403"
"10.008.04";"403"
"10.008.05";"403"
"10.008.06";"403"
"10.008.07";"403"
"10.008.08";"403"
"10.008.09";"403"
"10.011.01";"403"
"10.011.02";"403"
"10.011.03";"404"
"10.011.04";"404"
"10.011.05";"404"
"10.011.06";"404"
"10.011.08";"404"
"10.011.09";"405"
"10.012.01";"405, 435"
"10.012.02";"405"
"10.012.03";"405"
"10.012.04";"405"
"10.012.05";"405"
"10.012.06";"405"
"10.012.07";"406"
"10.012.08";"406"
"10.020.01";"406"
"10.020.02";"406"
"10.020.03";"407"
"10.020.04";"407"
"10.020.05";"407"
"10.020.06";"407"
"10.020.07";"407"
"10.020.08";"407"
"10.020.09";"407"
"10.020.10";"407"
"10.021.01";"407"
"10.021.03";"407"
"10.021.07";"408"
"10.021.08";"408"
"10.045.01";"408"
"10.045.02";"408"
"10.045.03";"408"
"10.045.05";"408"
"10.045.06";"408"
"10.045.07";"408"
"10.045.08";"409"
"10.045.09";"409"
"10.045.10";"409"
"10.045.11";"409"
"10.046.01";"409"
"10.046.02";"409"
"10.046.03";"409"
"10.046.04";"409"
"10.046.05";"409"
"10.046.06";"411"
"10.046.07";"412"
"10.046.08";"412"
"10.046.10";"412"
"10.079.01";"412"
"10.079.02";"412"
"10.079.03";"412"
"10.079.04";"412"
"10.079.05";"412"
"10.079.06";"412"
"10.080.01";"413"
"10.080.02";"413"
"10.080.03";"413"
"10.080.04";"413"
"10.080.05";"413"
"10.080.07";"413"
"10.087.01";"413"
"10.087.02";"414"
"10.087.03";"414"
"10.087.04";"414"
"10.087.05";"414"
"10.087.06";"414"
"10.087.07";"414"
"10.087.08";"415"
"10.087.10";"415"
"10.087.11";"415"
"10.087.12";"415"
"10.087.13";"415"
"10.087.14";"416"
"10.087.15";"416"
"10.087.16";"416"
"10.087.17";"416"
"10.087.18";"416"
"10.087.19";"416"
"10.087.20";"416"
"10.087.21";"416"
"10.087.22";"416"
"10.088.01";"416"
"10.088.04";"416"
"10.088.05";"417"
"10.088.06";"417"
"10.088.07";"417"
"10.088.08";"417"
"10.088.09";"417"
"10.088.10";"417"
"10.088.11";"417"
"10.088.13";"417"
"10.088.15";"417"
"10.088.16";"417"
"10.088.17";"418"
"10.088.18";"418"
"10.088.19";"418"
"10.091.01";"419"
"10.091.03";"419"
"10.091.04";"419"
"10.091.05";"419"
"10.091.06";"419"
"10.091.07";"419"
"10.091.08";"419"
"10.091.09";"419"
"10.091.10";"419"
"10.091.11";"419"
"10.091.12";"419"
"10.091.13";"419"
"10.091.14";"419"
"10.091.15";"419"
"10.115.01";"420"
"10.115.02";"420"
"10.115.03";"420"
"10.115.04";"420"
"10.115.05";"420"
"10.115.06";"420"
"10.115.07";"421"
"10.118.01";"421"
"10.118.08";"421"
"10.118.09";"421"
"10.122.01";"421"
"10.122.02";"421"
"10.122.03";"421"
"10.122.04";"421"
"10.122.06";"421"
"10.122.07";"421"
"10.140.02";"421"
"10.140.03";"421"
"10.140.04";"421"
"10.140.05";"421"
"10.140.06";"421"
"10.142.02";"421"
"10.142.03";"422"
"10.142.04";"422"
"10.142.05";"422"
"10.142.06";"422"
"10.142.07";"422"
"10.142.08";"422"
"10.150.01";"422"
"10.150.03";"422"
"10.150.04";"422"
"10.150.05";"422"
"10.156.02";"422"
"10.156.03";"422"
"10.156.05";"423"
"10.176.01";"423"
"10.176.03";"423"
"10.176.04";"423"
"10.187.01";"423"
"10.188";"423"
"10.188.02";"423"
