"01.004";"n16"
"01.004.01";"2, 637"
"01.004.02";"2"
"01.004.03";"2"
"01.004.04";"2"
"01.004.05";"2"
"01.004.06";"3, 637"
"01.004.07";"3"
"01.004.08";"3"
"01.004.09";"3"
"01.005.01";"3, 637"
"01.005.02";"3"
"01.005.03";"3"
"01.005.04";"3"
"01.005.05";"3"
"01.005.07";"3"
"01.005.09";"3"
"01.005.10";"3"
"01.006.01";"4, 637"
"01.006.02";"4"
"01.006.03";"5, 637"
"01.006.04";"5"
"01.006.05";"5"
"01.006.06";"5"
"01.006.07";"6"
"01.006.08";"6"
"01.006.09";"6"
"01.006.10";"6"
"01.007.01";"6"
"01.007.02";"6"
"01.007.03";"6"
"01.007.04";"6"
"01.007.05";"6"
"01.007.06";"6"
"01.007.07";"7"
"01.007.08";"7"
"01.007.10";"7"
"01.008.01";"7"
"01.008.02";"7"
"01.008.03";"7"
"01.008.04";"7"
"01.008.05";"7"
"01.008.06";"7"
"01.008.07";"8"
"01.008.09";"8"
"01.008.10";"8"
"01.009.01";"8, 637"
"01.009.02";"8"
"01.009.03";"8"
"01.009.04";"8"
"01.009.05";"8"
"01.009.07";"8"
"01.009.08";"8"
"01.010.01";"8"
"01.010.02";"9"
"01.010.04";"9"
"01.010.05";"9"
"01.010.06";"9"
"01.010.07";"10"
"01.010.08";"10"
"01.010.09";"10"
"01.010.10";"10"
"01.010.11";"10"
"01.010.12";"10"
"01.011.01";"10"
"01.011.03";"10"
"01.011.04";"10"
"01.011.05";"10, 637"
"01.011.06";"10"
"01.011.08";"11"
"01.016.01";"11"
"01.016.02";"11"
"01.016.03";"11"
"01.016.04";"11"
"01.016.07";"11"
"01.016.08";"11"
"01.016.09";"11"
"01.030.01";"11"
"01.030.02";"11, 638"
"01.030.03";"11"
"01.030.04";"12"
"01.030.05";"12"
"01.030.06";"12"
"01.030.07";"12, 638"
"01.030.09";"12"
"01.030.11";"12"
"01.030.12";"12"
"01.030.14";"12"
"01.030.15";"13"
"01.030.16";"13"
"01.030.17";"13"
"01.030.19";"13"
"01.030.20";"13"
"01.054.01";"13"
"01.054.02";"14"
"01.054.03";"14"
"01.054.04";"14"
"01.054.05";"14"
"01.054.07";"14"
"01.054.08";"14"
"01.054.10";"15"
"01.054.11";"15"
"01.055.01";"15"
"01.055.02";"15"
"01.055.03";"15"
"01.055.04";"16"
"01.055.05";"16"
"01.055.06";"16"
"01.055.07";"16"
"01.055.08";"16"
"01.056.01";"16"
"01.056.02";"17"
"01.056.03";"17"
"01.056.04";"17"
"01.056.05";"17"
"01.056.06";"17"
"01.057.01";"18"
"01.057.02";"18"
"01.057.03";"18"
"01.057.04";"18"
"01.057.05";"18"
"01.061.01";"18"
"01.061.02";"18"
"01.061.03";"18"
"01.061.04";"18"
"01.061.05";"19"
"01.061.07";"19, 638"
"01.061.08";"19"
"01.061.10";"19"
"01.061.11";"19"
"01.061.12";"19"
"01.061.13";"19"
"01.061.14";"19"
"01.061.15";"20"
"01.061.16";"20"
"01.062.01";"20"
"01.062.02";"20"
"01.062.03";"20"
"01.062.04";"20"
"01.062.05";"20"
"01.062.06";"21"
"01.062.07";"21"
"01.062.08";"21"
"01.062.09";"21"
"01.062.10";"21"
"01.062.11";"21"
"01.062.12";"21"
"01.062.13";"21"
"01.063.01";"21"
"01.063.03";"21"
"01.063.05";"21"
"01.063.06";"22"
"01.063.07";"22"
"01.063.08";"22"
"01.063.09";"22"
"01.080.01";"22"
"01.080.02";"22"
"01.080.03";"22"
"01.080.04";"22"
"01.080.05";"22"
"01.080.06";"22"
"01.080.07";"22"
"01.080.08";"638"
"01.080.09";"22"
"01.080.10";"22"
"01.080.12";"22"
"01.080.13";"22"
"01.080.14";"22"
"01.080.15";"22"
"01.080.16";"22"
"01.081.01";"22"
"01.081.02";"23"
"01.081.03";"23"
"01.081.04";"23"
"01.081.05";"23"
"01.081.06";"24"
"01.081.07";"24"
"01.081.08";"24"
"01.081.09";"24"
"01.082.01";"24"
"01.082.02";"24, 638"
"01.082.03";"24, 638"
"01.082.04";"24"
"01.082.05";"24"
"01.082.06";"24"
"01.083.01";"24"
"01.083.02";"25"
"01.083.03";"25"
"01.083.04";"25"
"01.083.05";"25"
"01.083.06";"26"
"01.084.01";"26"
"01.084.02";"26"
"01.084.03";"26"
"01.084.04";"26"
"01.084.07";"26"
"01.084.08";"26"
"01.084.09";"26"
"01.084.10";"26"
"01.084.11";"26"
"01.084.12";"26"
"01.084.13";"27"
"01.084.15";"27"
"01.084.16";"27"
"01.084.17";"27, 638"
"01.084.19";"28"
"01.100.01";"28"
"01.100.02";"28"
"01.100.03";"28"
"01.100.04";"28"
"01.100.05";"28"
"01.100.06";"28"
"01.100.07";"28"
"01.100.08";"29"
"01.100.09";"29"
"01.100.10";"29"
"01.100.11";"29"
"01.100.12";"29"
"01.100.13";"29"
"01.100.14";"29"
"01.100.17";"29"
"01.100.18";"30"
"01.100.19";"30"
"01.101.01";"30"
"01.101.02";"30"
"01.101.03";"30"
"01.101.04";"30"
"01.101.06";"30"
"01.101.07";"30"
"01.101.10";"30"
"01.102.01";"30"
"01.102.02";"31"
"01.102.03";"31"
"01.102.04";"31"
"01.102.05";"31"
"01.102.06";"31"
"01.102.07";"31"
"01.102.09";"31"
"01.102.10";"31"
"01.103.01";"31"
"01.103.03";"32"
"01.103.04";"32"
"01.103.05";"32"
"01.103.06";"32"
"01.103.07";"32"
"01.103.08";"32"
"01.104.01";"33"
"01.104.02";"33"
"01.104.03";"33"
"01.104.04";"33"
"01.104.05";"34"
"01.104.06";"34"
"01.104.07";"34"
"01.104.08";"34"
"01.121.01";"34, 638"
"01.121.02";"35"
"01.121.03";"35"
"01.121.04";"36"
"01.121.05";"36"
"01.121.06";"36"
"01.121.07";"36"
"01.121.08";"36"
"01.121.09";"36"
"01.121.10";"36"
"01.121.11";"36"
"01.121.12";"36"
"01.121.13";"36"
"01.129.01";"36"
"01.129.02";"37"
"01.129.03";"37"
"01.129.04";"37"
"01.129.05";"37"
"01.129.06";"38"
"01.129.07";"38"
"01.129.08";"38"
"01.129.09";"38"
"01.129.10";"38"
"01.130.01";"38"
"01.130.02";"39"
"01.130.03";"39"
"01.130.04";"39"
"01.130.05";"39"
"01.130.06";"39"
"01.130.07";"39"
"01.130.08";"39"
"01.130.09";"39"
"01.130.10";"40"
"01.131.01";"40"
"01.131.02";"40"
"01.131.03";"40"
"01.131.04";"40"
"01.131.05";"40"
"01.131.06";"40"
"01.131.07";"40"
"01.132.01";"41"
"01.132.02";"41"
"01.132.03";"41"
"01.132.04";"41"
"01.132.05";"41"
"01.132.06";"41"
"01.133.01";"41"
"01.133.02";"41"
"01.133.03";"41"
"01.133.04";"42"
"01.133.06";"42"
"01.133.07";"42"
"01.135";"42"
"01.135.01";"42, 638"
"01.135.02";"42"
"01.135.03";"42"
"01.135.04";"42"
"01.135.05";"42"
"01.135.06";"42"
"01.135.07";"42"
"01.135.08";"43"
"01.135.09";"43"
"01.169.01";"43"
"01.169.02";"43"
"01.169.03";"44"
"01.169.04";"44"
"01.169.05";"44"
"01.169.06";"44"
"01.169.07";"44"
"01.169.08";"44"
"01.173.01";"44"
"01.173.02";"45"
"01.173.03";"45"
"01.173.04";"45"
"01.173.06";"45"
"01.173.07";"46"
"01.173.08";"46"
"01.173.09";"46"
"01.173.10";"46"
"01.173.11";"46"
"01.173.12";"46"
"01.174.01";"47"
"01.174.02";"47"
"01.174.03";"47"
"01.174.04";"47"
"01.174.06";"47"
"01.174.07";"48"
"01.174.08";"48"
"01.174.09";"48"
"01.175.01";"48"
"01.175.02";"48"
"01.175.03";"48"
"01.175.04";"48"
"01.175.05";"48"
"01.175.06";"48"
"01.176.01";"48"
"01.176.04";"49"
"01.176.05";"49"
"01.177.01";"49"
"01.177.02";"49"
"01.177.03";"49"
"01.177.04";"49"
"01.177.05";"49"
"01.178.01";"49"
"01.178.02";"50"
"01.178.03";"50"
"01.178.04";"50"
"02.011.01";"50"
"02.011.02";"50"
"02.011.03";"50"
"02.011.04";"50"
"02.011.05";"51"
"02.011.06";"51"
"02.011.07";"51"
"02.011.08";"51"
"02.011.10";"51"
"02.011.11";"51"
"02.011.12";"51"
"02.011.13";"51"
"02.011.14";"51"
"02.011.15";"51"
"02.011.16";"52"
"02.011.17";"52"
"02.011.18";"52"
"02.011.19";"52, 638"
"02.011.21";"52"
"02.012";"53"
"02.012.01";"53"
"02.012.02";"53"
"02.012.03";"53"
"02.012.04";"53"
"02.012.05";"53"
"02.012.06";"53"
"02.012.07";"54"
"02.012.08";"54, 638"
"02.012.10";"54"
"02.012.12";"54"
"02.012.13";"54"
"02.012.14";"54"
"02.012.15";"54"
"02.013.01";"54"
"02.013.02";"54"
"02.013.03";"54"
"02.013.04";"55"
"02.013.05";"55"
"02.013.06";"55"
"02.013.07";"55"
"02.013.08";"56"
"02.013.09";"56"
"02.013.10";"56"
"02.013.11";"56"
"02.013.12";"56"
"02.014.01";"56"
"02.014.02";"56"
"02.014.03";"56"
"02.014.04";"57"
"02.014.07";"57"
"02.014.08";"57"
"02.014.09";"57"
"02.014.10";"57"
"02.014.11";"57"
"02.015.01";"57"
"02.015.02";"57"
"02.015.03";"57"
"02.015.04";"57"
"02.015.05";"57"
"02.015.06";"58"
"02.015.07";"58"
"02.015.08";"58"
"02.015.09";"58"
"02.016.01";"58"
"02.016.02";"58"
"02.016.03";"58"
"02.016.04";"58"
"02.016.05";"58"
"02.016.07";"58"
"02.016.08";"59"
"02.017.01";"59"
"02.017.02";"59"
"02.017.03";"59"
"02.017.04";"59"
"02.017.05";"59"
"02.017.06";"60"
"02.017.07";"60"
"02.018.01";"60"
"02.018.02";"60"
"02.018.03";"60"
"02.018.04";"60"
"02.018.06";"61"
"02.018.07";"61"
"02.018.08";"61"
"02.019.01";"61"
"02.019.02";"61"
"02.019.03";"61"
"02.019.04";"61, 638"
"02.019.05";"61"
"02.019.07";"61"
"02.020.01";"61"
"02.020.03";"62"
"02.020.04";"62"
"02.020.05";"62"
"02.020.06";"62"
"02.020.07";"62"
"02.020.08";"62"
"02.021.01";"62"
"02.021.02";"62"
"02.021.04";"62"
"02.021.05";"62"
"02.021.06";"62"
"02.022.01";"62"
"02.022.02";"62"
"02.022.04";"62"
"02.030";"62"
"02.030.01";"62"
"02.030.02";"63"
"02.030.03";"63"
"02.030.04";"63"
"02.030.05";"63"
"02.030.06";"63"
"02.030.07";"63, 638"
"02.030.08";"63"
"02.030.09";"63"
"02.030.10";"63"
"02.030.11";"63"
"03.030";"63"
"03.030.01";"63"
"03.030.02";"64"
"03.030.03";"64"
"03.030.04";"64"
"03.030.05";"64"
"03.030.06";"64"
"03.030.07";"64"
"03.030.08";"64"
"03.030.09";"64"
"03.030.10";"64, 638"
"03.030.12";"64"
"03.030.13";"64"
"03.030.14";"65"
"03.030.15";"65, 638"
"03.030.16";"65"
"03.030.17";"65"
"03.030.19";"65"
"03.031";"65"
"03.031.01";"65"
"03.031.03";"66"
"03.031.04";"66"
"03.031.05";"66"
"03.031.06";"66"
"03.031.07";"66"
"03.031.08";"66"
"03.031.09";"66"
"03.031.10";"66"
"03.031.11";"67"
"03.031.12";"67"
"03.031.13";"67"
"03.031.14";"67"
"03.031.15";"67"
"03.031.16";"67"
"03.031.17";"67"
"03.031.19";"67"
"03.031.20";"67"
"03.031.21";"67"
"03.032.01";"67"
"03.032.04";"68"
"03.032.05";"68"
"03.032.06";"68"
"03.032.07";"68"
"03.032.09";"68, 638"
"03.032.10";"68"
"03.032.11";"68"
"03.032.14";"68, 638"
"03.034";"68"
"03.034.01";"68"
"03.034.03";"68"
"03.034.04";"68"
"03.034.05";"68"
"03.034.06";"69"
"03.034.07";"69, 638"
"03.035.01";"69"
"03.035.02";"69"
"03.035.03";"69"
"03.035.04";"69"
"03.035.07";"69"
"03.035.08";"69"
"03.035.09";"69"
"03.035.10";"69"
"03.036";"69"
"03.036.01";"69"
"03.036.02";"69"
"03.036.03";"69"
"03.036.04";"70"
"03.036.05";"70"
"03.036.06";"70"
"03.036.07";"70"
"03.036.08";"70"
"03.036.09";"70"
"03.037.02";"70"
"03.037.03";"70"
"03.037.04";"70"
"03.037.07";"70"
"03.037.09";"70"
"03.037.10";"70"
"03.037.11";"70"
"03.038";"70"
"03.038.01";"70"
"03.038.02";"71"
"03.038.03";"71"
"03.038.04";"71"
"03.038.05";"71"
"03.038.06";"71"
"03.038.07";"72"
"03.038.08";"72"
"03.038.09";"72"
"03.039";"72"
"03.039.02";"72"
"03.039.03";"72"
"03.039.04";"72"
"03.039.05";"72"
"03.039.06";"72"
"03.039.08";"72"
"03.040.02";"73"
"03.040.03";"73"
"03.040.06";"73"
"03.040.07";"73"
"03.041.01";"73"
"03.041.04";"73"
"03.041.06";"73"
"03.042.01";"73"
"03.042.03";"73"
"03.042.04";"73"
"03.042.06";"73"
"03.042.08";"73"
"03.043.01";"73"
"03.043.03";"73"
"03.043.04";"73"
"03.043.05";"73"
"03.043.06";"74"
"03.043.07";"74"
"03.044";"74"
"03.044.01";"74"
"03.044.02";"74"
"03.044.03";"74"
"03.044.05";"74"
"03.045.01";"74"
"03.045.02";"74"
"03.045.03";"74"
"03.045.04";"74"
"03.045.05";"75"
"03.046.02";"75"
"03.046.03";"75"
"03.046.04";"75"
"03.046.05";"75"
"03.047.01";"75"
"03.047.02";"75"
"03.047.03";"75"
"03.047.04";"75"
"03.047.05";"75"
"03.049.01";"75"
"03.049.02";"75"
"03.049.03";"76"
"03.050.01";"76"
"03.050.02";"76"
"03.050.03";"76"
"03.050.04";"76"
"03.050.05";"76"
"03.051";"76"
"03.051.01";"76"
"03.051.02";"76"
"03.051.03";"76"
"03.051.04";"77"
"03.051.05";"77"
"03.051.07";"77"
"03.051.08";"77"
"03.051.09";"77"
"03.051.10";"77"
"03.051.11";"77"
"03.052.01";"77"
"03.052.02";"77"
"03.052.05";"78, 638"
"03.052.06";"78"
"03.052.08";"78"
"04.016.01";"78"
"04.016.02";"78"
"04.016.03";"79"
"04.016.04";"79"
"04.016.05";"79"
"04.016.06";"79"
"04.016.07";"80"
"04.016.08";"80"
"04.016.09";"80"
"04.016.10";"80"
"04.016.11";"80"
"04.016.12";"80"
"04.016.13";"81"
"04.016.14";"81"
"04.016.16";"81"
"04.016.17";"81"
"04.016.18";"81"
"04.016.19";"81"
"04.016.20";"81"
"04.016.21";"81"
"04.017.01";"82"
"04.017.02";"82"
"04.017.03";"82"
"04.017.04";"82"
"04.017.05";"82"
"04.017.08";"82"
"04.017.09";"82"
"04.017.10";"82"
"04.017.11";"82"
"04.017.12";"82"
"04.017.13";"82"
"04.017.14";"82"
"04.017.16";"83"
"04.017.17";"83"
"04.017.18";"83"
"04.017.19";"83"
"04.017.20";"83"
"04.019";"83"
"04.019.01";"83"
"04.019.02";"84"
"04.019.03";"84"
"04.019.04";"84"
"04.019.05";"84"
"04.019.07";"84"
"04.019.08";"84"
"04.019.09";"84"
"04.019.10";"84"
"04.020.01";"85"
"04.020.02";"85"
"04.020.03";"85"
"04.020.04";"85"
"04.020.05";"85"
"04.020.06";"85"
"04.020.07";"85"
"04.020.08";"85"
"04.020.09";"85"
"04.020.10";"85"
"04.021.01";"85"
"04.021.02";"85"
"04.021.03";"86"
"04.021.04";"86"
"04.021.05";"86"
"04.021.06";"86"
"04.021.07";"86"
"04.021.08";"87"
"04.021.09";"87"
"04.021.10";"87"
"04.021.11";"87"
"04.022.01";"87"
"04.022.02";"87"
"04.022.03";"87"
"04.022.04";"87"
"04.022.05";"87"
"04.022.06";"87"
"04.022.07";"88"
"04.022.08";"88"
"04.023.01";"88"
"04.023.02";"88"
"04.023.03";"88"
"04.023.05";"89"
"04.023.06";"89"
"04.023.07";"89"
"04.023.08";"89"
"04.023.09";"89"
"04.023.10";"90"
"04.024.01";"90"
"04.024.02";"90"
"04.024.03";"90"
"04.024.04";"90"
"04.024.05";"90"
"04.024.06";"91"
"04.024.07";"91"
"04.024.08";"91"
"04.024.09";"91"
"04.024.10";"91"
"04.025.01";"91"
"04.025.02";"91"
"04.025.03";"91"
"04.025.04";"91"
"04.025.05";"91"
"04.025.06";"91"
"04.025.07";"92"
"04.025.08";"92"
"04.029.01";"92"
"04.029.02";"92"
"04.029.03";"92"
"04.029.04";"92"
"04.029.05";"92"
"04.031.01";"92"
"04.031.03";"92"
"04.031.04";"92"
"04.031.05";"92"
"04.031.06";"92"
"04.031.07";"92"
"04.031.08";"92"
"04.031.09";"92"
"04.031.11";"92"
"04.031.15";"92"
"04.032.01";"92"
"04.032.02";"93"
"04.032.03";"93"
"04.032.06";"93"
"04.032.08";"93"
"04.032.09";"93"
"04.032.10";"93"
"04.032.13";"93"
"04.032.15";"93"
"04.032.16";"93"
"04.032.17";"93"
"04.032.18";"93"
"04.032.22";"93"
"04.032.23";"93"
"04.032.24";"93"
"04.046.05";"93"
"05.029.02";"94"
"05.029.03";"94"
"05.029.04";"94"
"05.029.05";"94"
"05.029.06";"94"
"05.029.07";"94"
"05.029.08";"95"
"05.029.09";"95"
"05.029.10";"95"
"05.029.11";"95"
"05.029.13";"95"
"05.029.14";"95"
"05.029.15";"95"
"05.030";"95"
"05.030.02";"95"
"05.030.03";"95"
"05.030.04";"96"
"05.030.05";"96"
"05.030.06";"96"
"05.030.07";"96, 638"
"05.030.08";"96, 638"
"05.030.09";"96, 639"
"05.030.10";"96"
"05.030.11";"96"
"05.030.12";"97"
"05.030.13";"97"
"05.030.14";"97"
"05.030.15";"97"
"05.031.01";"97"
"05.031.02";"97"
"05.031.03";"97"
"05.031.04";"97"
"05.031.05";"97"
"05.031.06";"97"
"05.031.08";"97"
"05.031.09";"97"
"05.031.10";"97"
"05.031.11";"97"
"05.031.12";"98"
"05.031.13";"98"
"05.032.01";"98"
"05.032.02";"98"
"05.032.03";"98"
"05.032.04";"98"
"05.032.05";"98"
"05.032.06";"98"
"05.032.08";"98"
"05.032.10";"99"
"05.032.11";"99"
"05.032.12";"99"
"05.033.01";"99"
"05.033.02";"99"
"05.033.03";"99, 639"
"05.033.04";"100"
"05.033.05";"100"
"05.033.06";"100"
"05.033.07";"101"
"05.033.08";"101"
"05.033.09";"101"
"05.033.10";"101"
"05.034.01";"101"
"05.034.02";"101"
"05.034.03";"101"
"05.034.04";"101"
"05.034.05";"102"
"05.034.06";"102"
"05.034.07";"102"
"05.034.08";"102"
"05.034.09";"102"
"05.035.02";"102"
"05.035.03";"102"
"05.035.04";"102"
"05.035.05";"102"
"05.035.06";"102"
"05.035.08";"102"
"05.036.01";"103"
"05.036.02";"103"
"05.036.03";"103"
"05.036.04";"103"
"05.036.05";"103"
"05.036.06";"103"
"05.037.01";"103"
"05.037.02";"103"
"05.037.03";"103"
"05.037.04";"103"
"05.037.05";"103"
"05.038.02";"103"
"05.038.03";"103"
"05.039.01";"103"
"05.039.02";"103"
"05.039.04";"104"
"05.039.05";"104"
"06.017.01";"104"
"06.017.03";"104"
"06.017.04";"104"
"06.017.05";"104"
"06.017.06";"104"
"06.017.07";"104"
"06.017.08";"104"
"06.017.09";"104"
"06.017.10";"104"
"06.017.11";"104"
"06.017.14";"105"
"06.017.15";"105"
"06.018.03";"105"
"06.018.04";"105, 639"
"06.018.05";"105"
"06.018.07";"105"
"06.018.08";"105"
"06.018.10";"105"
"06.018.11";"105"
"06.018.12";"106"
"06.018.13";"106"
"06.018.14";"106"
"06.018.15";"106"
"06.019.01";"106"
"06.019.02";"106"
"06.019.03";"106"
"06.019.04";"106"
"06.019.07";"106"
"06.019.09";"106"
"06.019.10";"106"
"06.019.11";"106"
"06.019.12";"106"
"06.019.13";"106"
"06.020.01";"106"
"06.020.02";"106"
"06.020.03";"106"
"06.020.04";"106"
"06.020.06";"107"
"06.020.07";"107"
"06.020.08";"107"
"06.020.10";"107"
"06.020.11";"107"
"06.020.12";"107"
"06.020.13";"107"
"06.021.01";"107"
"06.021.02";"107"
"06.021.03";"107"
"06.021.04";"107"
"06.021.05";"107"
"06.021.06";"107"
"06.021.07";"108"
"06.021.08";"108"
"06.021.09";"108"
"06.021.11";"108"
"06.022";"108"
"06.022.01";"108"
"06.022.02";"108"
"06.022.04";"108"
"06.022.05";"108"
"06.022.06";"109"
"06.022.07";"109"
"06.022.08";"109"
"06.022.10";"109"
"06.022.11";"109"
"06.023.01";"109"
"06.023.02";"109"
"06.023.03";"109"
"06.023.05";"110"
"06.023.06";"110"
"06.023.07";"110"
"06.023.08";"110"
"06.023.09";"110"
"06.023.10";"110"
"06.024.01";"110"
"06.024.02";"110"
"06.024.03";"110"
"06.024.04";"111"
"06.024.05";"111"
"06.024.06";"111"
"06.024.07";"111"
"06.024.08";"111"
"06.024.10";"111"
"06.025.01";"111"
"06.025.02";"111"
"06.025.03";"111"
"06.025.04";"111"
"06.025.05";"111"
"06.025.06";"111"
"06.025.07";"111"
"06.025.08";"111"
"06.025.09";"111"
"06.026";"111"
"06.026.01";"111"
"06.026.02";"111"
"06.026.03";"111"
"06.026.04";"112"
"06.026.05";"112"
"06.026.06";"112"
"06.026.07";"112"
"06.026.08";"112"
"06.028";"112"
"06.028.01";"639"
"06.028.02";"112"
"06.028.03";"112"
"06.028.04";"112"
"06.028.05";"112"
"06.028.06";"112"
"06.028.07";"112"
"06.028.08";"112"
"06.029.01";"113"
"06.029.02";"113"
"06.029.03";"113"
"06.029.04";"113"
"06.029.05";"113"
"06.029.06";"113"
"06.030.01";"113"
"06.030.02";"113"
"06.030.03";"113"
"06.030.04";"113"
"06.031.01";"113"
"06.031.03";"113"
"06.031.04";"113, 639"
"06.031.05";"114"
"06.032.01";"114"
"06.032.02";"114"
"06.032.03";"114"
"06.032.04";"114"
"06.032.05";"114"
"06.033.01";"114"
"06.033.02";"114"
"06.033.03";"114"
"06.033.04";"114"
"06.034.01";"114"
"06.034.03";"114"
"06.034.04";"114"
"06.034.05";"115"
"06.035.01";"115"
"06.035.02";"115"
"06.035.03";"115"
"06.035.04";"115"
"06.035.05";"115"
"06.036.01";"115"
"06.036.02";"115"
"06.036.05";"115"
"06.037.01";"115"
"06.037.02";"115"
"06.037.03";"115"
"06.037.04";"116"
"06.037.05";"116"
"06.038.01";"116"
"06.038.02";"116"
"06.038.03";"116"
"06.038.04";"116"
"06.038.05";"116"
"06.039.01";"116"
"06.039.03";"116"
"06.039.04";"116"
"06.040.01";"116"
"06.040.02";"116"
"06.040.05";"116"
"06.040.07";"116"
"06.041.01";"116"
"06.041.03";"117"
"06.041.05";"117"
"06.042.01";"117"
"06.042.03";"117"
"06.042.04";"117"
"06.043.01";"117"
"06.043.02";"117"
"06.044.01";"117"
"06.044.02";"117"
"06.044.04";"117"
"06.044.06";"117"
"06.044.07";"117"
"06.044.08";"117"
"06.044.10";"117"
"06.044.11";"117"
"06.044.12";"117"
"06.044.13";"118"
"06.044.14";"118"
"06.044.15";"118"
"06.044.16";"118"
"06.044.17";"118"
"06.044.18";"118"
"06.044.20";"118"
"06.044.22";"118"
"06.044.23";"118"
"06.044.24";"118"
"06.045.02";"118"
"06.045.03";"118"
"06.045.05";"118"
"06.045.06";"118"
"06.045.07";"118"
"06.045.08";"118"
"06.045.10";"118"
"06.045.12";"118"
"06.045.13";"118"
"06.045.20";"118"
"06.045.22";"118"
"06.045.24";"118"
"06.045.25";"119"
"06.045.26";"119"
"06.045.29";"119"
"06.045.31";"119"
"06.045.33";"119"
"06.046.01";"119"
"06.046.02";"119"
"06.046.03";"119"
"06.046.04";"119"
"06.046.05";"119"
"06.046.06";"119"
"06.046.09";"119"
"06.046.11";"119"
"06.046.12";"119"
"06.046.13";"119"
"06.046.14";"119"
"06.047.01";"119"
"06.047.03";"119"
"06.047.04";"119"
"06.047.08";"119"
"06.047.09";"119"
"06.047.10";"120"
"06.047.11";"120"
"06.047.13";"120"
"06.047.14";"120"
"06.047.15";"120"
"06.047.16";"120"
"06.047.17";"120"
"06.047.18";"120"
"06.047.19";"120"
"06.047.20";"121"
"06.047.21";"121"
"06.047.22";"121"
"06.047.25";"121"
"06.047.26";"121"
"06.047.27";"121"
"06.047.29";"121"
"06.047.30";"121"
"06.047.31";"121"
"07.019";"121"
"07.019.01";"121"
"07.019.02";"121"
"07.019.03";"122"
"07.019.04";"122"
"07.019.05";"122"
"07.019.06";"122"
"07.019.07";"122"
"07.019.08";"122"
"07.019.09";"122"
"07.019.10";"122"
"07.019.11";"122"
"07.020.01";"122"
"07.020.02";"122"
"07.020.03";"122"
"07.020.04";"122"
"07.020.05";"122"
"07.020.06";"122"
"07.020.07";"123"
"07.020.08";"123"
"07.020.09";"123"
"07.020.10";"123"
"07.021.01";"123"
"07.021.02";"123"
"07.021.03";"124"
"07.021.04";"124"
"07.021.05";"124"
"07.021.06";"124"
"07.021.07";"124"
"07.021.08";"124"
"07.022.01";"124"
"07.022.02";"124"
"07.022.04";"124"
"07.022.05";"124"
"07.022.06";"124"
"07.022.07";"124"
"07.022.08";"124"
"07.022.09";"124"
"07.023";"124"
"07.023.01";"124"
"07.023.02";"124"
"07.023.03";"125"
"07.023.04";"125"
"07.023.05";"125"
"07.023.06";"125"
"07.024.01";"125"
"07.024.02";"125"
"07.024.03";"125"
"07.024.04";"125"
"07.024.05";"125"
"07.025.01";"125"
"07.025.02";"126"
"07.025.04";"126"
"07.026.01";"126, 639"
"07.026.04";"127"
"07.026.05";"127"
"07.027.01";"127"
"07.027.02";"127"
"07.027.03";"127"
"07.027.04";"127"
"07.028.01";"127"
"07.028.02";"128"
"07.028.03";"128"
"07.028.04";"128"
"07.029.02";"128"
"07.029.03";"128"
"07.029.04";"128"
"07.030.01";"128"
"07.030.02";"128"
"07.030.03";"128"
"07.030.04";"129"
"07.031.01";"129"
"07.031.02";"129"
"07.031.04";"129"
"07.031.05";"129"
"07.031.06";"129"
"07.031.07";"129"
"07.031.10";"129"
"07.031.12";"129"
"07.032.01";"129"
"07.032.02";"129"
"07.032.05";"129"
"07.032.06";"129"
"07.032.07";"129"
"07.032.08";"129"
"07.032.09";"129"
"07.032.12";"129"
"07.032.13";"129"
"07.032.14";"130"
"07.032.16";"130"
"07.032.17";"130"
"07.032.18";"130"
"07.032.19";"130"
"07.032.21";"130"
"07.032.22";"130"
"07.032.24";"130"
"07.032.26";"130"
"07.032.27";"130"
"08.001.01";"130"
"08.001.02";"130"
"08.001.03";"131"
"08.001.04";"131"
"08.001.05";"131"
"08.001.06";"131"
"08.001.07";"131"
"08.001.08";"131"
"08.001.10";"131, 639"
"08.001.11";"131"
"08.001.12";"131"
"08.001.13";"131"
"08.001.14";"131"
"08.001.15";"132"
"08.001.16";"132"
"08.001.17";"132"
"08.001.18";"132"
"08.001.20";"132"
"08.001.21";"133"
"08.001.22";"133"
"08.001.23";"133"
"08.001.27";"133"
"08.001.30";"133"
"08.001.31";"133, 639"
"08.001.34";"134"
"08.002.01";"134"
"08.002.02";"134"
"08.002.03";"134"
"08.002.04";"134"
"08.002.05";"134"
"08.002.06";"134"
"08.002.07";"134"
"08.002.08";"134"
"08.002.09";"134"
"08.002.10";"134"
"08.002.11";"134"
"08.002.12";"134"
"08.002.13";"134"
"08.002.14";"135"
"08.002.16";"135"
"08.002.17";"135"
"08.002.18";"135"
"08.002.19";"135"
"08.002.20";"135"
"08.002.21";"135"
"08.002.23";"135"
"08.002.24";"135"
"08.002.27";"135"
"08.002.28";"135"
"08.002.29";"136"
"08.002.30";"136"
"08.002.33";"136"
"08.002.35";"136"
"08.002.39";"136"
"08.002.40";"136"
"08.002.41";"136"
"08.002.42";"136"
"08.003.02";"136"
"08.003.03";"136"
"08.003.04";"136"
"08.003.05";"136"
"08.003.06";"136"
"08.003.07";"136"
"08.003.08";"136"
"08.003.09";"136, 639"
"08.003.10";"137"
"08.003.11";"137"
"08.003.12";"137"
"08.003.13";"137"
"08.003.14";"137"
"08.003.16";"137"
"08.003.18";"137"
"08.003.19";"137"
"08.003.20";"137"
"08.003.21";"137, 639"
"08.003.23";"138"
"08.003.24";"138"
"08.004.02";"138"
"08.004.03";"138"
"08.004.04";"138"
"08.004.05";"138"
"08.004.06";"138"
"08.004.07";"138"
"08.004.08";"138"
"08.004.09";"138"
"08.004.11";"138"
"08.004.12";"138"
"08.004.13";"138"
"08.004.14";"139"
"08.004.15";"139"
"08.004.16";"139"
"08.004.17";"139, 639"
"08.004.18";"140"
"08.004.19";"140"
"08.004.20";"140"
"08.004.21";"140"
"08.006.02";"140"
"08.006.03";"140"
"08.006.05";"140"
"08.006.06";"140"
"08.006.07";"140"
"08.006.09";"140"
"08.006.10";"140"
"08.006.11";"140"
"08.006.12";"141"
"08.006.13";"141"
"08.006.15";"141"
"08.006.16";"141"
"08.006.17";"141"
"08.006.18";"141"
"08.006.19";"141"
"08.006.20";"141"
"08.006.22";"141"
"08.006.24";"141"
"08.006.25";"141"
"08.006.28";"141"
"08.006.29";"141"
"08.006.30";"141"
"08.006.33";"141"
"08.006.34";"141"
"08.006.38";"142"
"08.006.41";"142"
"08.006.43";"142"
"08.006.46";"142"
"08.006.47";"142"
"08.006.48";"142"
"08.012.01";"142"
"08.012.02";"142"
"08.012.04";"142"
"08.012.05";"142"
"08.012.06";"142"
"08.012.08";"142"
"08.012.10";"142"
"08.012.11";"142"
"08.012.12";"142"
"08.012.13";"142"
"08.012.14";"142"
"08.012.15";"142"
"08.012.16";"142"
"08.012.18";"143"
"08.012.19";"143"
"08.012.21";"143"
"08.012.24";"143"
"08.012.31";"143"
"08.012.32";"143"
"08.012.33";"143"
"08.013.01";"143"
"08.013.02";"143"
"08.013.03";"143"
"08.013.04";"143"
"08.013.06";"143"
"08.013.07";"143"
"08.013.08";"143"
"08.013.09";"143"
"08.013.10";"143"
"08.013.11";"143"
"08.013.12";"143"
"08.013.14";"143"
"08.013.17";"143"
"08.013.18";"144"
"08.013.19";"144"
"08.013.20";"144"
"08.013.21";"144"
"08.013.22";"144"
"08.013.24";"144"
"08.013.25";"144"
"08.013.26";"144"
"08.013.27";"144"
"08.013.29";"144"
"08.013.30";"144"
"08.013.33";"144"
"08.014.01";"144"
"08.014.05";"144"
"08.014.07";"144"
"08.014.09";"144"
"08.014.10";"144"
"08.014.11";"144"
"08.014.12";"145"
"08.014.13";"145"
"08.015.03";"145"
"08.015.04";"145"
"08.015.05";"145"
"08.015.06";"145"
"08.015.07";"145"
"08.015.10";"145"
"08.015.11";"145"
"08.015.13";"146"
"08.016";"146"
"08.016.02";"146"
"08.016.03";"146"
"08.016.05";"146"
"08.016.06";"146"
"08.016.08";"146"
"08.016.10";"146"
"08.017.01";"146"
"08.017.03";"146"
"08.017.05";"146"
"08.017.06";"146"
"08.017.07";"146"
"08.017.08";"146"
"08.017.10";"146"
"08.017.11";"146"
"08.017.12";"146"
"08.017.14";"147"
"08.021.01";"147"
"08.021.02";"147"
"08.021.04";"147"
"08.021.06";"147"
"08.021.07";"147"
"08.021.09";"147"
"08.021.10";"147"
"08.021.11";"147"
"08.021.12";"147"
"08.021.13";"147"
"08.021.14";"147, 639"
"08.021.15";"148"
"08.021.16";"148"
"08.021.17";"148"
"08.024.01";"148"
"08.024.02";"148"
"08.024.03";"148"
"08.024.04";"148"
"08.024.05";"148"
"08.024.06";"148"
"08.024.13";"148"
"08.024.14";"148"
"08.024.15";"148"
"08.024.16";"148"
"08.024.20";"149"
"08.024.21";"149"
"08.024.22";"149"
"08.024.23";"149"
"08.024.24";"149"
"08.024.25";"149"
"08.024.27";"149"
"08.024.28";"149"
"08.024.30";"149"
"08.032.03";"149"
"08.032.04";"149"
"08.032.05";"149"
"08.032.06";"150"
"08.032.07";"150"
"08.032.08";"150"
"08.032.09";"150"
"08.032.10";"150"
"08.032.11";"150"
"08.032.12";"150"
"08.032.14";"150"
"08.032.16";"150"
"08.032.17";"150"
"08.032.20";"150, 639"
"08.032.21";"155"
"08.032.22";"155"
"08.032.23";"155"
"08.032.25";"155"
"08.032.26";"155"
"08.032.27";"155"
"08.033.01";"155"
"08.033.02";"156"
"08.033.03";"156"
"08.033.04";"156"
"08.033.05";"157"
"08.033.06";"157"
"08.033.07";"157"
"08.033.08";"157"
"08.033.09";"157"
"08.033.10";"157"
"08.033.12";"157"
"08.033.13";"157"
"08.033.14";"157"
"08.033.16";"158"
"08.033.17";"158"
"08.033.18";"158"
"08.033.19";"158"
"08.034.01";"159"
"08.034.02";"159"
"08.034.03";"159"
"08.034.06";"159"
"08.034.11";"159"
"08.034.16";"159"
"08.036.01";"159"
"08.036.02";"160"
"08.036.03";"160"
"08.036.07";"160"
"08.037.04";"160"
"08.037.05";"160"
"08.045.01";"160"
"08.045.02";"160"
"08.045.03";"160"
"08.045.04";"160"
"08.045.05";"160"
"08.045.06";"160"
"08.045.07";"160"
"08.045.08";"160"
"08.045.09";"160"
"08.045.10";"160"
"08.045.11";"160"
"08.045.13";"160"
"08.045.14";"160"
"08.045.15";"160"
"08.045.16";"160"
"08.045.18";"160"
"08.045.19";"160"
"08.045.23";"161"
"08.045.24";"161"
"08.045.26";"161"
"08.045.27";"161"
"08.045.31";"161"
"08.045.36";"161"
"08.045.37";"161"
"08.045.38";"162"
"08.045.41";"162"
"08.045.42";"162"
"08.046.01";"162"
"08.046.04";"162"
"08.046.06";"163"
"08.046.08";"163"
"08.046.09";"163"
"08.046.10";"163"
"08.046.11";"163"
"08.046.12";"163"
"08.046.13";"163"
"08.046.14";"163"
"08.046.16";"163"
"08.046.17";"163"
"08.046.18";"164"
"08.046.19";"164"
"08.046.20";"164"
"08.046.22";"164"
"08.046.23";"164"
"08.046.24";"164"
"08.046.25";"164"
"08.046.26";"164"
"08.046.27";"165"
"08.046.28";"165"
"08.046.29";"165"
"08.046.30";"165"
"08.046.31";"165"
"08.046.32";"165"
"08.046.33";"165"
"08.061.01";"165"
"08.061.02";"165"
"08.061.03";"165"
"08.061.04";"165"
"08.061.06";"165"
"08.061.07";"166"
"08.061.09";"166"
"08.061.10";"166"
"08.061.11";"166"
"08.061.12";"166"
"08.061.13";"166"
"08.061.14";"166"
"08.061.15";"166"
"08.061.18";"166"
"08.062.01";"167"
"08.062.03";"167"
"08.062.04";"167"
"08.062.05";"167"
"08.062.06";"167"
"08.062.08";"167"
"08.062.09";"167"
"08.062.10";"167"
"08.062.11";"167"
"08.062.12";"167"
"08.063.01";"167"
"08.063.02";"168"
"08.063.03";"168"
"08.063.04";"168"
"08.063.05";"168"
"08.063.06";"168"
"08.063.07";"168"
"08.063.08";"168"
"08.063.09";"168"
"08.063.10";"168"
"08.063.11";"168"
"08.063.12";"168"
"08.064.01";"169"
"08.064.03";"169"
"08.064.04";"169"
"08.064.06";"169"
"08.064.09";"169"
"08.064.10";"169"
"08.064.11";"169"
"08.065.02";"169"
"08.065.03";"169"
"08.065.05";"169"
"08.065.06";"169"
"08.065.09";"169"
"08.065.10";"169"
"08.065.12";"169"
"08.066";"169"
"08.066.01";"169"
"08.066.02";"169"
"08.066.03";"169"
"08.066.04";"169"
"08.066.05";"170"
"08.066.06";"170"
"08.066.07";"170"
"08.066.08";"170, 640"
"08.066.09";"170"
"08.066.10";"170"
"08.066.11";"171"
"08.066.12";"171"
"08.066.13";"171"
"08.066.14";"171"
"08.066.15";"171"
"08.068.01";"171"
"08.068.02";"171"
"08.068.03";"171"
"08.068.04";"171"
"08.068.05";"171"
"08.068.07";"171"
"08.068.08";"171"
"08.068.11";"171"
"08.068.13";"171"
"08.068.14";"171"
"08.068.17";"171"
"08.068.19";"172"
"08.069.01";"172"
"08.069.02";"172, 640"
"08.069.03";"172, 640"
"08.069.04";"172"
"08.069.06";"172"
"08.069.07";"172"
"08.069.08";"173"
"08.069.09";"173"
"08.069.10";"173"
"08.069.11";"173"
"08.069.12";"173"
"08.069.13";"173"
"08.069.14";"173"
"08.069.15";"173"
"08.069.16";"173"
"08.069.17";"173"
"08.069.18";"174"
"08.070.01";"174"
"08.070.02";"174"
"08.070.03";"174"
"08.070.04";"174"
"08.070.05";"174"
"08.070.07";"174"
"08.070.08";"174"
"08.070.09";"174"
"08.070.10";"174"
"08.070.11";"175"
"08.070.12";"175"
"08.070.13";"175"
"08.070.14";"175, 640"
"08.076.01";"175"
"08.076.03";"175"
"08.076.08";"175"
"08.076.10";"175"
"08.076.11";"175"
"08.076.12";"175"
"08.077.01";"176"
"08.077.02";"176"
"08.077.04";"176"
"08.077.05";"176"
"08.077.06";"176"
"08.077.07";"176"
"08.077.09";"176"
"08.077.10";"176"
"08.077.11";"176"
"08.078.01";"176"
"08.078.02";"176"
"08.078.03";"176"
"08.078.04";"177"
"08.078.06";"177"
"08.080";"177"
"08.080.01";"177"
"08.080.03";"177"
"08.080.05";"177"
"08.080.06";"177"
"08.080.07";"177"
"08.080.09";"177"
"08.081.05";"179"
"08.081.06";"179"
"08.081.08";"179"
"08.081.09";"179"
"08.082.01";"180"
"08.082.02";"180"
"08.082.03";"180"
"08.082.04";"180"
"08.082.06";"180"
"08.082.08";"180"
"08.082.09";"180"
"08.088";"180"
"08.088.02";"180"
"08.088.03";"180"
"08.088.05";"180"
"08.089.01";"180"
"08.089.02";"181"
"08.089.05";"181"
"08.089.06";"181, 640"
"08.089.07";"181"
"08.090.01";"181"
"08.090.03";"181"
"08.090.04";"181"
"08.090.05";"181"
"08.090.06";"181"
"08.092.01";"182"
"08.092.02";"182"
"08.092.03";"182"
"08.092.07";"182"
"08.092.08";"182"
"08.092.10";"182"
"08.092.11";"182"
"08.092.12";"182"
"08.092.13";"182"
"08.092.14";"182"
"08.092.16";"183"
"08.092.17";"183"
"08.092.18";"183"
"08.092.19";"183"
"08.092.20";"183"
"08.092.22";"183"
"08.092.24";"183"
"08.092.25";"183"
"08.092.26";"183"
"08.092.27";"183"
"08.092.28";"183"
"08.092.29";"183"
"08.092.30";"183"
"08.092.31";"184"
"08.092.32";"184"
"08.093.01";"184"
"08.093.02";"184"
"08.093.03";"184"
"08.093.04";"184"
"08.093.05";"184"
"08.093.08";"184"
"08.093.09";"184"
"08.093.11";"185"
"08.093.12";"185"
"08.093.13";"185"
"08.093.16";"185"
"08.093.17";"185"
"08.093.18";"185"
"08.093.19";"186"
"08.093.22";"640"
"08.093.23";"186"
"08.093.25";"186"
"08.093.26";"186"
"08.093.28";"640"
"08.093.32";"186"
"08.093.34";"186"
"08.095.01";"186"
"08.095.02";"186"
"08.095.03";"187"
"08.095.04";"187"
"08.095.05";"187"
"08.095.07";"187"
"08.095.08";"187"
"08.096.01";"187"
"08.096.02";"187"
"08.096.03";"187"
"08.096.04";"187"
"08.096.05";"188"
"08.096.06";"188"
"08.096.07";"188"
"08.096.08";"188"
"08.096.09";"188"
"08.096.10";"188"
"08.096.11";"188"
"08.096.12";"188"
"08.096.13";"188"
"08.096.14";"189"
"08.096.15";"189"
"08.096.16";"189"
"08.096.17";"189"
"08.096.19";"189"
"08.096.21";"189"
"08.097.01";"190"
"08.097.03";"190"
"08.097.04";"190"
"08.097.07";"190"
"08.097.08";"190"
"08.097.09";"190"
"08.097.10";"190"
"08.097.11";"190"
"08.097.12";"191"
"08.097.13";"191"
"08.097.14";"191"
"08.097.15";"191"
"08.098.01";"191"
"08.098.03";"191"
"08.098.04";"191"
"08.098.05";"191"
"08.098.06";"191"
"08.098.07";"191"
"08.098.08";"192"
"08.098.11";"192"
"08.098.12";"192"
"08.099.01";"192"
"08.099.02";"192"
"08.099.03";"192"
"08.099.04";"192"
"08.099.05";"193"
"08.099.06";"193"
"08.099.07";"193"
"08.099.08";"193"
"10.022.01";"193"
"10.022.02";"193"
"10.022.03";"193"
"10.022.04";"193"
"10.022.06";"193"
"10.022.07";"193"
"10.022.08";"193"
"10.022.09";"193"
"10.022.10";"194"
"10.022.11";"194"
"10.022.12";"194"
"10.023.01";"194"
"10.023.02";"194"
"10.023.03";"194"
"10.023.04";"195"
"10.023.05";"195"
"10.023.06";"195"
"10.023.07";"195"
"10.024.01";"195"
"10.024.04";"195"
"10.029.01";"195"
"10.029.02";"196"
"10.029.03";"196"
"10.029.04";"196"
"10.029.05";"196"
"10.029.06";"196"
"10.029.07";"196"
"10.029.08";"196"
"10.032";"197"
"10.032.01";"197"
"10.032.02";"197"
"10.032.03";"197"
"10.032.04";"197"
"10.032.05";"198"
"10.032.06";"198"
"10.032.07";"198"
"10.032.08";"198"
"10.032.09";"198"
"10.042.01";"198"
"10.042.02";"198"
"10.042.03";"199"
"10.042.04";"199"
"10.042.05";"199"
"10.042.06";"199"
"10.042.07";"199"
"10.042.08";"199"
"10.042.09";"199"
"10.042.10";"200"
"10.042.11";"200"
"10.043.02";"200"
"10.043.03";"200"
"10.043.04";"200"
"10.043.05";"200"
"10.043.06";"200"
"10.043.07";"200"
"10.043.08";"200"
"10.043.09";"201"
"10.044.01";"201"
"10.044.02";"201"
"10.044.04";"201"
"10.044.05";"201"
"10.044.06";"201"
"10.044.07";"201"
"10.044.09";"201"
"10.047.01";"201"
"10.047.02";"201"
"10.047.03";"201"
"10.047.04";"202"
"10.047.06";"202"
"10.047.07";"202"
"10.050.01";"202"
"10.050.02";"202"
"10.050.03";"202"
"10.050.04";"202, 640"
"10.050.05";"202"
"10.050.06";"202"
"10.050.07";"202"
"10.054.01";"202"
"10.054.02";"202"
"10.054.03";"202"
"10.054.04";"202"
"10.054.05";"203"
"10.054.06";"203"
"10.055.01";"203"
"10.055.02";"203"
"10.055.03";"203"
"10.055.04";"203"
"10.055.05";"203"
"10.055.06";"203"
"10.055.07";"203"
"10.055.08";"204"
"10.073.01";"204"
"10.073.02";"204, 640"
"10.073.03";"205"
"10.073.04";"205"
"10.073.05";"205"
"10.073.06";"205"
"10.073.07";"205"
"10.073.08";"205"
"10.073.09";"206"
"10.073.10";"206"
"10.073.11";"206"
"10.074.01";"206"
"10.074.02";"207"
"10.074.03";"207"
"10.074.04";"207"
"10.074.05";"207"
"10.074.06";"207"
"10.089";"207"
"10.089.01";"207"
"10.089.02";"207"
"10.089.03";"207"
"10.089.04";"207"
"10.089.05";"208"
"10.089.06";"209"
"10.089.08";"209"
"10.089.09";"209"
"10.089.10";"209"
"10.089.12";"209"
"10.089.13";"209"
"10.089.14";"209, 640"
"10.089.15";"209"
"10.089.17";"209"
"10.096";"210"
"10.096.01";"210"
"10.096.02";"210"
"10.096.03";"210"
"10.096.04";"210"
"10.096.05";"210"
"10.096.07";"210"
"10.096.08";"210"
"10.096.10";"210"
"10.096.11";"210"
"10.096.12";"210"
"10.104.01";"210"
"10.104.02";"210"
"10.104.03";"210"
"10.104.04";"210"
"10.104.05";"211"
"10.104.06";"211"
"10.104.07";"211"
"10.104.08";"211"
"10.104.09";"211"
"10.104.10";"211"
"10.105.01";"211"
"10.105.02";"211"
"10.105.03";"211"
"10.105.04";"211"
"10.105.05";"211"
"10.105.07";"212"
"10.105.08";"212"
"10.105.09";"212"
"10.105.10";"212"
"10.105.11";"212"
"10.112.01";"212"
"10.112.04";"212"
"10.112.05";"212"
"10.112.06";"212"
"10.112.07";"212"
"10.112.08";"212"
"10.112.09";"212"
"10.112.10";"212"
"10.113.01";"212"
"10.113.02";"213"
"10.113.03";"213"
"10.113.04";"213"
"10.113.05";"213"
"10.113.06";"213"
"10.113.07";"213"
"10.113.08";"213"
"10.113.10";"213"
"10.116.01";"213"
"10.116.04";"213"
"10.116.05";"213"
"10.116.06";"213"
"10.116.07";"213"
"10.116.08";"213"
"10.116.09";"214"
"10.120.01";"214"
"10.120.02";"214"
"10.120.03";"214"
"10.120.04";"214"
"10.120.06";"214"
"10.120.07";"214"
"10.120.08";"215"
"10.120.09";"215"
"10.131.01";"215"
"10.131.02";"215"
"10.131.03";"215"
"10.131.04";"216"
"10.131.05";"216"
"10.131.06";"216"
"10.131.07";"216"
"10.133";"216"
"10.133.01";"216"
"10.133.02";"217"
"10.133.03";"217"
"10.133.04";"217"
"10.133.05";"217"
"10.133.06";"217"
"10.133.07";"217"
"10.134.01";"217"
"10.134.02";"217"
"10.134.03";"217"
"10.134.05";"217"
"10.134.06";"217"
"10.134.07";"217"
"10.138.01";"217"
"10.138.02";"218"
"10.138.03";"218"
"10.138.06";"219"
"10.144.01";"219"
"10.144.02";"219"
"10.144.03";"219"
"10.144.04";"219"
"10.144.05";"219"
"10.144.06";"219"
"10.147.01";"219"
"10.147.03";"220"
"10.147.04";"220"
"10.148.01";"220, 640"
"10.148.02";"220"
"10.148.03";"220"
"10.148.04";"220"
"10.148.05";"221"
"10.152.01";"221"
"10.152.02";"221"
"10.152.04";"221"
"10.152.05";"221"
"10.153.01";"221"
"10.153.02";"221"
"10.153.04";"221"
"10.153.05";"221"
"10.160.01";"222"
"10.160.02";"222"
"10.160.03";"222"
"10.160.04";"222"
"10.160.05";"222"
"10.171.01";"222"
"10.171.02";"222"
"10.171.03";"222"
"10.171.04";"222"
"10.179.01";"222, 640"
"10.179.02";"223"
"10.179.03";"223"
"10.180.02";"223"
"10.180.03";"223"
"08.049.02";"223"
"08.049.04";"223"
"08.049.05";"223"
"08.049.06";"223"
"08.049.10";"223"
"08.050.01";"223"
"08.050.02";"223"
"08.050.03";"223"
"08.050.04";"223"
"08.050.05";"223"
"08.050.08";"223"
"08.051.01";"223"
"08.051.03";"223"
"08.051.04";"224"
"08.051.07";"224"
"08.051.09";"224"
"08.052.01";"224"
"08.052.03";"224"
"08.052.04";"224"
"08.052.05";"224"
"08.052.06";"224"
"08.052.07";"224"
"08.052.10";"224"
"08.053.01";"224"
"08.053.02";"224"
"08.053.03";"224"
"08.053.04";"225"
"08.053.05";"225"
"08.053.06";"225"
"08.053.07";"225"
"08.053.08";"225"
"08.054.01";"225"
"08.054.06";"225"
"08.054.07";"225"
"08.054.08";"225"
"10.083.01";"226"
"10.083.02";"226"
"10.083.04";"226"
"10.083.05";"226"
"10.083.06";"226"
"10.083.07";"226"
"10.084.01";"226"
"10.084.02";"226"
"10.084.03";"226"
"10.084.04";"226"
"10.084.05";"226"
"10.084.06";"226"
"01.037";"226"
"01.037.01";"226"
"01.037.03";"227"
"01.037.04";"227"
"01.037.05";"227"
"01.037.06";"227"
"01.037.07";"227"
"01.037.08";"227"
"01.037.09";"227"
"01.037.10";"227"
"01.037.11";"227"
"01.037.12";"227"
"01.037.14";"228"
"01.037.15";"228"
"01.038.01";"228"
"01.038.02";"228"
"01.038.03";"228"
"01.038.04";"228"
"01.038.05";"228"
"01.038.06";"228"
"01.038.07";"228"
"01.038.08";"228"
"01.038.09";"228"
"01.038.11";"228, 640"
"01.038.12";"228"
"01.038.13";"228"
"01.039.01";"229"
"01.039.02";"229"
"01.039.03";"229"
"01.039.04";"229"
"01.039.05";"229"
"01.039.06";"229"
"01.039.07";"229"
"01.039.08";"229"
"01.039.09";"229"
"01.064.01";"230"
"01.064.02";"230"
"01.064.03";"230"
"01.064.04";"230"
"01.064.05";"230"
"01.064.06";"230"
"01.064.08";"231"
"01.064.09";"231"
"01.064.10";"231"
"01.064.11";"231"
"01.064.12";"231"
"01.064.13";"231"
"01.064.14";"231"
"01.064.15";"231"
"01.085.01";"231"
"01.085.03";"231"
"01.085.05";"231"
"01.085.06";"231"
"01.085.07";"231"
"01.085.08";"231"
"01.085.09";"232"
"01.085.10";"232"
"01.085.11";"232"
"01.085.12";"232"
"01.086.01";"232"
"01.086.02";"232"
"01.086.03";"232"
"01.086.04";"232"
"01.086.05";"640"
"01.086.06";"233"
"01.086.07";"233"
"01.086.08";"233"
"01.087.01";"233"
"01.087.02";"233"
"01.087.03";"234"
"01.087.04";"234"
"01.087.05";"234"
"01.087.06";"234"
"01.088.01";"234"
"01.088.02";"235"
"01.088.03";"235"
"01.088.04";"235"
"01.088.05";"235"
"01.088.06";"236"
"01.166.01";"236"
"01.166.02";"236"
"01.166.03";"236"
"01.166.04";"236"
"01.166.05";"236"
"01.166.06";"237"
"01.166.07";"237"
"01.166.08";"237"
"01.166.09";"237"
"01.166.10";"237"
"01.166.11";"237"
"01.166.12";"237"
"01.166.13";"237"
"01.166.14";"238"
"01.166.15";"238"
"01.167.02";"238"
"01.167.03";"238"
"01.167.04";"238"
"01.167.06";"238"
"01.167.07";"238"
"01.167.08";"239"
"01.167.09";"239"
"01.167.10";"239"
"01.168.01";"239"
"01.168.02";"240"
"01.168.03";"240"
"01.168.05";"240"
"01.168.06";"240"
"01.168.07";"240"
"01.168.09";"240"
"01.171.01";"241"
"01.171.02";"241"
"01.171.03";"241"
"01.171.04";"241"
"01.171.05";"241"
"01.171.06";"241"
"02.034.01";"241"
"02.034.02";"242"
"02.034.03";"243"
"02.034.04";"243"
"02.034.06";"243"
"02.034.07";"243"
"02.034.08";"243"
"02.034.09";"243"
"02.034.10";"244"
"02.034.11";"244"
"02.034.12";"244"
"02.034.13";"244"
"02.034.14";"244"
"02.034.15";"245"
"05.052.01";"245"
"05.052.02";"245"
"05.052.03";"245"
"05.052.05";"245"
"05.052.06";"245"
"05.052.07";"246"
"05.052.08";"246"
"05.052.09";"246"
"05.052.10";"246"
"05.052.11";"246"
"05.052.12";"246"
"05.052.14";"246"
"05.052.15";"246"
"05.052.16";"246"
"05.053.01";"247"
"05.053.02";"247"
"05.053.03";"247"
"05.053.04";"247"
"05.053.05";"247"
"05.053.06";"247"
"05.053.07";"247"
"05.053.09";"247"
"05.053.10";"247"
"05.053.14";"247"
"05.053.16";"247"
"05.054.01";"247"
"05.054.02";"248"
"05.054.03";"248"
"05.054.04";"249"
"05.054.05";"249"
"05.054.06";"249"
"05.054.08";"249"
"05.054.10";"249"
"05.054.11";"249"
"05.054.12";"249"
"05.054.13";"249"
"05.054.14";"250"
"05.054.15";"250"
"05.055.01";"250"
"05.055.02";"250"
"05.055.04";"250"
"05.055.05";"250"
"05.055.08";"250"
"05.056.02";"250"
"05.056.03";"250"
"05.056.05";"250"
"05.056.09";"250"
"05.057.01";"250"
"05.057.03";"251"
"05.057.04";"251"
"05.057.07";"251"
"05.057.08";"251"
"05.058.01";"251"
"05.058.04";"251"
"05.058.05";"251"
"05.058.06";"251"
"05.059.01";"252"
"05.059.02";"252"
"05.059.03";"252"
"05.059.04";"252"
"05.059.05";"252"
"05.059.06";"252"
"05.059.07";"252"
"05.059.08";"253"
"05.060.01";"253"
"05.060.04";"253"
"05.060.05";"253"
"05.060.06";"253"
"05.060.07";"253"
"05.060.08";"253"
"05.087";"254"
"05.087.02";"254"
"05.087.03";"254"
"05.087.04";"254"
"05.087.05";"254"
"05.087.06";"254"
"05.087.07";"254"
"05.087.08";"254"
"05.087.09";"254"
"06.066";"255"
"06.066.02";"255"
"06.066.03";"256"
"06.066.04";"256"
"06.066.05";"256"
"06.066.06";"256"
"06.066.07";"257"
"06.066.08";"257"
"06.066.09";"257"
"06.066.11";"257"
"07.056.01";"257"
"07.056.02";"257"
"07.056.03";"257"
"07.056.04";"257"
"07.056.05";"257"
"07.056.08";"257"
"07.056.10";"257"
"07.056.11";"257"
"07.056.12";"257"
"07.056.13";"257"
"07.056.14";"257"
"07.056.16";"258"
"07.056.17";"258"
"07.056.18";"258"
"07.056.19";"258"
"07.056.20";"258"
"07.056.21";"258"
"07.056.22";"258"
"07.056.23";"258"
"07.056.24";"258"
"07.057.01";"258"
"07.057.02";"258"
"07.057.03";"259"
"07.057.04";"259"
"07.057.05";"259"
"07.057.06";"259"
"07.057.07";"259"
"07.058.01";"259"
"07.058.02";"259"
"07.058.03";"259"
"07.058.05";"259"
"07.059.01";"259"
"07.059.03";"259"
"07.059.04";"259"
"07.059.05";"259"
"07.059.06";"259"
"07.059.07";"259"
"07.059.08";"260"
"07.059.09";"260"
"07.059.10";"260"
"07.059.11";"260"
"07.059.12";"260, 641"
"08.007.01";"260"
"08.007.02";"260"
"08.007.05";"260"
"08.007.08";"260"
"08.007.10";"260"
"08.007.11";"260"
"08.007.12";"260"
"08.007.15";"260"
"08.007.16";"261"
"08.007.17";"261"
"08.007.18";"261"
"08.007.21";"261"
"08.007.23";"261"
"08.007.24";"261"
"08.007.25";"261"
"08.007.26";"261"
"08.007.27";"261"
"08.007.28";"261"
"08.007.29";"261"
"08.007.31";"261"
"08.007.32";"261"
"08.007.34";"261"
"08.007.35";"261"
"08.020.01";"261"
"08.020.02";"262"
"08.020.04";"262"
"08.020.05";"262"
"08.020.06";"262"
"08.020.07";"262"
"08.020.08";"262"
"08.020.10";"262"
"08.020.11";"262"
"08.020.12";"262"
"08.020.14";"262"
"08.020.17";"262"
"08.020.18";"262"
"08.020.19";"263"
"08.020.20";"263"
"08.020.21";"263"
"08.020.24";"263"
"08.094.01";"263"
"08.094.02";"263"
"08.094.03";"263"
"08.094.04";"263"
"08.094.05";"263"
"08.094.06";"263"
"08.094.07";"263"
"08.094.08";"263"
"08.094.12";"263"
"10.077.01";"263"
"10.077.02";"264"
"10.077.03";"264"
"10.077.04";"264"
"10.077.05";"264"
"10.077.06";"264"
"10.077.07";"264"
"10.077.08";"264"
"10.078.01";"264"
"10.078.02";"264"
"10.078.03";"264"
"10.078.04";"264"
"10.078.07";"264"
"01.043";"264"
"01.043.02";"264"
"01.043.04";"264"
"01.043.06";"265"
"01.043.07";"265"
"01.043.08";"265"
"01.043.09";"265"
"01.114.01";"265"
"01.114.02";"265"
"01.114.03";"265"
"01.114.04";"265"
"01.114.06";"265"
"01.114.07";"265"
"01.114.08";"266"
"01.114.10";"266"
"02.033.01";"266"
"02.033.02";"266"
"02.033.03";"266"
"02.033.04";"266"
"02.033.05";"267, 641"
"02.033.06";"267"
"02.033.07";"267"
"02.033.08";"267"
"02.033.10";"267"
"02.033.11";"267"
"02.033.12";"267"
"02.033.13";"267"
"02.033.14";"267"
"02.033.15";"268"
"07.046.01";"268"
"07.046.02";"268"
"07.046.04";"268"
"01.002.02";"268"
"01.002.03";"268"
"01.002.04";"268"
"01.002.05";"268"
"01.002.06";"268"
"01.002.07";"268"
"01.002.09";"268"
"01.134.01";"268"
"01.134.02";"269"
"01.134.03";"269"
"01.134.05";"269, 641"
"04.047.01";"270"
"04.048.01";"270"
"04.048.03";"270"
"04.048.05";"270"
"07.090.01";"270"
"07.090.02";"270"
"07.090.03";"270"
"07.090.04";"271"
"07.090.06";"271"
"07.090.07";"271"
"07.091.01";"271"
"07.091.03";"271"
"07.091.04";"272"
"07.092.01";"272"
"07.092.02";"272"
"07.092.03";"272"
"07.092.04";"272"
"10.186.03";"272"
"05.083";"272"
"05.083.01";"272"
"05.083.02";"273"
"05.083.03";"273"
"05.083.04";"274"
"05.083.05";"274"
"05.083.06";"274"
"05.083.07";"274"
"05.083.08";"274"
"05.083.10";"274"
"07.101.01";"274"
"07.101.03";"274"
"07.101.04";"275"
"07.101.05";"275"
"07.102.03";"275"
"01.018";"275"
"01.018.01";"275, 641"
"01.018.02";"275"
"01.018.03";"275"
"01.018.05";"275"
"01.018.06";"276"
"01.018.07";"276"
"01.018.08";"276"
"01.018.09";"276"
"01.040";"276"
"01.040.01";"276"
"01.040.02";"276"
"01.040.03";"276"
"01.040.04";"276"
"01.040.05";"276"
"01.040.06";"276"
"01.040.07";"276"
"01.040.08";"277"
"01.190.01";"277"
"01.190.02";"277"
"01.190.03";"278"
"01.190.04";"278"
"01.190.05";"278"
"01.190.06";"278"
"01.190.07";"279"
"01.190.08";"279"
"02.023";"279"
"02.023.01";"279"
"02.023.02";"279"
"02.023.03";"279"
"02.023.04";"279"
"02.023.05";"279"
"02.023.06";"279"
"02.023.07";"279"
"02.023.08";"279"
"02.023.10";"279"
"02.023.11";"279, 641"
"02.023.13";"280"
"02.023.14";"641"
"02.023.15";"280"
"02.023.16";"280"
"02.023.17";"281"
"02.023.18";"642"
"02.023.19";"281"
"02.024.01";"281"
"02.024.02";"281"
"02.024.03";"281"
"02.024.04";"281"
"02.024.05";"281"
"02.024.06";"281"
"02.024.07";"281"
"02.024.08";"282"
"02.024.09";"283"
"02.024.10";"283"
"02.024.11";"283"
"02.024.12";"283"
"02.024.13";"283"
"02.024.14";"283"
"02.024.15";"283"
"02.025.01";"283"
"02.025.02";"283"
"02.025.03";"284"
"02.025.04";"284"
"02.025.05";"284"
"02.026.02";"284"
"02.026.03";"284"
"04.049.01";"284"
"04.049.03";"284"
"04.049.05";"284"
"04.049.06";"284"
"04.050.01";"284"
"04.050.02";"284"
"04.050.03";"284"
"04.050.04";"285"
"04.050.05";"285"
"04.050.07";"285"
"04.050.08";"285"
"06.073.01";"285"
"06.073.02";"285"
"06.073.03";"285"
"07.097.01";"285"
"07.097.02";"286"
"07.097.03";"286"
"07.097.04";"286"
"07.097.05";"286"
"07.097.07";"286"
"07.097.08";"286"
"07.097.10";"286"
"07.098.01";"286"
"07.098.02";"286"
"07.098.03";"286"
"07.098.04";"286"
"10.182.02";"287"
"01.017.03";"287"
"01.017.04";"287"
"01.017.05";"287"
"01.017.06";"287"
"01.017.08";"287"
"04.041.01";"287"
"04.041.02";"287"
"04.041.03";"287"
"04.041.04";"287"
"04.041.05";"287"
"04.041.06";"287"
"04.041.07";"287"
"04.041.08";"287"
"04.041.09";"287"
"04.041.10";"287"
"04.041.11";"288"
"06.068.01";"288"
"06.068.02";"288"
"06.068.03";"288"
"06.068.04";"288, 642"
"06.068.05";"288"
"06.068.06";"288"
"06.068.07";"288"
"06.068.08";"288"
"06.068.09";"289"
"06.068.10";"289"
"06.068.11";"289"
"07.082.01";"289"
"07.082.02";"289"
"07.082.03";"289"
"07.082.04";"289"
"07.082.05";"289"
"07.082.06";"289"
"07.082.09";"290"
"07.084.01";"290"
"07.084.02";"290"
"07.084.03";"290"
"07.084.04";"290"
"07.084.05";"290"
"07.085";"290"
"07.085.01";"290"
"07.085.02";"290"
"07.085.03";"290"
"07.085.04";"290"
"08.059.01";"290"
"08.059.02";"290"
"08.059.03";"291"
"08.059.05";"291"
"08.059.06";"291"
"08.059.07";"291"
"06.057.03";"291"
"06.057.05";"291"
"06.069.01";"291"
"06.069.02";"291"
"06.069.03";"292"
"06.069.04";"292"
"06.069.05";"292"
"06.069.08";"292"
"01.021.03";"292"
"01.021.06";"292"
"01.108.02";"292"
"01.108.03";"292"
"01.108.04";"292"
"01.108.05";"292"
"01.108.06";"292"
"01.108.07";"293"
"01.109.01";"293"
"01.109.02";"293"
"01.109.03";"293"
"01.109.04";"293"
"01.109.07";"293"
"03.012.01";"293"
"03.012.02";"294"
"03.012.03";"294"
"03.012.04";"294"
"03.012.05";"294"
"03.012.06";"294"
"03.012.07";"294"
"03.012.08";"294"
"03.012.09";"294"
"05.086.01";"294"
"05.086.02";"294"
"05.086.03";"294"
"05.086.04";"294"
"05.086.05";"295"
"05.086.06";"295"
"06.059";"295"
"06.059.01";"295"
"06.059.03";"295"
"06.059.04";"295"
"06.059.05";"295"
"06.059.06";"295"
"06.059.08";"296"
"06.060.01";"296"
"06.060.02";"296"
"06.060.03";"296"
"06.060.04";"296"
"06.060.05";"296"
"06.060.06";"296"
"06.060.11";"296"
"06.060.13";"296"
"07.093.01";"297"
"07.093.02";"297"
"07.093.03";"297"
"07.093.04";"297"
"07.093.05";"297"
"07.093.06";"297"
"07.093.07";"298"
"07.093.08";"298"
"07.094.01";"298"
"07.094.02";"298"
"07.094.03";"298"
"07.094.04";"298"
"07.094.06";"298"
"07.094.11";"298"
"08.038.01";"298"
"08.038.02";"298"
"08.038.04";"298"
"08.038.06";"298"
"08.040.02";"298"
"08.040.03";"298"
"08.040.04";"298"
"08.040.05";"298"
"08.040.06";"298"
"08.040.07";"298"
"08.040.08";"298"
"08.040.09";"298"
"08.040.10";"299"
"08.040.11";"299"
"01.019.01";"299"
"01.019.02";"299"
"01.019.07";"299"
"06.072.02";"299"
"06.072.03";"299"
"06.072.04";"299"
"07.104";"299"
"07.104.01";"299"
"07.104.02";"299"
"07.104.03";"300"
"07.104.04";"300"
"07.104.05";"300"
"07.104.06";"300"
"07.104.08";"300"
"07.104.09";"300"
"07.104.10";"300"
"07.104.11";"300"
"07.104.12";"300"
"07.104.13";"300"
"07.104.14";"301"
"07.104.15";"301"
"07.104.16";"301"
"07.104.18";"301"
"07.104.19";"301"
"07.104.21";"301, 642"
"07.104.22";"301"
"07.104.23";"301"
"07.104.24";"301"
"01.093";"301"
"01.093.04";"301"
"01.093.05";"301"
"01.093.06";"301"
"01.093.07";"302"
"01.093.09";"302"
"06.074";"302"
"06.074.01";"302"
"06.074.02";"302"
"06.074.03";"302"
"02.040.01";"302"
"02.040.02";"302"
"02.040.03";"302"
"02.040.04";"303"
"02.040.06";"303"
"10.114.01";"303"
"10.114.02";"303, 642"
"10.114.03";"304"
"10.114.04";"304"
"10.114.05";"304"
"10.114.06";"304"
"10.114.07";"304"
"10.114.08";"305"
"10.114.09";"305"
"10.114.10";"305"
"10.130";"305"
"10.130.01";"305"
"10.130.02";"306"
"10.130.03";"307, 642"
"10.130.04";"307"
"10.130.05";"307"
"10.130.06";"307"
"10.130.07";"307"
"10.062.01";"307"
"10.062.02";"307"
"10.062.03";"307"
"10.062.04";"307"
"10.062.06";"308"
"10.062.07";"308"
"10.062.10";"308"
"10.062.11";"308"
"08.058";"308"
"08.058.01";"308"
"08.058.02";"308"
"08.058.03";"308"
"10.151";"308, 642"
"10.151.03";"309"
"10.151.04";"309"
"08.031";"642"
"08.031.01";"309"
"08.031.06";"310"
"08.031.07";"310"
"08.031.09";"310"
"08.031.10";"310"
"08.031.11";"310"
"08.031.12";"310"
"08.031.14";"310"
"08.031.15";"310"
"10.183";"310, 642"
"10.183.01";"310"
"10.183.03";"310"
"10.157.01";"310"
"10.157.02";"310"
"10.157.03";"310"
"10.157.05";"310"
"10.154";"311"
"10.154.01";"311"
"10.154.02";"312"
"10.154.03";"312"
"10.154.04";"312"
"10.154.05";"312"
"10.107";"312, 642"
"10.107.02";"313, 642"
"10.107.03";"313"
"10.107.04";"313"
"10.107.06";"313"
"10.107.07";"313, 642"
"10.107.08";"313"
"10.107.09";"313"
"10.101.01";"314"
"10.101.02";"314"
"10.101.03";"314"
"10.101.04";"314"
"10.101.05";"315"
"10.101.06";"315"
"10.101.07";"315"
"10.101.08";"315"
"10.101.09";"315"
"10.101.10";"315"
"10.101.11";"315"
"10.101.12";"315"
"01.013";"315"
"10.110";"315"
"01.013.01";"319"
"01.013.02";"319"
"01.013.05";"319"
"01.013.06";"319, 642"
"01.013.09";"319"
"01.013.11";"319"
"01.142.01";"319"
"01.142.02";"319"
"01.142.03";"319"
"01.142.04";"319"
"01.142.05";"319"
"01.142.06";"319"
"01.142.07";"319"
"01.142.08";"319"
"01.142.10";"319"
"01.188.02";"320"
"01.188.05";"320"
"01.188.08";"320"
"01.188.09";"320"
"01.188.10";"320"
"02.003.01";"320, 642"
"02.003.02";"320"
"02.003.03";"320"
"02.003.04";"320"
"02.003.05";"320"
"02.003.06";"320"
"02.003.08";"320"
"02.003.11";"320"
"03.004.01";"320"
"03.004.02";"320"
"03.004.04";"320"
"03.004.05";"320"
"03.004.06";"320"
"03.004.07";"320"
"03.004.08";"321"
"03.004.09";"321"
"03.004.10";"321"
"05.005.02";"321"
"05.005.04";"321"
"05.005.10";"321"
"07.002";"321"
"07.002.01";"321"
"07.002.02";"321"
"07.002.03";"321, 642"
"07.002.04";"321"
"07.002.05";"321"
"07.002.06";"321"
"09.005.05";"322"
"09.005.06";"322, 643"
"10.070.01";"322"
"10.070.04";"322"
"10.070.05";"322"
"10.070.10";"322"
"10.110";"322"
"10.110.04";"322"
"10.110.05";"323"
"10.110.07";"323"
"10.110.08";"323"
"10.110.11";"323"
"03.029";"323, 643"
"03.029.01";"324"
"03.029.02";"324"
"03.029.03";"324"
"03.029.04";"324"
"03.029.05";"324"
"03.029.06";"325"
"03.029.08";"325"
"03.029.10";"325"
"03.029.11";"325"
"03.029.12";"325"
"03.029.13";"325"
"03.029.14";"325"
"03.029.15";"326"
"03.029.16";"326"
"03.008";"326, 643"
"03.008.01";"327"
"03.008.02";"327"
"03.008.03";"327"
"03.008.04";"327"
"03.008.05";"327"
"03.008.06";"327"
"03.008.07";"328"
"03.008.09";"328"
"03.008.10";"328"
"03.008.11";"329"
"01.028";"329"
"01.028.01";"329"
"01.028.02";"329"
"01.028.03";"329"
"01.028.04";"329"
"01.028.06";"329"
"01.028.07";"329"
"01.028.09";"330"
"10.076";"330, 643"
"10.076.01";"330"
"10.076.02";"330"
"10.076.03";"331"
"10.076.04";"331"
"10.076.06";"331"
"10.076.07";"331"
"10.094.01";"331"
"10.094.02";"331"
"10.094.03";"332"
"10.094.04";"332"
"10.094.05";"332"
"10.094.06";"332"
"10.094.08";"332"
"10.094.10";"332"
"10.094.11";"332"
"10.094.12";"332"
"10.094.13";"332"
"10.094.14";"333"
"10.175.01";"333"
"10.175.02";"333"
"10.175.03";"333"
"10.013.01";"333"
"10.013.02";"334"
"10.013.03";"334"
"10.013.04";"335"
"10.013.05";"335"
"01.015.01";"335"
"01.015.02";"335"
"01.015.03";"336"
"01.015.04";"336"
"01.015.05";"336"
"01.015.06";"336"
"01.015.07";"336"
"01.015.08";"336"
"01.015.09";"336"
"01.015.10";"336"
"01.015.11";"336"
"01.015.12";"336"
"02.036";"336"
"02.036.01";"336"
"02.036.02";"336"
"02.036.03";"336"
"02.036.04";"336"
"02.036.06";"336"
"02.037.01";"336"
"02.037.03";"336"
"02.037.04";"336"
"02.037.05";"337"
"02.037.06";"337"
"09.001";"643"
"09.001.01";"337"
"09.001.02";"337"
"09.001.03";"337"
"09.001.05";"337"
"09.001.06";"337"
"09.001.07";"338"
"09.001.08";"338"
"09.001.10";"338"
"09.002.02";"338"
"09.002.05";"338"
"09.002.06";"338"
"09.002.08";"338"
"09.002.09";"338"
"09.002.10";"338"
"09.003";"338"
"09.003.01";"338"
"09.003.02";"338"
"09.003.08";"338"
"09.004.01";"338"
"09.004.08";"338"
"09.006";"338"
"09.006.01";"338"
"09.006.02";"338"
"09.006.06";"338"
"09.006.08";"339"
"09.006.09";"339"
"09.007.01";"339"
"09.007.02";"339"
"09.007.03";"339"
"09.007.04";"339"
"09.007.05";"339"
"09.007.06";"339"
"09.007.07";"339"
"09.007.08";"339"
"09.008.02";"340"
"09.008.04";"340"
"09.008.05";"340"
"09.008.08";"340"
"09.009.01";"340"
"09.009.02";"340"
"09.009.04";"340"
"09.009.06";"340"
"09.009.07";"340"
"09.009.08";"340"
"09.010.01";"340"
"09.010.02";"340"
"09.010.04";"340"
"09.010.05";"340"
"09.010.06";"340"
"09.010.07";"340"
"09.010.08";"341"
"09.010.09";"341"
"09.011";"341"
"09.011.02";"341"
"09.011.03";"341"
"09.012.01";"341"
"09.012.02";"341"
"09.012.03";"341"
"09.012.04";"341"
"09.012.06";"341"
"09.012.07";"341"
"09.013.01";"341"
"09.013.07";"341"
"09.014.01";"342"
"09.014.02";"342, 643"
"09.014.03";"342"
"09.014.04";"342"
"09.014.06";"342"
"09.014.08";"342"
"09.015.02";"342"
"09.015.03";"342"
"09.015.05";"342"
"09.015.06";"342"
"09.015.08";"342"
"09.016.01";"342, 643"
"09.016.03";"342"
"09.016.08";"342"
"09.017.03";"342"
"09.017.06";"343"
"09.019.03";"343"
"09.019.04";"343"
"09.019.05";"343"
"09.019.06";"343"
"09.020.01";"343"
"09.020.03";"343"
"09.020.06";"343"
"09.021.02";"343"
"09.021.03";"343"
"09.021.04";"343"
"09.021.05";"343"
"09.021.06";"343"
"09.022.01";"343"
"09.022.02";"343"
"09.022.05";"343"
"09.022.06";"343"
"09.023.01";"343"
"09.023.02";"343"
"09.024.01";"343"
"09.024.03";"344"
"09.024.05";"344"
"09.024.07";"344"
"09.025.02";"344"
"09.025.03";"344"
"09.025.04";"344"
"09.025.05";"344"
"09.025.06";"344"
"09.026.01";"344"
"09.026.04";"344"
"09.027.01";"344"
"09.027.04";"344"
"09.027.05";"344"
"09.027.06";"344"
"09.028.01";"344"
"09.028.05";"344"
"09.029.01";"344"
"09.029.05";"344"
"09.030.01";"344"
"09.030.06";"344"
"09.031.01";"344"
"09.031.02";"344"
"09.031.04";"344"
"09.031.05";"344"
"09.032";"344"
"09.032.01";"344"
"09.032.03";"344"
"09.032.04";"345"
"09.033.01";"345"
"09.033.02";"345"
"09.033.03";"345"
"09.033.04";"345"
"09.033.05";"345"
"09.034.01";"345"
"09.034.04";"345"
"09.034.05";"345"
"09.034.06";"345"
"09.035.01";"345"
"09.035.02";"345"
"09.035.04";"345"
"09.035.06";"345"
"09.036.01";"346"
"09.036.02";"346"
"09.036.03";"346"
"09.036.04";"346"
"09.037.02";"346"
"09.037.04";"346"
"09.037.05";"346"
"09.037.06";"346"
"09.038.01";"346"
"09.038.02";"346"
"09.038.03";"346"
"09.038.05";"346"
"09.039.01";"346"
"09.039.02";"346"
"09.039.03";"346"
"09.039.04";"346"
"09.039.05";"346"
"09.039.06";"346"
"09.040.02";"346"
"09.040.06";"346"
"09.041.01";"346"
"09.041.02";"347"
"09.041.04";"347"
"09.041.06";"347"
"09.042.02";"347"
"09.042.03";"347"
"09.043.05";"347"
"09.044.01";"347"
"09.044.02";"347"
"09.045.02";"347"
"09.045.04";"347"
"09.046.01";"347"
"09.046.02";"347"
"09.046.04";"347"
"09.046.06";"348"
"09.047.01";"348"
"09.047.04";"348"
"09.048.01";"348"
"09.048.02";"348"
"09.048.03";"348"
"09.049.01";"349"
"09.049.02";"349"
"09.050.01";"349"
"09.050.02";"349"
"09.050.03";"349"
"09.050.04";"349"
"09.050.05";"349"
"09.051.01";"349"
"09.051.02";"349"
"09.051.03";"349"
"09.052.01";"349"
"09.052.02";"349"
"09.052.03";"349"
"09.053.01";"349"
"09.053.02";"349"
"09.053.03";"349"
"09.053.04";"349"
"09.054.01";"349, 643"
"09.054.02";"350"
"09.055.01";"350"
"09.055.02";"350"
"09.055.03";"350"
"09.055.04";"350"
"09.057.02";"350"
"09.057.03";"350"
"09.058.02";"351"
"09.058.03";"351, 643"
"09.058.04";"351"
"09.059.02";"351"
"09.059.04";"351"
"09.060.03";"351"
"09.061.01";"351"
"09.061.04";"351"
"09.061.07";"351"
"09.061.09";"351"
"09.061.10";"351"
"09.061.11";"352"
"09.061.13";"352"
"09.061.14";"352"
"09.061.15";"352"
"09.061.17";"352"
"09.061.19";"352"
"09.061.20";"352"
"09.061.21";"352"
"09.061.24";"352"
"09.061.25";"352"
"09.061.27";"352"
"09.061.28";"352"
"09.061.29";"352"
"09.062.01";"352"
"09.062.02";"352"
"09.062.03";"353"
"09.062.05";"353"
"09.062.06";"353"
"09.062.08";"353"
"09.062.09";"353"
"09.062.12";"353"
"09.062.14";"353"
"09.062.15";"353"
"09.062.16";"353"
"09.062.17";"353"
"09.062.19";"353"
"09.062.20";"353"
"09.062.22";"354"
"09.062.23";"354"
"09.062.24";"354"
"09.062.25";"354"
"09.062.26";"354"
"09.062.27";"354"
"09.062.28";"354"
"09.062.30";"354"
"09.063.04";"354"
"09.063.06";"354"
"09.063.08";"354"
"09.063.09";"354"
"09.063.13";"354"
"09.063.14";"354"
"09.063.22";"354"
"09.064.01";"354"
"09.064.02";"354"
"09.064.09";"354"
"09.064.10";"354"
"09.064.11";"354"
"09.064.16";"354"
"09.064.22";"354"
"09.064.23";"354"
"09.064.24";"354"
"09.064.28";"354"
"09.064.29";"354"
"09.064.30";"354"
"09.065.01";"355"
"09.065.02";"355"
"09.065.03";"355"
"09.065.04";"355"
"09.065.06";"355"
"09.065.12";"355"
"09.065.16";"355"
"09.065.17";"355"
"09.065.19";"355"
"09.065.20";"355"
"09.065.23";"355"
"09.065.26";"355"
"09.066.02";"355"
"09.066.05";"355"
"09.066.08";"355"
"09.066.09";"355"
"09.066.15";"355"
"09.066.16";"355"
"09.066.18";"355"
"09.066.19";"355"
"09.066.20";"355"
"09.066.21";"355"
"09.066.25";"355"
"09.066.27";"355"
"09.067.02";"355"
"09.067.03";"355"
"09.067.10";"355"
"09.067.11";"355"
"09.067.13";"356"
"09.067.15";"356"
"09.067.16";"356"
"09.067.22";"356"
"09.067.23";"356"
"09.067.24";"356"
"09.067.25";"356"
"09.067.26";"356"
"09.067.27";"356"
"09.067.28";"356"
"09.067.29";"356"
"09.067.30";"356"
"09.067.31";"356"
"09.068.01";"357"
"09.068.02";"357"
"09.068.03";"357"
"09.068.04";"357"
"09.068.05";"357"
"09.068.06";"358"
"09.068.07";"358"
"09.069.01";"358"
"09.069.02";"358"
"09.069.03";"358"
"09.069.04";"358"
"09.069.05";"358"
"09.069.07";"358"
"09.069.10";"358"
"09.070.01";"358"
"09.070.02";"359"
"09.070.03";"359"
"09.070.04";"359"
"09.070.05";"359"
"09.070.06";"359"
"09.070.08";"359"
"09.070.09";"359"
"09.071.01";"359"
"09.071.02";"360"
"09.071.03";"360"
"09.071.04";"360"
"09.071.05";"360"
"09.071.06";"360"
"09.071.07";"360"
"09.071.08";"360"
"09.071.09";"360"
"09.072.03";"360"
"09.072.05";"360"
"09.072.06";"361"
"09.072.07";"361"
"09.073.01";"361"
"09.073.02";"361"
"09.073.03";"361"
"09.073.04";"361"
"09.073.05";"361"
"09.073.06";"361"
"09.073.08";"362"
"09.073.09";"362"
"09.074.01";"362"
"09.074.04";"362, 643"
"09.074.05";"362"
"09.074.06";"362"
"09.074.08";"362"
"09.075.01";"362"
"09.075.02";"362"
"09.075.03";"363"
"09.076.02";"363"
"09.076.03";"363"
"09.077.01";"363"
"09.077.02";"363"
"09.077.03";"363"
"09.077.04";"363"
"09.077.05";"363"
"09.078.01";"363"
"09.078.02";"364"
"09.078.03";"364"
"09.079.01";"364"
"09.079.03";"365"
"09.079.04";"365"
"09.080.01";"365"
"09.080.03";"365"
"09.081.01";"365"
"09.081.02";"365"
"09.081.03";"365"
"09.082.01";"365"
"09.082.02";"365"
"09.082.03";"365"
"09.082.04";"365"
"09.082.05";"365"
"09.083";"365"
"09.083.01";"643"
"09.083.02";"366"
"09.083.03";"366, 643"
"09.083.05";"366"
"09.084.02";"366"
"09.084.03";"366"
"09.085.02";"366"
"09.085.03";"366"
"09.085.08";"366"
"09.085.09";"366"
"09.085.10";"366"
"09.085.11";"366"
"09.085.12";"367"
"09.086.03";"367"
"09.086.04";"367"
"09.086.05";"367"
"09.086.06";"367"
"09.086.09";"367"
"09.086.12";"368"
"09.086.14";"368"
"09.086.15";"368"
"09.086.16";"368"
"09.086.17";"368"
"09.086.18";"368"
"09.086.19";"368"
"09.086.20";"368"
"09.086.21";"368"
"09.086.25";"368"
"09.086.27";"368"
"09.086.28";"368"
"09.086.29";"368"
"09.086.32";"368"
"09.086.37";"368"
"09.086.38";"368"
"09.086.39";"368"
"09.086.40";"368"
"09.086.41";"368"
"09.086.42";"368"
"09.086.43";"368"
"09.086.44";"368"
"09.086.45";"369"
"09.087.01";"369"
"09.087.02";"369"
"09.087.03";"369"
"09.087.06";"369"
"09.087.07";"369"
"09.087.08";"369"
"09.087.09";"369"
"09.088.01";"369, 643"
"09.088.02";"369"
"09.088.03";"369"
"09.088.04";"369"
"09.088.05";"369"
"09.088.07";"369"
"09.088.08";"369"
"09.089.01";"369"
"09.089.02";"369"
"09.089.03";"370"
"09.089.04";"370"
"09.089.05";"370"
"09.090.02";"370"
"09.091.01";"370"
"09.091.02";"370"
"09.091.03";"370"
"09.091.04";"370"
"09.091.05";"370"
"09.092.01";"370"
"09.092.05";"370"
"09.092.06";"370"
"09.093.01";"370"
"09.093.03";"371"
"09.093.04";"371"
"09.094.01";"371"
"09.094.02";"371"
"09.094.03";"371"
"09.094.04";"371"
"09.095.01";"371"
"09.095.02";"371"
"09.095.04";"371"
"09.095.05";"371"
"09.096.02";"371"
"09.096.03";"372"
"09.096.04";"372"
"09.096.06";"372"
"09.096.07";"372"
"09.096.11";"372"
"09.096.13";"372"
"09.096.15";"372"
"09.096.17";"372"
"09.096.18";"372"
"09.096.19";"372"
"09.096.22";"372"
"09.097.01";"372"
"09.097.02";"372"
"09.097.04";"372"
"09.097.05";"372"
"09.097.07";"372"
"09.097.08";"373"
"09.097.09";"373"
"09.097.10";"373"
"09.097.12";"373"
"09.097.13";"373"
"09.097.14";"373"
"09.097.15";"373"
"09.097.16";"373"
"09.097.17";"373"
"09.097.18";"374"
"09.097.19";"374"
"09.097.22";"374"
"09.097.23";"374"
"09.097.26";"374"
"09.097.27";"374"
"09.097.30";"374"
"09.097.31";"374"
"09.097.33";"374"
"09.097.34";"374"
"09.097.35";"374"
"09.097.36";"374"
"09.097.37";"374"
"09.097.38";"374"
"09.097.39";"375"
"09.097.40";"375"
"09.097.42";"375"
"09.097.43";"375"
"09.097.47";"375"
"09.097.50";"375"
"09.097.51";"375"
"09.097.52";"375"
"09.097.53";"375"
"09.097.54";"375"
"09.097.56";"375"
"09.097.58";"376"
"09.098.01";"376"
"09.098.02";"376"
"09.098.03";"376"
"09.098.05";"376"
"09.098.06";"376"
"09.098.09";"376"
"09.098.10";"376"
"09.098.12";"376"
"09.099.01";"376"
"09.099.02";"376"
"09.099.03";"376"
"09.099.04";"376"
"09.099.05";"377"
"09.099.06";"377"
"09.099.07";"377"
"09.100.06";"377"
"09.100.07";"377"
"09.101";"377"
"09.101.01";"377"
"09.101.02";"377"
"09.101.03";"377"
"09.101.05";"377"
"09.101.09";"377"
"09.101.10";"377"
"09.101.11";"377"
"09.101.12";"377"
"09.101.13";"378"
"09.102.01";"378"
"09.102.02";"378"
"09.102.03";"378"
"09.102.04";"378"
"09.102.05";"379"
"09.102.06";"379"
"09.102.07";"379"
"09.103.01";"379"
"09.103.03";"379"
"09.104.01";"379"
"09.104.02";"379"
"09.104.03";"379"
"09.105";"379"
"09.105.01";"379"
"09.105.03";"379"
"09.105.04";"379"
"09.106.01";"379"
"09.106.02";"379"
"09.106.03";"379"
"09.106.09";"379"
"09.106.10";"379"
"09.106.11";"379"
"09.106.12";"379"
"09.106.13";"379"
"09.107.01";"379"
"09.107.05";"379"
"09.107.06";"379"
"09.107.08";"379"
"09.107.09";"379"
"09.107.10";"379"
"09.107.11";"380"
"09.107.12";"380"
"09.107.13";"380"
"09.107.14";"380"
"09.107.15";"380"
"09.107.20";"380"
"09.107.21";"380"
"09.107.22";"380"
"09.107.23";"380"
"09.108.01";"380"
"09.108.03";"380"
"09.108.04";"380"
"09.108.05";"380"
"09.108.06";"380"
"09.108.07";"380, 644"
"09.108.08";"380"
"09.108.09";"380"
"09.108.10";"380"
"09.108.11";"380"
"09.109";"380"
"09.109.02";"381"
"09.109.03";"381"
"09.109.05";"381"
"09.109.08";"381"
"09.109.09";"381"
"09.109.10";"381"
"09.109.11";"381"
"09.109.16";"381"
"09.109.18";"381"
"09.110.01";"381"
"09.110.02";"381"
"09.110.03";"381"
"09.110.04";"381"
"09.110.05";"381"
"09.110.06";"381"
"09.110.09";"381"
"09.111.01";"381"
"09.111.02";"381"
"09.111.03";"381"
"01.163";"381, 644"
"01.163.01";"384"
"01.163.02";"384"
"01.163.03";"384"
"01.163.04";"385"
"01.163.05";"385"
"01.163.06";"385"
"01.163.07";"385"
"01.163.08";"386"
"01.163.09";"386"
"01.163.10";"386"
"01.163.12";"386"
"01.162";"386"
"01.162.01";"386"
"01.162.02";"386"
"01.162.03";"386"
"01.162.04";"386"
"01.162.05";"386"
"01.162.06";"386"
"01.162.07";"386"
"01.162.08";"387"
"01.162.09";"387"
"01.162.10";"387"
"01.162.11";"387"
"01.162.12";"387"
"01.162.13";"387, 644"
"01.162.14";"388"
"01.162.15";"388, 644"
"01.162.16";"388"
"01.162.17";"388"
"01.162.18";"388"
"01.162.19";"388"
"01.162.20";"388"
"01.162.21";"388"
"01.162.22";"389"
"10.030";"389"
"10.030.01";"390"
"10.030.04";"390"
"10.030.05";"390"
"10.030.06";"390"
"10.030.08";"390"
"10.030.09";"390"
"10.030.10";"390"
"10.030.11";"390"
"10.030.12";"390"
"10.030.13";"390, 644"
"10.030.14";"391"
"10.030.15";"391"
"10.017";"391"
"10.017.03";"392"
"10.017.04";"392"
"10.017.05";"392"
"10.017.06";"393"
"10.017.07";"393"
"10.017.08";"393"
"10.017.10";"393"
"10.017.11";"393"
"10.017.13";"393"
"10.017.12";"394"
"10.017.14";"394"
"10.085";"394"
"10.085.01";"394"
"10.085.02";"394"
"10.085.03";"394"
"10.085.04";"395"
"10.085.05";"395"
"10.085.06";"396"
"10.085.07";"396"
"10.085.08";"396"
"10.085.10";"396"
"10.085.11";"396"
"10.085.12";"396"
"10.085.13";"396"
"10.085.14";"397, 644"
"10.085.15";"397"
"10.085.16";"397"
"10.085.17";"397"
"10.085.18";"397"
"10.085.19";"397"
"10.085.20";"397"
"10.085.21";"397"
"10.085.22";"397"
"10.085.23";"398"
"10.085.25";"398"
"10.085.26";"398"
"10.085.27";"398"
"10.085.28";"398"
"10.085.29";"398"
"10.085.30";"398"
"10.085.31";"398"
"10.085.32";"398"
"10.085.33";"398"
"10.085.34";"399"
"10.085.35";"399"
"10.085.37";"399"
"10.085.38";"399"
"10.085.39";"399"
"10.085.40";"400"
"10.085.41";"644"
"10.085.42";"400"
"10.085.43";"400"
"10.085.44";"400"
"10.085.46";"400"
"10.085.47";"400"
"07.054";"400"
"07.054.01";"400"
"07.054.03";"400"
"07.055";"400"
"07.055.03";"400"
"07.055.04";"400"
"07.055.05";"401"
"07.055.06";"401"
"07.055.07";"401"
"07.055.08";"401"
"07.057";"401"
"07.057.01";"401"
"07.057.02";"401"
"07.057.04";"401"
"07.057.05";"401"
"07.057.06";"401"
"07.057.07";"401"
"07.057.08";"402"
"01.187";"402"
"01.187.07";"403"
"01.187.08";"403"
"01.187.09";"403"
"01.187.10";"403"
"10.146";"403"
"10.146.01";"403"
"10.146.02";"403"
"10.146.03";"403, 644"
"10.146.04";"403"
"10.146.06";"403"
"10.127";"404"
"10.127.03";"404"
"10.127.05";"404"
"10.127.06";"404"
"10.127.07";"404"
"10.127.08";"404"
"10.155";"404"
"10.155.03";"404"
"10.155.04";"404, 644"
"10.155.05";"404"
"10.184";"404"
"10.184.01";"404"
"10.184.02";"405"
"10.184.03";"405"
"10.162";"405"
"10.162.01";"405"
"10.162.04";"405"
"10.162.05";"405"
"05.078";"405"
"05.078.08";"405"
"05.078.09";"405"
"05.078.06";"405"
"01.172";"405"
"01.172.02";"405"
"09.114.02";"405"
"09.114.03";"405"
"09.114.04";"406"
"10.137";"406"
"10.137.01";"406"
"10.137.02";"406"
"10.137.03";"406"
"10.137.04";"406"
"10.137.05";"406"
"10.137.06";"406"
"10.137.07";"406"
"10.137.08";"406"
"10.169";"406"
"10.169.02";"406"
"10.169.03";"406"
"01.191.01";"407"
"01.191.02";"407"
"01.191.03";"407"
"01.191.04";"407"
"01.191.05";"407, 644"
"01.191.06";"407"
"01.191.08";"408"
"01.191.09";"408"
"01.191.10";"408"
"01.191.11";"408"
"01.191.13";"408"
"01.191.15";"408"
"08.091";"408"
"08.091.01";"408"
"08.091.02";"408"
"08.091.03";"408"
"08.091.04";"408"
"08.091.05";"408"
"08.091.06";"408"
"08.091.07";"409"
"07.050.01";"409"
"07.050.02";"409"
"07.050.03";"409"
"10.126";"409"
"10.126.01";"409"
"10.126.02";"409"
"10.126.03";"409"
"10.126.08";"409"
"10.161.01";"409"
"10.161.02";"409"
"10.161.03";"409"
"10.161.04";"409"
"10.161.05";"409"
"10.163";"409"
"10.163.03";"409"
"10.163.06";"410"
"10.164";"410"
"10.164.02";"410"
"10.164.04";"410"
"10.164.05";"410"
"01.029.01";"410"
"01.029.02";"410"
"01.029.03";"410"
"01.029.04";"410"
"01.029.05";"410"
"01.029.06";"410"
"01.029.07";"410"
"02.042";"410"
"02.042.01";"411"
"02.042.03";"411"
"02.043.01";"411"
"10.165";"411"
"10.165.03";"411"
"10.165.04";"411"
"10.165.05";"411"
"10.145";"411"
"10.145.02";"411"
"10.145.03";"411"
"10.145.04";"411"
"10.145.05";"411"
"10.145.06";"411"
"10.159";"411"
"10.159.01";"411"
"10.159.02";"411"
"10.159.04";"412"
"10.159.05";"412"
"10.128";"412"
"10.128.01";"412"
"10.128.02";"412"
"10.128.03";"412"
"10.128.04";"412"
"10.128.05";"412, 413"
"10.128.06";"412, 413"
"10.128.07";"412, 413"
"10.128.08";"412, 413"
"10.128.09";"412, 413"
"10.141.01";"414"
"10.141.02";"414"
"10.141.03";"414"
"10.141.04";"414"
"10.141.05";"414"
"10.141.06";"414"
"10.166";"414"
"10.166.01";"414"
"10.166.03";"414"
"10.166.04";"414"
"10.173";"414"
"10.173.01";"414"
"10.173.02";"414"
"10.173.03";"414"
"10.173.04";"414"
"10.173.06";"414"
"10.174";"414"
"10.174.02";"415"
"10.174.03";"415"
"10.174.04";"415"
"10.174.05";"415"
"10.174.06";"415"
"10.191";"415"
"10.191.02";"415"
"10.191.03";"415"
"10.014";"415"
"10.014.01";"416, 644"
"10.014.02";"416"
"10.014.03";"416, 644"
"10.014.04";"416"
"10.014.05";"416"
"10.014.06";"416"
"10.014.07";"416, 644"
"10.014.08";"417"
"10.014.09";"418"
"10.014.10";"418"
"10.014.11";"418, 644"
"10.014.12";"418"
"10.014.13";"418"
"10.014.14";"418"
"10.014.16";"419"
"10.015.01";"419"
"10.015.02";"419"
"10.015.03";"419"
"10.015.04";"420"
"10.015.05";"420"
"10.015.06";"420, 645"
"10.015.07";"420"
"10.015.08";"420"
"10.015.09";"420"
"10.015.10";"421"
"10.015.11";"421"
"10.015.12";"421"
"10.015.13";"421"
"10.015.14";"421"
"10.016";"422, 645"
"10.016.01";"422"
"10.016.02";"422"
"10.016.03";"422"
"10.016.04";"422"
"10.016.05";"422"
"10.016.06";"423"
"10.016.07";"423"
"10.016.08";"423"
"10.016.09";"423"
"10.016.10";"423"
"10.016.11";"423, 645"
"10.016.12";"423"
"10.016.13";"423"
"10.016.14";"423"
"10.018.01";"424"
"10.018.02";"424"
"10.018.03";"424"
"10.018.04";"424"
"10.018.05";"424"
"10.018.06";"424"
"10.018.07";"424"
"10.018.08";"424"
"10.018.09";"425"
"10.018.10";"425"
"10.018.11";"425"
"10.018.12";"425"
"10.018.13";"425, 645"
"10.018.14";"426"
"10.056.01";"426"
"10.056.02";"426"
"10.056.03";"426"
"10.056.04";"426"
"10.056.05";"427"
"10.056.06";"427"
"10.056.07";"427"
"09.113";"427"
"09.113.01";"427"
"09.113.02";"427"
"09.113.03";"427, 435"
"09.113.04";"427, 435"
"09.113.05";"427, 436"
"09.113.06";"427, 436"
"09.113.07";"427"
"09.113.08";"427, 645"
"09.113.09";"427"
"09.113.10";"427"
"09.113.11";"427"
"10.090";"437"
"10.090.01";"437"
"10.090.02";"437"
"10.090.03";"438"
"10.090.04";"438"
"10.090.05";"438"
"10.090.06";"439"
"10.090.08";"439"
"10.090.09";"439"
"10.090.10";"439"
"10.090.11";"439"
"10.090.13";"440"
"10.090.14";"440"
"10.090.15";"440"
"10.090.16";"440"
"10.121.01";"440"
"10.121.02";"440"
"10.121.03";"440"
"10.121.04";"440"
"10.121.05";"440"
"10.121.06";"441"
"10.121.07";"441"
"10.121.09";"441"
"10.121.10";"441"
"10.072.01";"442"
"10.072.03";"442"
"10.072.04";"442"
"10.072.05";"442"
"10.072.06";"442"
"10.072.07";"442"
"10.072.08";"442"
"10.072.09";"443"
"01.105.01";"443"
"01.105.02";"443"
"01.105.03";"443"
"01.105.04";"443"
"01.105.05";"443"
"01.105.06";"443, 645"
"01.105.07";"444"
"01.105.08";"444"
"01.105.09";"444"
"01.105.10";"444"
"01.105.11";"445"
"01.105.12";"445"
"01.105.15";"445"
"01.105.16";"445"
"01.105.17";"445"
"01.105.18";"445"
"01.164";"445"
"01.164.01";"445"
"01.164.02";"446"
"01.164.03";"446"
"01.164.04";"446"
"01.164.05";"446"
"01.164.06";"447"
"01.164.07";"447"
"01.164.08";"447"
"01.164.09";"447"
"01.164.10";"447, 645"
"01.164.11";"451"
"01.164.12";"451"
"01.164.13";"451"
"01.164.14";"451"
"01.164.15";"452"
"01.164.16";"452"
"01.164.17";"452"
"01.164.18";"452"
"01.164.19";"453"
"01.164.20";"453"
"01.164.21";"453"
"01.164.22";"453"
"01.164.23";"454"
"01.164.24";"454"
"01.164.25";"454"
"01.164.26";"454"
"01.164.27";"454"
"01.164.28";"454"
"01.164.29";"455"
"01.164.30";"455"
"01.164.31";"455"
"01.164.32";"455"
"01.164.33";"455"
"01.164.34";"455"
"01.164.35";"455"
"01.164.36";"455"
"01.164.37";"455"
"01.164.38";"455"
"01.164.39";"456"
"01.164.40";"456"
"01.164.41";"456"
"01.164.42";"456"
"01.164.43";"456"
"01.164.44";"456"
"01.164.45";"456"
"01.164.46";"457"
"01.164.47";"457"
"01.164.48";"457"
"01.164.49";"457"
"01.164.50";"457"
"01.164.51";"457"
"01.164.52";"457"
"10.177.01";"457"
"10.177.02";"457"
"10.181";"458"
"10.181.01";"458"
"10.181.03";"458"
"10.190";"458"
"10.190.01";"458"
"10.190.02";"458"
"10.190.03";"458"
"04.058";"458"
"04.058.01";"459"
"04.058.02";"460"
"04.058.03";"460"
"04.058.04";"461"
"04.058.05";"462"
"04.058.06";"462"
"04.058.07";"462"
"04.058.08";"462"
"04.058.09";"463"
"04.058.10";"463"
"04.058.11";"463"
"04.042";"463"
"04.042.01";"463"
"04.042.02";"463"
"04.042.03";"463"
"04.042.04";"463"
"04.042.06";"463"
"04.042.07";"463"
"04.042.08";"463"
"04.042.10";"464"
"10.124.01";"464"
"10.124.02";"464"
"10.124.03";"464"
"10.124.04";"464"
"10.124.05";"464"
"10.124.06";"464"
"10.124.07";"465"
"10.124.08";"465"
"10.124.09";"465"
"03.048";"465"
"03.048.01";"465"
"03.048.03";"465"
"03.048.04";"465"
"04.018";"465"
"04.018.02";"465"
"04.018.03";"465"
"04.018.04";"466"
"04.018.05";"466"
"04.018.06";"466"
"04.018.07";"466"
"04.018.08";"466"
"04.018.09";"466"
"04.018.10";"466"
"04.018.11";"466"
"04.018.12";"466"
"04.018.13";"466"
"04.026";"467, 645"
"04.026.02";"467"
"04.026.03";"467"
"04.026.04";"467"
"04.026.06";"467"
"04.026.07";"467"
"04.027";"467"
"04.027.02";"468"
"04.027.03";"468, 645"
"04.027.04";"468, 645"
"04.027.05";"468"
"04.028.02";"468"
"04.028.03";"469"
"04.028.04";"469"
"04.028.09";"469"
"04.030.01";"469"
"04.030.02";"469"
"04.030.03";"469"
"04.030.04";"469"
"04.030.05";"469"
"04.030.06";"469"
"04.030.07";"469"
"04.030.08";"469"
"04.030.09";"469"
"04.030.10";"469"
"04.030.11";"469"
"04.030.12";"469"
"04.030.14";"469"
"04.030.15";"469"
"04.030.16";"470"
"04.030.17";"470"
"04.030.19";"470"
"04.030.21";"470"
"04.030.23";"470"
"04.030.24";"470"
"01.032.01";"470"
"01.032.02";"470"
"01.032.03";"470"
"01.032.04";"470"
"01.032.05";"470"
"01.032.06";"470"
"01.032.07";"471"
"01.032.08";"471"
"01.032.09";"471"
"01.032.12";"471"
"01.032.13";"471"
"01.032.14";"471"
"01.032.15";"471"
"01.033.01";"471"
"01.033.03";"472"
"01.033.04";"472"
"01.033.05";"472"
"01.033.06";"472"
"01.033.07";"472"
"01.033.08";"472"
"01.033.09";"472"
"01.033.10";"472"
"01.033.11";"472"
"01.033.13";"472"
"01.033.14";"472"
"01.033.15";"472"
"01.051.01";"472"
"01.051.02";"473"
"01.051.03";"473"
"01.051.04";"473"
"01.051.05";"473"
"01.051.07";"473"
"01.051.08";"473"
"01.051.10";"473"
"01.051.11";"473"
"01.051.12";"474"
"01.051.13";"474"
"01.051.14";"474"
"01.051.15";"474"
"01.052";"474"
"01.052.01";"474"
"01.052.03";"474"
"01.052.04";"475"
"01.052.05";"475"
"01.052.06";"475"
"01.052.07";"475"
"01.052.09";"475"
"01.052.10";"475"
"01.052.11";"475"
"01.052.12";"475"
"01.052.13";"476"
"01.052.14";"476"
"01.053.01";"476"
"01.053.02";"476"
"01.053.03";"476"
"01.053.04";"476"
"01.053.05";"476"
"01.053.06";"476"
"01.053.08";"476"
"01.053.09";"476"
"01.053.11";"476"
"10.048";"476"
"10.048.02";"476"
"10.048.04";"477"
"10.048.05";"477"
"10.048.06";"477"
"10.048.07";"477"
"10.048.08";"477"
"10.048.10";"477"
"10.049";"478"
"10.049.01";"478"
"10.049.02";"478"
"10.049.03";"478"
"10.049.04";"478"
"10.049.06";"478"
"10.049.08";"478"
"10.049.10";"479"
"10.049.11";"479"
"10.067";"479"
"10.067.01";"479"
"10.067.02";"479"
"10.067.03";"479"
"10.067.04";"479"
"10.067.05";"480"
"10.067.06";"480"
"10.067.07";"480"
"10.067.08";"480"
"10.067.09";"480"
"10.067.10";"481"
"10.067.11";"481"
"10.068.01";"481"
"10.068.02";"482"
"10.068.03";"482"
"10.068.04";"482"
"10.068.05";"482"
"10.068.06";"482"
"10.068.07";"482"
"10.068.08";"482"
"10.068.10";"483"
"10.068.11";"483"
"10.099.01";"483"
"10.099.02";"483"
"10.099.03";"483"
"10.099.04";"483"
"10.099.05";"483"
"10.099.06";"484"
"10.099.07";"484"
"10.099.08";"484"
"10.099.09";"484"
"10.099.10";"484"
"10.099.11";"484"
"10.099.12";"484"
"10.102";"484"
"10.102.01";"485"
"10.102.02";"485"
"10.102.03";"485"
"10.102.04";"485"
"10.102.05";"485"
"10.102.06";"485"
"10.102.07";"486"
"10.102.08";"486"
"10.102.09";"486"
"10.102.10";"486"
"10.102.11";"486"
"10.102.12";"487"
"10.111.01";"487"
"10.111.03";"487"
"10.111.04";"487"
"10.111.06";"487"
"10.111.07";"487"
"10.111.08";"487"
"10.119.01";"487"
"10.119.02";"488"
"10.119.05";"488"
"10.119.09";"488"
"10.119.10";"488"
"10.119.13";"488"
"10.167";"488"
"10.167.01";"488"
"10.167.03";"488"
"10.167.04";"488"
"10.027";"488"
"10.027.02";"489"
"10.027.03";"489"
"10.027.04";"490"
"10.027.05";"491"
"10.027.06";"491"
"10.027.07";"491"
"10.027.08";"492"
"10.027.09";"492"
"10.027.10";"493"
"10.027.11";"493"
"10.027.12";"493"
"10.027.13";"494"
"10.027.14";"494"
"10.027.15";"495"
"10.027.16";"495"
"10.027.17";"495"
"10.027.18";"495"
"10.027.19";"495"
"10.027.21";"496"
"10.027.22";"496"
"10.027.23";"496"
"10.027.24";"496"
"10.028.01";"496"
"10.028.02";"496"
"10.028.03";"496"
"10.028.04";"497"
"10.028.05";"497"
"10.028.06";"497"
"10.028.07";"497, 645"
"10.028.08";"497"
"10.028.09";"497"
"10.028.10";"498"
"10.028.11";"498"
"01.165";"498"
"01.165.02";"499"
"01.165.03";"499"
"01.165.04";"499"
"01.165.05";"499"
"01.165.06";"499"
"01.165.07";"500"
"01.165.08";"500"
"01.165.09";"500"
"01.165.10";"500"
"01.165.11";"500"
"01.165.12";"500"
"01.165.13";"500"
"01.165.14";"500"
"01.165.15";"500"
"01.170";"500"
"01.170.01";"500"
"01.170.02";"501"
"01.170.03";"501"
"01.170.04";"501"
"01.170.05";"501"
"05.061.01";"501"
"05.061.02";"501"
"05.061.03";"501"
"05.061.04";"501"
"05.061.05";"501"
"05.061.06";"501, 645"
"05.061.07";"502"
"05.061.08";"502"
"05.061.09";"502"
"05.061.11";"502"
"05.061.17";"502"
"05.061.18";"502"
"08.100";"502"
"08.100.01";"502"
"08.100.03";"502"
"08.100.04";"503"
"08.100.05";"503"
"08.100.06";"503"
"08.100.08";"503"
"08.100.10";"503"
"08.100.11";"503"
"10.051";"504"
"10.051.01";"504"
"10.051.02";"504"
"10.051.03";"504"
"10.051.04";"505"
"10.051.05";"505"
"10.051.06";"505"
"10.051.08";"505"
"10.052";"505"
"10.052.01";"505"
"10.052.03";"506"
"10.052.04";"506"
"10.053.01";"506"
"10.053.02";"506"
"10.053.03";"506"
"10.053.04";"506"
"10.053.06";"507"
"10.053.07";"507"
"10.053.08";"507"
"10.053.09";"507"
"10.053.11";"507"
"05.040.05";"508"
"05.040.06";"508"
"05.040.07";"508"
"01.161";"509"
"01.161.02";"509"
"01.161.03";"509"
"01.161.04";"509"
"01.161.05";"510"
"01.161.06";"510"
"01.161.07";"510"
"01.161.08";"510"
"01.161.09";"510"
"01.161.10";"510"
"01.161.13";"510"
"10.010";"510"
"10.010.01";"510"
"10.010.02";"511"
"10.010.03";"512"
"10.010.04";"512"
"10.010.05";"512"
"10.010.06";"512"
"10.010.07";"512"
"10.010.08";"512"
"10.010.09";"512"
"10.010.10";"512"
"10.010.11";"512"
"10.010.12";"513"
"10.010.13";"513"
"10.086";"513"
"10.086.01";"513"
"10.086.02";"513"
"10.086.03";"513"
"10.086.05";"513"
"10.086.06";"513"
"10.086.07";"513"
"10.086.08";"513"
"10.086.09";"513"
"10.086.10";"513"
"10.086.11";"513"
"10.086.13";"513"
"10.086.14";"513"
"10.086.15";"513"
"10.086.16";"513"
"10.086.17";"514"
"10.086.18";"514"
"10.086.21";"514"
"10.086.22";"514"
"10.086.23";"514"
"10.095";"515"
"10.095.01";"516"
"10.095.02";"516"
"10.095.03";"516"
"10.095.04";"517"
"10.095.05";"517"
"10.095.06";"517"
"10.095.07";"517"
"10.095.08";"517"
"10.095.10";"517"
"10.095.12";"517"
"10.095.14";"517"
"10.095.15";"518"
"10.095.17";"518"
"10.095.18";"518"
"10.108.01";"518"
"10.108.02";"518"
"10.108.03";"519"
"10.108.04";"519"
"10.108.05";"519"
"10.108.06";"519"
"10.108.07";"520"
"10.108.08";"520"
"10.108.10";"520"
"10.108.11";"520"
"10.057.01";"520"
"10.057.02";"520"
"10.057.03";"520, 645"
"10.057.04";"520"
"10.057.05";"521"
"10.057.06";"521"
"10.058.01";"521"
"10.058.03";"521"
"10.058.06";"521"
"10.059";"521"
"10.059.02";"522"
"10.059.05";"522"
"10.059.07";"522"
"10.059.08";"522"
"10.059.10";"522"
"10.060";"522"
"10.060.02";"523"
"10.060.03";"523"
"10.060.05";"523"
"10.060.06";"523"
"10.060.07";"523"
"10.060.09";"523"
"10.060.11";"523"
"10.060.12";"523"
"10.061";"523"
"10.061.01";"523"
"10.061.02";"524"
"10.061.04";"524"
"10.061.05";"525, 645"
"10.061.06";"525"
"10.061.08";"525"
"10.061.09";"525"
"10.061.10";"525"
"10.061.11";"525"
"10.061.12";"526"
"10.061.13";"526"
"10.061.14";"526"
"10.061.15";"526"
"10.061.16";"526"
"10.061.17";"526"
"10.061.18";"526"
"10.061.19";"527"
"10.061.20";"527"
"10.061.21";"527"
"10.061.23";"528"
"10.061.24";"528"
"10.061.25";"528"
"10.061.26";"528"
"10.125";"529, 645"
"10.125.01";"529"
"10.125.02";"529"
"10.125.03";"529"
"10.125.04";"529"
"10.125.05";"529"
"10.125.06";"529"
"10.125.07";"529"
"10.125.08";"529"
"10.071";"529"
"10.071.01";"529"
"10.071.02";"530"
"10.071.03";"530"
"10.071.04";"530"
"10.071.05";"530"
"10.071.06";"530"
"10.071.07";"531"
"10.071.08";"531"
"10.071.09";"531"
"10.071.10";"531"
"10.071.11";"531, 645"
"10.135";"531"
"10.135.01";"531"
"10.135.02";"532"
"10.135.03";"532"
"10.135.04";"532"
"10.135.05";"532"
"10.135.06";"532"
"10.135.07";"532"
"10.075";"532"
"10.075.01";"532"
"10.075.02";"533"
"10.075.03";"533"
"10.075.04";"533"
"10.075.05";"533"
"10.075.06";"533"
"10.075.08";"533"
"03.033";"533"
"03.033.01";"533"
"03.033.02";"533"
"03.033.04";"534"
"03.033.05";"534"
"03.033.06";"534"
"03.033.07";"534"
"03.033.08";"534"
"03.033.09";"534"
"03.033.11";"534"
"03.033.13";"534"
"03.053.03";"534"
"03.053.04";"534"
"03.053.05";"535"
"03.053.06";"535"
"03.053.07";"535"
"03.053.08";"535"
"03.053.09";"535"
"03.053.10";"535"
"03.053.11";"535"
"03.053.12";"536"
"03.053.14";"536"
"03.053.15";"536"
"03.053.16";"537"
"03.053.17";"537"
"03.053.18";"537"
"03.053.19";"537"
"03.053.21";"538"
"03.053.22";"538"
"03.053.23";"538"
"03.053.24";"538"
"06.027.01";"538"
"06.027.03";"538"
"06.027.04";"538"
"06.027.05";"538"
"06.027.06";"538"
"06.027.07";"539"
"07.018";"539"
"07.018.01";"539"
"07.018.02";"539"
"07.018.04";"539"
"07.018.05";"539"
"07.018.06";"539"
"07.018.07";"540"
"07.018.08";"540"
"07.018.09";"540"
"07.018.10";"541"
"07.018.11";"541"
"07.018.12";"541"
"07.018.14";"541"
"07.018.15";"541"
"07.018.16";"541"
"07.018.17";"541, 645"
"07.018.19";"541"
"07.018.22";"541"
"07.018.23";"542"
"07.018.24";"542"
"07.018.25";"542"
"07.033.01";"542"
"07.033.02";"542"
"07.033.03";"543"
"07.033.05";"543"
"07.033.07";"545"
"07.033.08";"545"
"07.033.09";"545"
"07.033.10";"546"
"07.033.11";"546"
"07.033.12";"546"
"07.033.13";"546"
"07.033.14";"546"
"07.083.01";"547"
"07.083.02";"547"
"07.083.04";"547"
"07.083.07";"547"
"07.083.08";"547"
"07.083.09";"547"
"05.012.01";"547"
"05.012.02";"547"
"05.012.03";"548"
"05.012.04";"548"
"05.012.05";"548"
"05.012.06";"548"
"01.125.01";"548"
"01.125.02";"548"
"01.125.03";"548"
"01.125.04";"548"
"01.125.05";"548"
"01.125.07";"548"
"01.126";"548"
"01.126.01";"548"
"01.126.02";"548"
"01.126.03";"548"
"01.126.04";"548"
"01.126.05";"549"
"01.126.06";"549"
"01.126.07";"549"
"01.179.01";"549"
"01.179.02";"549"
"01.179.03";"549"
"01.179.04";"549"
"01.179.05";"549"
"01.179.06";"549"
"08.086.01";"549"
"08.086.02";"549, 645"
"08.086.04";"549"
"08.086.05";"549"
"10.069.01";"549"
"10.069.02";"549"
"10.069.03";"550"
"10.069.04";"550"
"10.069.05";"550"
"10.069.07";"550"
"10.069.09";"550"
"10.069.10";"550"
"10.069.12";"550"
"10.098";"550"
"10.098.01";"550"
"10.098.02";"550"
"10.098.03";"550"
"10.098.05";"550"
"10.098.06";"550"
"10.098.07";"550"
"10.098.08";"550"
"10.098.09";"550"
"10.098.11";"550"
"10.098.12";"551"
"10.033.01";"551"
"10.033.03";"551"
"10.033.04";"551"
"10.033.05";"551"
"10.033.09";"551"
"08.055.01";"552"
"08.055.03";"552"
"08.055.04";"552"
"08.055.05";"552"
"08.056.03";"553"
"08.056.04";"553"
"08.056.05";"553"
"10.136";"553"
"10.136.04";"553"
"10.136.06";"553"
"10.136.07";"553"
"10.109";"554"
"10.109.01";"554"
"10.109.02";"554"
"10.109.04";"554"
"10.109.05";"554"
"10.109.06";"554"
"10.109.07";"554"
"07.103";"554"
"07.103.01";"554"
"07.103.03";"554"
"07.103.04";"554"
"07.103.05";"554"
"07.103.06";"554"
"07.103.07";"555"
"07.103.09";"555"
"07.103.10";"555"
"06.075";"555"
"06.075.02";"555"
"06.075.03";"555"
"06.075.04";"555"
"06.075.05";"555"
"06.075.06";"555"
"06.075.07";"555"
"06.075.08";"556"
"06.075.10";"556"
"06.075.11";"556"
"06.075.12";"556"
"06.075.13";"556"
"06.075.14";"556"
"06.075.15";"556"
"06.075.16";"556"
"06.075.17";"556"
"10.038.01";"557"
"10.038.02";"557"
"10.038.04";"557"
"10.038.05";"557"
"10.103";"557"
"10.103.01";"557"
"10.103.02";"557"
"10.103.03";"557"
"10.103.04";"557"
"10.103.05";"557"
"10.103.06";"557"
"10.103.07";"558"
"10.103.08";"558"
"10.103.09";"558"
"10.103.10";"558"
"10.103.11";"558"
"10.103.12";"558"
"10.103.13";"558"
"09.112";"558"
"09.112.01";"558"
"09.112.02";"558"
"09.112.03";"558"
"09.112.04";"558"
"10.097";"558"
"10.097.01";"558"
"10.097.02";"558"
"10.097.03";"558"
"10.097.04";"558"
"10.097.06";"558"
"10.097.08";"558"
"10.097.09";"559"
"10.097.10";"559"
"10.097.11";"559"
"10.097.12";"559"
"10.097.13";"559"
"10.097.14";"559"
"10.097.16";"559"
"10.097.17";"559"
"10.097.19";"559"
"10.097.20";"559"
"10.097.21";"559"
"10.097.22";"559"
"10.097.30";"559"
"10.034";"560"
"10.034.01";"560"
"10.034.02";"560"
"10.034.03";"560"
"10.034.04";"560"
"10.034.05";"560"
"10.034.06";"560"
"10.034.07";"560"
"10.034.08";"560"
"10.034.09";"561"
"10.034.10";"561"
"10.034.11";"561"
"10.034.12";"561"
"10.034.13";"561"
"10.034.14";"561"
"10.117";"561"
"10.117.01";"561"
"10.117.03";"561"
"10.117.04";"561"
"10.117.05";"561"
"10.117.06";"562"
"10.117.07";"562"
"10.117.08";"562"
"10.117.09";"562"
"01.048.02";"577"
"01.048.03";"577"
"01.048.05";"577"
"01.048.07";"577"
"01.048.08";"577"
"01.092.01";"577"
"01.092.05";"577"
"01.092.06";"577"
"01.092.08";"577"
"01.092.10";"577"
"01.113.01";"577"
"01.113.08";"578"
"01.113.09";"578"
"01.123.01";"578"
"01.123.02";"578"
"01.124.01";"578"
"01.124.03";"578"
"01.124.04";"578"
"03.061.05";"578"
"04.051.09";"578"
"05.079.05";"579"
"05.080.06";"579"
"07.076.02";"579"
"07.076.05";"579"
"07.078.02";"579"
"07.079.02";"579"
"01.034.03";"579"
"01.034.04";"579"
"01.034.05";"579"
"01.034.07";"581"
"01.046.02";"581"
"01.046.11";"581"
"01.047.01";"581"
"01.047.03";"581"
"01.047.08";"581"
"01.112.08";"581"
"01.112.07";"581"
"01.116.03";"581"
"01.116.15";"582"
"01.118.06";"582"
"01.119.01";"582"
"01.119.04";"582"
"01.119.12";"582"
"01.120.04";"582"
"01.120.07";"582"
"01.120.09";"582"
"01.120.12";"582"
"01.157.06";"582"
"01.158.02";"582"
"01.158.04";"582"
"01.180.03";"582"
"01.180.04";"583"
"01.180.05";"583"
"01.180.06";"583"
"01.181.04";"583"
"01.181.06";"583"
"01.181.08";"583"
"01.182.03";"583"
"01.183.04";"583"
"01.184.03";"583"
"02.039.01";"583"
"02.039.02";"583"
"02.039.06";"583"
"02.039.07";"583"
"03.058.01";"583"
"03.058.04";"583"
"03.058.05";"584"
"03.058.06";"584"
"04.043.06";"584"
"04.044.03";"584"
"04.044.05";"584"
"04.045.01";"584"
"04.045.05";"584"
"05.073.03";"584"
"05.073.06";"584"
"05.073.08";"584"
"05.077";"584"
"05.077.04";"584"
"06.062.03";"584"
"06.062.09";"585"
"06.063.02";"585"
"06.063.03";"585"
"06.063.06";"585"
"07.067.03";"585"
"07.070.01";"585"
"07.070.02";"585"
"07.070.06";"585"
"07.071.04";"585"
"08.005.07";"585"
"08.005.19";"585"
"08.009.06";"585"
"08.009.07";"585"
"08.009.19";"587"
"08.010.01";"587"
"08.022.01";"587"
"08.022.04";"587"
"08.022.12";"587"
"08.026.01";"587"
"08.026.03";"587"
"08.026.04";"587"
"08.026.14";"587"
"08.026.15";"587"
"08.026.16";"588"
"08.026.19";"588"
"08.035.17";"588"
"08.087.02";"588"
"10.039.02";"588"
"10.039.03";"588"
"10.039.06";"588"
"10.039.10";"588"
"10.039.12";"588"
"10.039.13";"588"
"10.039.14";"588"
"10.040.02";"588"
"10.040.05";"588"
"10.040.06";"588"
"10.040.07";"588"
"10.040.10";"588"
"10.106.04";"589"
"10.143.01";"589"
"08.057.01";"589"
"04.038";"589"
"04.038.05";"590"
"04.038.10";"590"
"04.039.05";"590"
"04.040.03";"590"
"04.040.05";"590"
"04.013.03";"590"
"01.024.01";"590"
"01.024.02";"590"
"01.024.07";"590"
"01.024.08";"590"
"01.024.10";"590"
"01.024.11";"591"
"01.024.12";"591"
"01.024.13";"591"
"01.025.01";"591"
"01.025.04";"591"
"01.025.06";"591"
"01.025.08";"591"
"01.025.17";"591"
"02.028.01";"591"
"02.028.06";"591"
"02.028.07";"591"
"02.028.08";"591"
"02.028.09";"591"
"05.085.04";"591"
"07.086";"591"
"07.086.06";"592"
"07.087.04";"592"
"07.087.05";"592"
"07.087.06";"592"
"07.088.03";"592"
"07.088.06";"592"
"07.088.07";"592"
"07.089.02";"592"
"07.089.04";"592"
"08.041.01";"592"
"08.041.05";"592"
"08.041.08";"592"
"08.042.03";"593"
"03.059.09";"593"
"07.041.02";"593"
"07.041.05";"593"
"01.041.09";"593"
"01.136.02";"593"
"01.136.04";"593"
"01.151.01";"593"
"01.151.03";"593"
"01.151.05";"593"
"01.151.08";"594"
"01.152.04";"594"
"01.153.02";"594"
"01.153.03";"594"
"05.062.02";"594"
"05.062.06";"594"
"05.062.08";"594"
"05.064.03";"594"
"05.064.04";"594"
"05.064.05";"594"
"05.064.07";"595"
"05.065.02";"595"
"05.065.04";"595"
"05.066.01";"595"
"05.066.02";"595"
"05.066.05";"596"
"05.067.01";"596"
"05.067.05";"596"
"05.069.02";"596"
"05.070.03";"596"
"06.067.02";"596"
"06.067.03";"596"
"06.067.04";"596"
"06.067.06";"596"
"07.060.07";"596"
"07.061.04";"596"
"07.061.06";"596"
"07.062.04";"596"
"07.063.03";"596"
"07.065.02";"597"
"07.066.12";"597"
"08.025.02";"597"
"08.025.05";"597"
"08.025.09";"597"
"08.025.13";"597"
"10.132.01";"597"
"10.132.06";"597"
"10.185.03";"597"
"10.185.02";"597"
"02.027.08";"597"
"07.051.01";"597"
"07.052";"597"
"08.052";"597"
"08.018";"597"
"08.018.05";"597"
"08.018.06";"597"
"08.018.13";"597"
"08.018.14";"597"
"08.018.22";"598"
"08.047.07";"598"
"08.047.13";"598"
"08.047.14";"598"
"08.047.17";"598"
"01.050.05";"598"
"01.115.02";"598"
"10.037.06";"598"
"01.035.02";"598"
"02.038.02";"598"
"02.038.05";"598"
"02.038.08";"598"
"04.053.03";"598"
"04.054.02";"598"
"05.082.09";"598"
"10.139.06";"598"
"10.149.01";"598"
"10.149.03";"598"
"01.138.01";"599"
"01.138.02";"599"
"01.138.03";"599"
"01.138.04";"600"
"06.053.03";"600"
"10.026.04";"600"
"10.026.06";"600"
"01.154.01";"600"
"01.154.06";"600"
"01.155.02";"600"
"01.155.03";"600"
"01.155.05";"601"
"07.100.05";"601"
"07.100.06";"601"
"10.081";"601"
"10.081.04";"601"
"10.170.01";"601"
"10.170.02";"602"
"01.020";"602"
"01.020.02";"602"
"01.020.07";"602"
"01.110.02";"602"
"01.111.02";"602"
"03.060.01";"602"
"04.033.01";"603"
"04.033.04";"603"
"04.033.07";"603"
"04.033.11";"603"
"04.034.04";"603"
"04.034.07";"603"
"04.036.02";"604"
"04.037.03";"604"
"01.159.03";"604"
"01.185.05";"604"
"06.070.03";"604"
"06.061";"604"
"06.061.03";"605"
"06.061.14";"605"
"07.047.01";"605"
"07.047.03";"605"
"07.047.04";"605"
"07.049";"605"
"07.095.01";"605"
"07.096.01";"605"
"10.009.06";"605"
"02.035.01";"605"
"02.035.04";"605"
"02.035.06";"606"
"02.035.11";"606"
"01.091.06";"606"
"01.091.07";"606"
"01.091.18";"606"
"08.048.01";"606"
"08.048.03";"606"
"08.048.05";"607"
"08.048.06";"607"
"08.048.10";"607"
"08.079.02";"607"
"01.014.04";"607"
"01.014.07";"607"
"01.014.09";"607"
"01.089.01";"607"
"01.090.06";"607"
"01.090.07";"607"
"01.090.08";"607"
"01.106.06";"607"
"01.122.04";"607"
"01.122.03";"608"
"01.122.05";"608"
"01.122.06";"609"
"01.122.07";"609"
"01.122.09";"609"
"01.122.10";"609"
"01.122.13";"609"
"01.122.14";"609"
"01.139.02";"609"
"01.139.07";"609"
"01.139.09";"609"
"01.186.06";"609"
"01.186.09";"609"
"01.186.10";"610"
"01.186.11";"610"
"02.029.01";"610"
"02.029.02";"610"
"02.031.05";"610"
"03.054.04";"610"
"03.054.05";"610"
"03.054.17";"610"
"03.054.22";"610"
"03.055.03";"610"
"03.055.05";"610"
"03.055.07";"610"
"03.055.12";"610"
"03.056.03";"611"
"03.056.04";"611"
"03.057.01";"611"
"03.057.03";"611"
"04.055.02";"611"
"04.055.04";"611"
"04.055.05";"611"
"04.055.07";"611"
"05.041.03";"611"
"05.041.08";"611"
"05.041.06";"611"
"05.041.10";"613"
"05.041.14";"613"
"05.041.15";"613"
"05.042.07";"613"
"05.042.10";"613"
"05.042.12";"613"
"05.043";"614"
"05.043.07";"614"
"05.043.09";"614"
"05.043.10";"614"
"05.043.12";"614"
"05.044.01";"614"
"05.044.03";"614"
"05.044.05";"614"
"05.044.07";"615"
"05.044.08";"615"
"05.044.09";"615"
"05.044.10";"615"
"05.044.14";"615"
"05.045.01";"615"
"05.045.03";"615"
"05.045.05";"615"
"05.045.06";"615"
"05.045.07";"615"
"05.045.08";"615"
"05.049.03";"615"
"05.050.01";"615"
"05.050.03";"615"
"06.049.06";"615"
"06.050.04";"615"
"06.050.06";"615"
"06.051.08";"615"
"06.052.02";"615"
"07.034.01";"615"
"07.034.03";"615"
"07.034.06";"615"
"07.034.09";"615"
"07.034.14";"615"
"07.034.18";"615"
"07.036.05";"616"
"07.037.01";"616"
"07.037.07";"616"
"07.039.03";"617"
"10.065.05";"617"
"10.065.07";"617"
"10.065.13";"617"
"08.027.11";"617"
"08.027.19";"617"
"08.027.20";"617"
"08.027.21";"617"
"08.029.01";"617"
"10.035.09";"617"
"10.036.08";"617"
"10.063.07";"618"
"10.063.08";"618"
"10.063.15";"618"
"10.063.16";"618"
"10.064.15";"618"
"10.092.02";"618"
"10.092.03";"618"
"10.093.01";"618"
"10.093.10";"619"
"10.100.01";"619"
"10.100.03";"619"
"10.100.08";"619"
"10.100.09";"619"
"10.100.10";"619"
"01.003.01";"619"
"01.022.17";"619"
"01.022.08";"619"
"01.022.16";"619"
"01.022.20";"619"
"01.023.01";"619"
"02.032.01";"619"
"02.032.02";"619"
"02.032.03";"619"
"02.032.04";"619"
"02.032.05";"619"
"01.041.19";"619"
"01.041.20";"619"
"01.041.21";"619"
"08.101.15";"619"
"01.001.01";"619"
"01.001.04";"619"
"01.012.05";"620"
"01.026.02";"620"
"01.027.11";"620"
"01.031.03";"620"
"01.031.04";"620"
"01.031.10";"620"
"01.031.13";"620"
"01.031.07";"620"
"01.036.09";"620"
"01.044.06";"620"
"01.044.07";"620"
"01.044.09";"620"
"01.045.02";"620"
"01.045.04";"620"
"01.058.02";"620"
"01.058.03";"620"
"01.065.02";"620"
"01.065.04";"620"
"01.065.08";"620"
"01.066.01";"620"
"01.067.02";"620"
"01.067.10";"620"
"01.068.10";"620"
"01.068.01";"620"
"01.069.04";"621"
"01.069.08";"621"
"01.069.10";"621"
"01.070.02";"621"
"01.070.04";"621"
"01.070.10";"621"
"01.071.04";"621"
"01.072.01";"621"
"01.072.02";"621"
"01.072.06";"621"
"01.072.09";"621"
"01.073.01";"621"
"01.073.04";"621"
"01.073.06";"622"
"01.073.09";"622"
"01.077.05";"622"
"01.094.06";"622"
"01.094.08";"622"
"01.095.07";"622"
"01.096.06";"622"
"01.097.04";"622"
"01.127.02";"622"
"01.127.03";"622"
"01.127.06";"622"
"01.128.01";"622"
"01.128.06";"623"
"01.128.05";"623"
"01.140.05";"623"
"01.140.08";"623"
"01.140.13";"623"
"01.141.01";"623"
"01.141.02";"623"
"01.141.05";"623"
"01.141.08";"623"
"01.141.13";"623"
"01.143.03";"623"
"01.143.07";"623"
"01.145.01";"623"
"01.145.03";"623"
"01.148.01";"623"
"02.001.01";"623"
"02.001.06";"624"
"02.002.09";"624"
"02.002.11";"624"
"02.004.07";"624"
"02.005.02";"624"
"02.005.05";"624"
"02.005.06";"624"
"02.006.01";"624"
"02.009.02";"624"
"02.010.04";"624"
"02.010.05";"624"
"02.010.06";"624"
"03.001.09";"624"
"03.001.11";"624"
"03.001.13";"624"
"03.006.04";"624"
"03.007.07";"624"
"03.007.10";"624"
"03.009.03";"624"
"03.009.07";"624"
"03.014.04";"625"
"03.014.07";"625"
"03.018.02";"625"
"03.018.03";"625"
"03.023.04";"625"
"03.024.01";"625"
"03.026";"625"
"03.026.07";"625"
"03.028";"625"
"04.001.03";"625"
"04.001.05";"625"
"04.001.07";"625"
"04.001.08";"625"
"04.001.11";"625"
"04.001.16";"625"
"04.001.19";"625"
"04.002.02";"626"
"04.002.05";"626"
"04.002.06";"626"
"04.002.07";"626"
"04.002.16";"626"
"04.002.17";"626"
"04.002.19";"626"
"04.003.01";"626"
"04.003.05";"626"
"04.003.06";"626"
"04.003.09";"626"
"04.003.13";"627"
"04.005.05";"627"
"04.005.08";"627"
"04.005.10";"627"
"04.005.12";"627"
"04.005.14";"627"
"04.006.01";"627"
"04.006.02";"627"
"04.006.07";"627"
"04.007.02";"627"
"04.007.04";"627"
"04.007.05";"627"
"04.010.07";"627"
"04.015";"627"
"04.015.06";"627"
"05.001.01";"627"
"05.001.03";"627"
"05.001.05";"627"
"05.002.02";"627"
"05.002.05";"628"
"05.002.07";"628"
"05.003.08";"628"
"05.003.11";"628"
"05.004.11";"628"
"05.004.10";"628"
"05.011.03";"629"
"05.015.01";"629"
"05.015.04";"629"
"05.017.03";"629"
"05.017.09";"629"
"05.017.10";"629"
"05.017.11";"629"
"05.017.12";"629"
"05.017.13";"629"
"05.017.14";"629"
"05.017.15";"629"
"05.017.16";"629"
"05.017.17";"629"
"05.019.01";"629"
"05.019.02";"629"
"05.019.04";"629"
"05.020.02";"629"
"05.022.04";"629"
"05.018";"629"
"05.019";"629"
"05.020";"629"
"05.021";"629"
"05.022";"629"
"05.023";"629"
"05.024";"629"
"05.027";"629"
"06.001.01";"629"
"06.001.02";"629"
"06.001.03";"629"
"06.001.06";"629"
"06.001.08";"629"
"06.002.02";"630"
"06.002.03";"630"
"06.002.05";"630"
"06.002.07";"630"
"06.002.08";"630"
"06.002.09";"630"
"06.003.06";"630"
"06.004.05";"631"
"06.004.06";"631"
"06.004.08";"631"
"06.008.03";"631"
"06.009.02";"631"
"06.009.06";"631"
"06.011.01";"631"
"06.011.04";"631"
"06.011.05";"631"
"06.012.01";"631"
"06.012.02";"631"
"06.013.04";"631"
"06.015.05";"632"
"06.015.15";"632"
"06.015.16";"632"
"06.015.19";"632"
"06.016.13";"632"
"06.016.26";"632"
"06.016.40";"632"
"06.016.43";"632"
"06.048.01";"632"
"06.048.06";"632"
"06.048.10";"632"
"06.048.17";"632"
"06.048.21";"632"
"07.001.01";"632"
"07.001.07";"632"
"07.001.09";"632"
"07.001.24";"632"
"07.001.08";"632"
"07.003.09";"633"
"07.004.03";"633"
"07.011.04";"633"
"07.013.01";"633"
"07.013.02";"633"
"07.015.03";"633"
"08.011.01";"633"
"08.019.20";"633"
"08.023.02";"633"
"08.039.02";"633"
"08.039.04";"633"
"08.039.05";"633"
"08.039.06";"633"
"08.039.07";"633"
"08.039.09";"633"
"08.043.04";"633"
"08.043.05";"633"
"08.043.07";"633"
"08.060.07";"634"
"08.072.01";"634"
"08.072.03";"634"
"08.072.16";"634"
"08.072.17";"634"
"08.074.01";"634"
"08.102.12";"634"
"08.102.20";"634"
"08.092.01";"634"
"08.092.02";"634"
"10.001.02";"634"
"10.002.04";"634"
"10.002.05";"634"
"10.003.01";"634"
"10.005.02";"634"
"10.005.05";"634"
"10.006.03";"634"
"10.006.05";"634"
"10.007.04";"634"
"10.008.07";"634"
"10.012.01";"635"
"10.012.03";"635"
"10.012.04";"636"
"10.012.05";"636"
"10.020.03";"636"
"10.021.01";"636"
"10.045.01";"636"
"10.045.04";"636"
"10.045.08";"636"
"10.046.05";"636"
"10.046.06";"636"
"10.088.12";"637"
"10.088.19";"637"
"10.115.04";"637"
"10.142.04";"637"
"10.176.04";"637"
