"01.010.07";"0376"
"01.011.05";"0376"
"01.016.02";"0376"
"01.017.03";"0376"
"01.024.05";"0376"
"01.027.11";"0376"
"01.029.03";"0376"
"01.030.01";"0376"
"01.030.09";"0376"
"01.030.21";"0376"
"01.031.18";"0376"
"01.036.14";"0376"
"01.051.01";"0376"
"01.057.03";"0376"
"01.065.07";"0376"
"01.069.08";"0376"
"01.070.11";"0376"
"01.071.03";"0376"
"01.073.06";"0376"
"01.077.05";"0376"
"01.082.06";"0376"
"01.088.05";"0376"
"01.094.16";"0376"
"01.104.02";"0376"
"01.119.08";"0376"
"01.121.11";"0376"
"01.125.01";"0376"
"01.130.09";"0377"
"01.163.10";"0377"
"01.164.13";"0377"
"01.179";"0377"
"01.190.04";"0377"
"01.191.10";"0377"
"02.018.07";"0377"
"02.019.07";"0377"
"02.023.16";"0377"
"02.024.05";"0377"
"02.027.04";"0377"
"02.031";"0377"
"02.031.05";"0377"
"02.039.03";"0377"
"03.001.16";"0377"
"03.004.11";"0377"
"03.032.14";"0377"
"03.036.01";"0377"
"03.038.02";"0377"
"03.038.07";"0377"
"03.045.05";"0377"
"03.048.01";"0377"
"03.055.09";"0377"
"04.001.03";"0377"
"04.001.03";"0377"
"04.003.10";"0377"
"04.013";"0377"
"04.006.02";"0377"
"04.007.11";"0377"
"04.010.08";"0377"
"04.016.03";"0377"
"04.026";"0377"
"04.027";"0377"
"04.027.01";"0377"
"04.053.06";"0377"
"04.054.03";"0377"
"04.054.05";"0377"
"04.055.01";"0377"
"05.032.01";"0377"
"05.045.06";"0377"
"05.056.03";"0377"
"05.066.03";"0377"
"06.018.08";"0377"
"06.018.12";"0377"
"06.027.08";"0377"
"06.028.03";"0377"
"06.033.05";"0377"
"06.037.01";"0377"
"06.047.09";"0377"
"06.054.08";"0377"
"06.055.01";"0377"
"06.058.01";"0377"
"06.066.01";"0377"
"06.067.05";"0377"
"06.075.08";"0377"
"07.001";"0009"
"07.001.01";"0009"
"07.001.02";"0010, 0377"
"07.001.03";"0011"
"07.001.04";"0011"
"07.001.07";"0012"
"07.001.08";"0012"
"07.001.11";"0012"
"07.001.12";"0012"
"07.001.14";"0012"
"07.001.15";"0012"
"07.001.17";"0012"
"07.001.19";"0013"
"07.001.21";"0013"
"07.001.22";"0013"
"07.001.23";"0013"
"07.002.02";"0013"
"07.002.05";"0013"
"07.002.06";"0014"
"07.002.11";"0014"
"07.003.01";"0014"
"07.003.02";"0014"
"07.003.03";"0014"
"07.003.04";"0014"
"07.003.06";"0014"
"07.003.07";"0015"
"07.003.08";"0015"
"07.003.09";"0015"
"07.004.02";"0015"
"07.004.03";"0015"
"07.004.06";"0015"
"07.004.07";"0015"
"07.004.08";"0016"
"07.005.01";"0016"
"07.005.02";"0016"
"07.005.03";"0016"
"07.005.04";"0016"
"07.005.06";"0016"
"07.005.07";"0016"
"07.006.01";"0016"
"07.006.02";"0017"
"07.006.03";"0017"
"07.006.05";"0017"
"07.006.06";"0017"
"07.006.07";"0017"
"07.007.01";"0017"
"07.007.02";"0017"
"07.007.03";"0017"
"07.007.04";"0017"
"07.007.06";"0017"
"07.007.07";"0017"
"07.008.01";"0018"
"07.008.02";"0018"
"07.008.03";"0018"
"07.008.04";"0018"
"07.008.05";"0018"
"07.009.01";"0018"
"07.009.02";"0018"
"07.009.06";"0018"
"07.010.02";"0021"
"07.010.04";"0022"
"07.011.01";"0022"
"07.011.03";"0022"
"07.012.03";"0022"
"07.013.01";"0022"
"07.013.03";"0022"
"07.014.01";"0022"
"07.015";"0022"
"07.015.08";"0022"
"07.015.09";"0022"
"07.015.12";"0022"
"07.015.14";"0022"
"07.016";"0022"
"07.016.02";"0022"
"07.016.03";"0023"
"07.016.04";"0023"
"07.016.05";"0023"
"07.016.08";"0023"
"07.016.11";"0023"
"07.017";"0023"
"07.018";"0023"
"07.018.01";"0026"
"07.018.02";"0026"
"07.018.03";"0026"
"07.018.04";"0026"
"07.018.05";"0026"
"07.018.06";"0027"
"07.018.07";"0028"
"07.018.08";"0028"
"07.018.09";"0028"
"07.018.10";"0029"
"07.018.12";"0029"
"07.018.14";"0029"
"07.018.15";"0029"
"07.018.16";"0029"
"07.018.17";"0029"
"07.018.20";"0030"
"07.018.21";"0030"
"07.018.22";"0030"
"07.018.23";"0030"
"07.018.24";"0030"
"07.019.01";"0031"
"07.019.02";"0031"
"07.019.04";"0031"
"07.019.05";"0031"
"07.019.06";"0031"
"07.019.07";"0031"
"07.019.08";"0031"
"07.019.09";"0031"
"07.019.10";"0031"
"07.019.11";"0031"
"07.020.02";"0031"
"07.020.03";"0032"
"07.020.04";"0032"
"07.020.06";"0032"
"07.020.07";"0032"
"07.020.09";"0032"
"07.021.01";"0032"
"07.021.02";"0032"
"07.021.03";"0032"
"07.021.05";"0032"
"07.021.06";"0032"
"07.021.07";"0032"
"07.021.08";"0032"
"07.021.09";"0033"
"07.022.01";"0033"
"07.022.04";"0033"
"07.022.05";"0033"
"07.022.06";"0035"
"07.022.08";"0035"
"07.023";"0035"
"07.023.02";"0035"
"07.023.04";"0035"
"07.023.05";"0035"
"07.023.06";"0035"
"07.024.01";"0035"
"07.024.04";"0035"
"07.024.05";"0035"
"07.025.01";"0035"
"07.025.02";"0035"
"07.025.04";"0035"
"07.025.05";"0035"
"07.026.05";"0035"
"07.027.02";"0035"
"07.027.03";"0035"
"07.027.04";"0036"
"07.028.02";"0036"
"07.028.03";"0036"
"07.028.04";"0036"
"07.029.01";"0036"
"07.029.03";"0036"
"07.030.01";"0036"
"07.030.02";"0036"
"07.030.03";"0036"
"07.030.04";"0036"
"07.031";"0036"
"07.031.01";"0036"
"07.031.05";"0036"
"07.031.07";"0036"
"07.031.10";"0036"
"07.032";"0037"
"07.032.03";"0037"
"07.032.05";"0037"
"07.032.06";"0037"
"07.032.07";"0037"
"07.032.08";"0037"
"07.032.10";"0037"
"07.032.11";"0037"
"07.032.12";"0037"
"07.032.13";"0037"
"07.032.14";"0037"
"07.032.18";"0037"
"07.032.19";"0038"
"07.032.21";"0038"
"07.032.24";"0038"
"07.032.25";"0038"
"07.032.26";"0038"
"07.032.27";"0038"
"07.033";"0039"
"07.033.01";"0039"
"07.033.02";"0039"
"07.033.03";"0039"
"07.033.04";"0040, 0377"
"07.033.05";"0040"
"07.033.06";"0040"
"07.033.07";"0040"
"07.033.08";"0040"
"07.033.09";"0040"
"07.033.10";"0040"
"07.033.11";"0041"
"07.033.12";"0041"
"07.033.13";"0041"
"07.033.14";"0041"
"07.034";"0042"
"07.034.01";"0042"
"07.034.02";"0042"
"07.034.03";"0042"
"07.034.04";"0042"
"07.034.05";"0042"
"07.034.07";"0042"
"07.034.08";"0042"
"07.034.12";"0043"
"07.034.14";"0043"
"07.034.15";"0043"
"07.034.16";"0043"
"07.034.17";"0043"
"07.034.18";"0043"
"07.034.20";"0043"
"07.034.21";"0043"
"07.034.22";"0043"
"07.034.24";"0043"
"07.035.02";"0043"
"07.035.06";"0043"
"07.035.07";"0043"
"07.035.13";"0043"
"07.035.14";"0043"
"07.036.02";"0043"
"07.036.03";"0043"
"07.036.04";"0044"
"07.036.05";"0044"
"07.036.06";"0044"
"07.036.07";"0044"
"07.036.09";"0044"
"07.037.03";"0045"
"07.037.04";"0045"
"07.037.05";"0045"
"07.037.07";"0045"
"07.037.08";"0046"
"07.038.05";"0046"
"07.038.06";"0046"
"07.039.02";"0046"
"07.039.03";"0046"
"07.039.05";"0046"
"07.039.06";"0046"
"07.040.02";"0046"
"07.040.04";"0046"
"07.040.05";"0046"
"07.040.06";"0046"
"07.041.02";"0046"
"07.041.05";"0046"
"07.041.06";"0046"
"07.042.01";"0047"
"07.042.02";"0047"
"07.042.03";"0047"
"07.042.06";"0047"
"07.042.07";"0047"
"07.043.01";"0048"
"07.043.03";"0048"
"07.043.05";"0048"
"07.044.02";"0048"
"07.044.03";"0048"
"07.045.01";"0048"
"07.046.01";"0048"
"07.046.02";"0048"
"07.046.03";"0048"
"07.046.04";"0048"
"07.047.04";"0048"
"07.048.01";"0048"
"07.048.02";"0049"
"07.048.03";"0049"
"07.049.04";"0049"
"07.050";"0049"
"07.050.01";"0049"
"07.050.04";"0049"
"07.052.01";"0049"
"07.052.03";"0049"
"07.053.02";"0050"
"07.053.03";"0050"
"07.054";"0050"
"07.055";"0050"
"07.055.02";"0050"
"07.055.04";"0050"
"07.055.06";"0051"
"07.055.08";"0051"
"07.056";"0051"
"07.056.03";"0051"
"07.056.06";"0051"
"07.056.09";"0051"
"07.056.10";"0051"
"07.056.13";"0052"
"07.056.16";"0052"
"07.056.17";"0053"
"07.056.18";"0053"
"07.056.19";"0053"
"07.056.21";"0053"
"07.056.22";"0053"
"07.056.23";"0053"
"07.056.24";"0053"
"07.057.01";"0053"
"07.057.03";"0054"
"07.057.05";"0054"
"07.057.06";"0054"
"07.057.07";"0054"
"07.058.01";"0054"
"07.058.04";"0054"
"07.058.06";"0054"
"07.059";"0054"
"07.059.01";"0054"
"07.059.02";"0054"
"07.059.05";"0054"
"07.059.06";"0054"
"07.059.07";"0055"
"07.059.08";"0055"
"07.059.12";"0055"
"07.060.01";"0055"
"07.060.02";"0055"
"07.060.03";"0055"
"07.060.09";"0056"
"07.060.10";"0056"
"07.060.11";"0056"
"07.061.01";"0056"
"07.061.02";"0056"
"07.061.03";"0056"
"07.061.05";"0057"
"07.061.06";"0057"
"07.062.04";"0057"
"07.062.06";"0057"
"07.063.03";"0057"
"07.064.01";"0057"
"07.064.03";"0058"
"07.064.04";"0058"
"07.065.01";"0058"
"07.065.02";"0058"
"07.065.03";"0058"
"07.065.04";"0058"
"07.066";"0058"
"07.066.02";"0058"
"07.066.03";"0058"
"07.066.04";"0058"
"07.066.05";"0058"
"07.066.06";"0058"
"07.066.08";"0058"
"07.066.09";"0058"
"07.066.12";"0058"
"07.066.16";"0058"
"07.067.01";"0059"
"07.067.03";"0059"
"07.067.05";"0059"
"07.067.07";"0059"
"07.067.08";"0059"
"07.067.09";"0059"
"07.067.10";"0059"
"07.068.01";"0059"
"07.068.02";"0059"
"07.068.05";"0059"
"07.068.07";"0060"
"07.068.08";"0060"
"07.069.01";"0061"
"07.069.02";"0061"
"07.069.03";"0061"
"07.069.04";"0061"
"07.069.05";"0061"
"07.069.06";"0061"
"07.069.07";"0062"
"07.070.01";"0062"
"07.070.04";"0062"
"07.070.05";"0062"
"07.070.07";"0062"
"07.071.02";"0062"
"07.071.03";"0062"
"07.071.05";"0062"
"07.072.01";"0062"
"07.072.02";"0062"
"07.072.03";"0062"
"07.073.01";"0062"
"07.073.03";"0062"
"07.073.04";"0062"
"07.074";"0063"
"07.074.01";"0063"
"07.074.05";"0063"
"07.075.01";"0063"
"07.075.02";"0063"
"07.075.03";"0063"
"07.075.04";"0063"
"07.075.08";"0063"
"07.076.02";"0063"
"07.076.03";"0063"
"07.076.06";"0063"
"07.077.01";"0064"
"07.077.04";"0064"
"07.078.01";"0064"
"07.078.02";"0064"
"07.079.01";"0064"
"07.079.04";"0064"
"07.080";"0064"
"07.081";"0065"
"07.081.03";"0065"
"07.081.04";"0065"
"07.081.06";"0065"
"07.082.01";"0066"
"07.082.02";"0066"
"07.082.03";"0066"
"07.082.05";"0066"
"07.082.06";"0066"
"07.082.10";"0066"
"07.083";"0066"
"07.083.02";"0066"
"07.083.03";"0066"
"07.083.05";"0066"
"07.083.06";"0066"
"07.083.07";"0066"
"07.083.08";"0066"
"07.084.02";"0066"
"07.084.04";"0066"
"07.084.05";"0066"
"07.085.01";"0066"
"07.085.03";"0066"
"07.085.04";"0067"
"07.086.01";"0067"
"07.086.03";"0067"
"07.086.04";"0067"
"07.086.05";"0068"
"07.086.06";"0068"
"07.086.07";"0068"
"07.087.01";"0068"
"07.087.02";"0069"
"07.087.03";"0069"
"07.087.04";"0069"
"07.087.06";"0069"
"07.088.01";"0069"
"07.088.02";"0069"
"07.088.03";"0069"
"07.088.05";"0069"
"07.088.06";"0069"
"07.088.07";"0070"
"07.089";"0070"
"07.089.02";"0070"
"07.090.01";"0070"
"07.090.02";"0070"
"07.090.03";"0070"
"07.090.04";"0070"
"07.090.05";"0070"
"07.090.06";"0070"
"07.091.01";"0070"
"07.091.02";"0071"
"07.091.03";"0071"
"07.091.05";"0071"
"07.091.06";"0071"
"07.092.04";"0071"
"07.093.01";"0071"
"07.093.03";"0071"
"07.093.04";"0071"
"07.093.05";"0071"
"07.093.07";"0071"
"07.093.08";"0071"
"07.094";"0071"
"07.094.01";"0071"
"07.094.10";"0071"
"07.094.11";"0071"
"07.094.12";"0071"
"07.095.01";"0071"
"07.095.02";"0071"
"07.095.03";"0071"
"07.095.04";"0071"
"07.095.05";"0072"
"07.096";"0072"
"07.096.01";"0072"
"07.096.02";"0072"
"07.097.01";"0073"
"07.097.02";"0073"
"07.097.03";"0073"
"07.097.04";"0073"
"07.097.05";"0073"
"07.097.06";"0073"
"07.097.07";"0073"
"07.097.08";"0073"
"07.098.06";"0073"
"07.099.03";"0073"
"07.099.04";"0073"
"07.099.05";"0073"
"07.099.07";"0073"
"07.100.01";"0074"
"07.100.02";"0074"
"07.100.03";"0074"
"07.100.05";"0074"
"07.100.06";"0074, 0377"
"07.101.04";"0074"
"07.103";"0074, 0377"
"07.103.01";"0075"
"07.103.02";"0075"
"07.103.05";"0075"
"07.103.06";"0076"
"07.103.07";"0076"
"07.103.09";"0076"
"07.104";"0076"
"07.104.01";"0076"
"07.104.02";"0076"
"07.104.05";"0076"
"07.104.07";"0076"
"07.104.08";"0076"
"07.104.09";"0076"
"07.104.11";"0076"
"07.104.12";"0076"
"07.104.13";"0076"
"07.104.14";"0076"
"07.104.15";"0077"
"07.104.16";"0077"
"07.104.17";"0077"
"07.104.18";"0077"
"07.104.21";"0077"
"07.104.23";"0077"
"07.104.25";"0077"
"08.001";"0077"
"08.001.02";"0077"
"08.001.04";"0078"
"08.001.05";"0079"
"08.001.07";"0079"
"08.001.08";"0079"
"08.001.10";"0079"
"08.001.11";"0080"
"08.001.12";"0080"
"08.001.13";"0081"
"08.001.15";"0081"
"08.001.16";"0081"
"08.001.17";"0081"
"08.001.19";"0081"
"08.001.20";"0081"
"08.001.21";"0082"
"08.001.22";"0082"
"08.001.25";"0082"
"08.001.26";"0082"
"08.001.28";"0082"
"08.001.30";"0082"
"08.001.31";"0082"
"08.001.32";"0082"
"08.001.33";"0082"
"08.001.34";"0082"
"08.002";"0083"
"08.002.01";"0083"
"08.002.03";"0083"
"08.002.06";"0083"
"08.002.07";"0083"
"08.002.09";"0083"
"08.002.10";"0083"
"08.002.11";"0083"
"08.002.12";"0084"
"08.002.13";"0084"
"08.002.14";"0084"
"08.002.15";"0085"
"08.002.16";"0085"
"08.002.17";"0085"
"08.002.18";"0085"
"08.002.21";"0085"
"08.002.22";"0085"
"08.002.26";"0085"
"08.002.28";"0085"
"08.002.29";"0085"
"08.002.30";"0085"
"08.002.34";"0085"
"08.002.35";"0085"
"08.002.37";"0085"
"08.002.40";"0085"
"08.002.41";"0086"
"08.002.42";"0086"
"08.003";"0086"
"08.003.02";"0086"
"08.003.03";"0086"
"08.003.05";"0086"
"08.003.06";"0086, 0378"
"08.003.12";"0086"
"08.003.13";"0086"
"08.003.16";"0087"
"08.003.17";"0087"
"08.003.20";"0087"
"08.003.21";"0087"
"08.003.22";"0087"
"08.003.23";"0087"
"08.003.24";"0087"
"08.004";"0087"
"08.004.01";"0087"
"08.004.03";"0087"
"08.004.04";"0087"
"08.004.06";"0087"
"08.004.07";"0087"
"08.004.08";"0087"
"08.004.12";"0088"
"08.004.13";"0088"
"08.004.14";"0088"
"08.004.15";"0088"
"08.004.17";"0088"
"08.004.19";"0089"
"08.004.20";"0089"
"08.004.21";"0089"
"08.005";"0089"
"08.005.03";"0089"
"08.005.04";"0089"
"08.005.09";"0089"
"08.005.13";"0089"
"08.005.19";"0089"
"08.005.29";"0090"
"08.005.31";"0090"
"08.005.32";"0090"
"08.005.35";"0090"
"08.005.36";"0090"
"08.005.37";"0090"
"08.005.38";"0090"
"08.005.39";"0090"
"08.006";"0090"
"08.006.03";"0090"
"08.006.05";"0090"
"08.006.07";"0090"
"08.006.11";"0090"
"08.006.12";"0090"
"08.006.13";"0090"
"08.006.18";"0090"
"08.006.19";"0090"
"08.006.20";"0091"
"08.006.22";"0091"
"08.006.25";"0091"
"08.006.28";"0091"
"08.006.30";"0092"
"08.006.33";"0092"
"08.006.38";"0092"
"08.006.39";"0092"
"08.006.46";"0092"
"08.006.47";"0092"
"08.006.48";"0092"
"08.007";"0092"
"08.007.12";"0092"
"08.007.15";"0092"
"08.007.23";"0092"
"08.007.26";"0093"
"08.007.27";"0093"
"08.007.28";"0093"
"08.007.32";"0093"
"08.007.33";"0093"
"08.007.36";"0093"
"08.008";"0093"
"08.008.04";"0093"
"08.008.05";"0093"
"08.008.11";"0093"
"08.008.12";"0093"
"08.008.14";"0093"
"08.008.17";"0093"
"08.008.18";"0093"
"08.008.19";"0094"
"08.008.22";"0094"
"08.008.23";"0094"
"08.009";"0094"
"08.009.04";"0094"
"08.009.05";"0094"
"08.009.06";"0094"
"08.009.07";"0094"
"08.009.09";"0094"
"08.009.12";"0094"
"08.009.15";"0094"
"08.009.16";"0094, 0378"
"08.009.17";"0094"
"08.009.19";"0094"
"08.009.21";"0094"
"08.010";"0095"
"08.010.02";"0095"
"08.010.03";"0095"
"08.010.04";"0095"
"08.010.06";"0095"
"08.011";"0095"
"08.011.01";"0095"
"08.011.02";"0095"
"08.011.03";"0095"
"08.011.04";"0095"
"08.011.07";"0095"
"08.011.10";"0095"
"08.012";"0095"
"08.012.05";"0095"
"08.012.06";"0095"
"08.012.10";"0095"
"08.012.14";"0095"
"08.012.15";"0095"
"08.012.17";"0095"
"08.012.22";"0095"
"08.012.24";"0095"
"08.012.28";"0095"
"08.012.29";"0095"
"08.012.30";"0095"
"08.012.31";"0095"
"08.012.32";"0095"
"08.013";"0096"
"08.013.01";"0096"
"08.013.03";"0096"
"08.013.05";"0096"
"08.013.07";"0096"
"08.013.15";"0096"
"08.013.17";"0096"
"08.013.19";"0096"
"08.013.20";"0096"
"08.013.27";"0096"
"08.013.28";"0097"
"08.013.30";"0097"
"08.014";"0097"
"08.014.02";"0097"
"08.014.10";"0097"
"08.014.15";"0097"
"08.015";"0097"
"08.015.06";"0097"
"08.015.09";"0097"
"08.015.13";"0097"
"08.016";"0097"
"08.016.02";"0097"
"08.016.03";"0097"
"08.016.06";"0097"
"08.017";"0097"
"08.017.01";"0097"
"08.017.03";"0098"
"08.017.07";"0098"
"08.017.11";"0098"
"08.017.12";"0098"
"08.017.13";"0098"
"08.017.14";"0098"
"08.017.15";"0098"
"08.018";"0098"
"08.018.07";"0098"
"08.018.13";"0098"
"08.018.15";"0099"
"08.018.16";"0099"
"08.018.18";"0099"
"08.018.19";"0099"
"08.018.20";"0099"
"08.019";"0099"
"08.019.01";"0099"
"08.019.04";"0099"
"08.019.05";"0099"
"08.019.07";"0099"
"08.019.11";"0099"
"08.019.14";"0099"
"08.019.16";"0100"
"08.019.18";"0100"
"08.019.22";"0100"
"08.019.27";"0100"
"08.019.31";"0100"
"08.019.33";"0100"
"08.019.34";"0100"
"08.019.36";"0101"
"08.019.37";"0101"
"08.020";"0101"
"08.020.03";"0101"
"08.020.08";"0101"
"08.020.09";"0101"
"08.020.11";"0101"
"08.020.12";"0101"
"08.020.14";"0102"
"08.020.17";"0102"
"08.020.18";"0102"
"08.020.20";"0102"
"08.020.24";"0102"
"08.021";"0102"
"08.021.01";"0102"
"08.021.02";"0102"
"08.021.04";"0102"
"08.021.06";"0102"
"08.021.07";"0102"
"08.021.12";"0102"
"08.021.14";"0102"
"08.021.16";"0103"
"08.021.18";"0103"
"08.022";"0103"
"08.022.01";"0103"
"08.022.02";"0103"
"08.022.04";"0103"
"08.022.05";"0103"
"08.022.06";"0103"
"08.022.11";"0103"
"08.022.12";"0103"
"08.022.14";"0104"
"08.022.15";"0104"
"08.022.16";"0104"
"08.022.18";"0104"
"08.023";"0104"
"08.023.03";"0104"
"08.023.04";"0104"
"08.023.06";"0104"
"08.023.09";"0104"
"08.023.11";"0104"
"08.023.12";"0104"
"08.023.16";"0104"
"08.023.21";"0104"
"08.023.26";"0104"
"08.023.28";"0104"
"08.024";"0104"
"08.024.01";"0104"
"08.024.03";"0104"
"08.024.08";"0105"
"08.024.13";"0105"
"08.024.14";"0105"
"08.024.15";"0105"
"08.024.16";"0105"
"08.024.17";"0105"
"08.024.18";"0105"
"08.024.19";"0105"
"08.024.22";"0105"
"08.024.23";"0105"
"08.024.24";"0105"
"08.024.25";"0105"
"08.024.27";"0106"
"08.024.28";"0106"
"08.024.30";"0106"
"08.025";"0106"
"08.025.01";"0106"
"08.025.03";"0106"
"08.025.04";"0106"
"08.025.09";"0106"
"08.025.11";"0106"
"08.025.12";"0107"
"08.025.16";"0107"
"08.025.17";"0107"
"08.025.18";"0107"
"08.025.20";"0107"
"08.025.22";"0107"
"08.025.23";"0107"
"08.025.24";"0107"
"08.026";"0107"
"08.026.02";"0107"
"08.026.05";"0107"
"08.026.07";"0107"
"08.026.09";"0107"
"08.026.11";"0107"
"08.026.12";"0107"
"08.026.13";"0107"
"08.026.15";"0107"
"08.026.22";"0107"
"08.026.24";"0107"
"08.027";"0107"
"08.027.01";"0108"
"08.027.02";"0108"
"08.027.05";"0108"
"08.027.06";"0108"
"08.027.08";"0108"
"08.027.16";"0108"
"08.027.12";"0108"
"08.027.15";"0108"
"08.027.21";"0108"
"08.027.22";"0108"
"08.028.01";"0109"
"08.028.04";"0109"
"08.029";"0109"
"08.029.01";"0109"
"08.029.05";"0109"
"08.029.06";"0109"
"08.029.08";"0110"
"08.029.09";"0110"
"08.031";"0110"
"08.031.01";"0110"
"08.031.02";"0110"
"08.031.06";"0110"
"08.031.09";"0110"
"08.031.10";"0110"
"08.031.12";"0110"
"08.031.13";"0110"
"08.031.15";"0110"
"08.032";"0111"
"08.032.02";"0111"
"08.032.03";"0111"
"08.032.04";"0111"
"08.032.06";"0111"
"08.032.10";"0111"
"08.032.12";"0111"
"08.032.16";"0111"
"08.032.17";"0111"
"08.032.18";"0111"
"08.032.21";"0111"
"08.032.23";"0111"
"08.032.25";"0111"
"08.032.27";"0111"
"08.033";"0112"
"08.033.01";"0112"
"08.033.02";"0112"
"08.033.04";"0112"
"08.033.05";"0112"
"08.033.06";"0112"
"08.033.08";"0112"
"08.033.09";"0112"
"08.033.13";"0112"
"08.033.14";"0112"
"08.033.16";"0112"
"08.033.17";"0112"
"08.033.18";"0112"
"08.033.19";"0112"
"08.034";"0113"
"08.034.01";"0113"
"08.034.03";"0113"
"08.034.11";"0113"
"08.035";"0114"
"08.035.04";"0114"
"08.035.05";"0114"
"08.035.11";"0114"
"08.035.13";"0114"
"08.035.14";"0114"
"08.035.16";"0114"
"08.035.17";"0114"
"08.035.19";"0114"
"08.035.24";"0114"
"08.036";"0114"
"08.036.01";"0114"
"08.036.02";"0114"
"08.036.04";"0114"
"08.036.07";"0114"
"08.037";"0114"
"08.037.04";"0114"
"08.037.06";"0115"
"08.037.07";"0115"
"08.038";"0115"
"08.038.02";"0115"
"08.038.04";"0115"
"08.038.08";"0115"
"08.039";"0115"
"08.039.01";"0115"
"08.039.02";"0115"
"08.039.03";"0115"
"08.039.04";"0115"
"08.039.06";"0115"
"08.039.07";"0115"
"08.039.10";"0115"
"08.040";"0115"
"08.040.01";"0115"
"08.040.02";"0115"
"08.040.03";"0115"
"08.040.06";"0115"
"08.040.08";"0115"
"08.040.09";"0116"
"08.040.10";"0116"
"08.040.11";"0116"
"08.041";"0116"
"08.041.02";"0116"
"08.041.03";"0116"
"08.041.04";"0116"
"08.041.06";"0116"
"08.041.07";"0116"
"08.041.08";"0117"
"08.041.09";"0117"
"08.041.10";"0117"
"08.042";"0117"
"08.042.03";"0117"
"08.043";"0117"
"08.043.01";"0117"
"08.043.09";"0117"
"08.043.17";"0118"
"08.044";"0118"
"08.045";"0118"
"08.045.05";"0118"
"08.045.06";"0118"
"08.045.08";"0118"
"08.045.10";"0118"
"08.045.12";"0118"
"08.045.13";"0118"
"08.045.14";"0118"
"08.045.16";"0118"
"08.045.18";"0118"
"08.045.19";"0119"
"08.045.22";"0119"
"08.045.24";"0119"
"08.045.26";"0119"
"08.045.27";"0119"
"08.045.31";"0119"
"08.045.37";"0119"
"08.045.38";"0120"
"08.045.40";"0120"
"08.045.42";"0120"
"08.046";"0120"
"08.046.01";"0120"
"08.046.03";"0120"
"08.046.04";"0120"
"08.046.05";"0120"
"08.046.06";"0120"
"08.046.08";"0120"
"08.046.09";"0120"
"08.046.10";"0120"
"08.046.11";"0120"
"08.046.12";"0120"
"08.046.14";"0120"
"08.046.15";"0120, 0121"
"08.046.16";"0120, 0121"
"08.046.17";"0121"
"08.046.18";"0121"
"08.046.19";"0121"
"08.046.20";"0121"
"08.046.21";"0122"
"08.046.22";"0122"
"08.046.23";"0122"
"08.046.24";"0122"
"08.046.26";"0122"
"08.046.27";"0122"
"08.046.28";"0122"
"08.046.29";"0122"
"08.046.30";"0122"
"08.046.31";"0122"
"08.046.32";"0122"
"08.047";"0122"
"08.047.06";"0123"
"08.047.14";"0123"
"08.047.15";"0123"
"08.047.17";"0123"
"08.047.18";"0123"
"08.048";"0123"
"08.048.01";"0123"
"08.048.02";"0123"
"08.048.03";"0123"
"08.048.04";"0123"
"08.048.05";"0123"
"08.048.06";"0124"
"08.048.08";"0124"
"08.048.09";"0124"
"08.048.10";"0124"
"08.048.11";"0124"
"08.048.14";"0124"
"08.049.01";"0125"
"08.049.03";"0125"
"08.049.04";"0125"
"08.049.05";"0125"
"08.049.06";"0125"
"08.049.07";"0125"
"08.050.01";"0125"
"08.050.02";"0125"
"08.050.04";"0125"
"08.050.05";"0126"
"08.050.06";"0126"
"08.050.08";"0126"
"08.050.09";"0126"
"08.050.10";"0126"
"08.051.01";"0126"
"08.051.02";"0126"
"08.051.03";"0126"
"08.051.04";"0127"
"08.051.06";"0127"
"08.051.07";"0127"
"08.051.09";"0127"
"08.051.10";"0127"
"08.052.01";"0127"
"08.052.02";"0127"
"08.052.04";"0127"
"08.052.05";"0127"
"08.052.06";"0127"
"08.052.07";"0127"
"08.052.08";"0128"
"08.053.01";"0128"
"08.053.02";"0128"
"08.053.03";"0128"
"08.053.04";"0128"
"08.053.05";"0128"
"08.053.07";"0128"
"08.053.08";"0128"
"08.054.01";"0128"
"08.054.02";"0128"
"08.054.06";"0128"
"08.054.07";"0128"
"08.054.08";"0128"
"08.055.01";"0128"
"08.055.04";"0129"
"08.055.05";"0129"
"08.056.01";"0129"
"08.056.02";"0129"
"08.056.03";"0129"
"08.056.04";"0129"
"08.056.05";"0129"
"08.057";"0129"
"08.057.01";"0130"
"08.057.02";"0130"
"08.057.03";"0130"
"08.057.04";"0130"
"08.058";"0130"
"08.058.01";"0130"
"08.058.02";"0130"
"08.058.03";"0130"
"08.059";"0130"
"08.059.01";"0130"
"08.059.02";"0130"
"08.059.03";"0131"
"08.059.04";"0131"
"08.059.05";"0131"
"08.059.06";"0131"
"08.059.07";"0131"
"08.060";"0131"
"08.060.01";"0131"
"08.060.03";"0131"
"08.060.04";"0131"
"08.060.09";"0131"
"08.060.10";"0132"
"08.060.13";"0132"
"08.060.15";"0132"
"08.060.18";"0132"
"08.060.20";"0132"
"08.061";"0132"
"08.061.02";"0132"
"08.061.03";"0132"
"08.061.06";"0132"
"08.061.07";"0132"
"08.061.08";"0132"
"08.061.09";"0132"
"08.061.12";"0132"
"08.061.14";"0132"
"08.061.15";"0133"
"08.061.17";"0133"
"08.062";"0133"
"08.062.01";"0133"
"08.062.09";"0133"
"08.063";"0133"
"08.063.01";"0133"
"08.063.02";"0134"
"08.063.03";"0134"
"08.063.04";"0134"
"08.063.05";"0134"
"08.063.07";"0134"
"08.063.09";"0134"
"08.063.10";"0134"
"08.063.11";"0134"
"08.063.12";"0134"
"08.064";"0135"
"08.064.01";"0135"
"08.064.04";"0135"
"08.064.10";"0135"
"08.065";"0135"
"08.065.04";"0135"
"08.065.05";"0135"
"08.065.09";"0135"
"08.065.10";"0135"
"08.066";"0135"
"08.066.01";"0135"
"08.066.02";"0135"
"08.066.03";"0135"
"08.066.05";"0135"
"08.066.06";"0135"
"08.066.09";"0135"
"08.066.10";"0135"
"08.066.11";"0135"
"08.066.12";"0135"
"08.067";"0136"
"08.067.07";"0136"
"08.067.09";"0136"
"08.067.18";"0136"
"08.067.19";"0136"
"08.067.21";"0136"
"08.068";"0136"
"08.068.01";"0136"
"08.068.02";"0136"
"08.068.03";"0136"
"08.068.07";"0136"
"08.068.10";"0137"
"08.068.11";"0137"
"08.068.13";"0137"
"08.068.14";"0137"
"08.068.16";"0137"
"08.068.17";"0137"
"08.069";"0137"
"08.069.02";"0137"
"08.069.03";"0138"
"08.069.07";"0138"
"08.069.08";"0138"
"08.069.09";"0138"
"08.069.10";"0138"
"08.069.13";"0138"
"08.069.14";"0138, 0378"
"08.069.15";"0139"
"08.069.16";"0139"
"08.069.18";"0139"
"08.070";"0139"
"08.070.01";"0139"
"08.070.02";"0139"
"08.070.03";"0140"
"08.070.04";"0140"
"08.070.05";"0140"
"08.070.06";"0140"
"08.070.07";"0140"
"08.070.10";"0140"
"08.070.12";"0140"
"08.070.13";"0140"
"08.070.14";"0140, 0141"
"08.070.15";"0140, 0141"
"08.071";"0141"
"08.071.02";"0141"
"08.071.03";"0141"
"08.071.04";"0141"
"08.071.07";"0141"
"08.071.10";"0141"
"08.071.12";"0141"
"08.071.13";"0141"
"08.071.15";"0141"
"08.072";"0141"
"08.072.01";"0142"
"08.072.02";"0142"
"08.072.03";"0142"
"08.072.04";"0142"
"08.072.05";"0142"
"08.072.06";"0142"
"08.072.07";"0142"
"08.072.08";"0143"
"08.072.10";"0143"
"08.072.11";"0143"
"08.072.12";"0143"
"08.072.13";"0143"
"08.072.14";"0143"
"08.072.15";"0143"
"08.072.17";"0144"
"08.072.18";"0144"
"08.073";"0144"
"08.073.04";"0144"
"08.073.05";"0144"
"08.073.06";"0144"
"08.073.07";"0144"
"08.073.11";"0144"
"08.073.17";"0144"
"08.074";"0144"
"08.074.01";"0144"
"08.074.04";"0144"
"08.074.07";"0144"
"08.074.08";"0144"
"08.074.10";"0144"
"08.074.11";"0145"
"08.074.13";"0145"
"08.074.14";"0145"
"08.075";"0145"
"08.075.01";"0145"
"08.075.02";"0145"
"08.075.03";"0145"
"08.075.05";"0145"
"08.075.06";"0145"
"08.075.07";"0146"
"08.075.08";"0146"
"08.075.12";"0146"
"08.075.15";"0146"
"08.076";"0146"
"08.076.01";"0146"
"08.076.11";"0146"
"08.076.12";"0146"
"08.077";"0146"
"08.077.02";"0146"
"08.077.05";"0146"
"08.077.06";"0146, 0378"
"08.077.10";"0147, 0378"
"08.077.11";"0147"
"08.078";"0147"
"08.078.02";"0147"
"08.078.04";"0147"
"08.078.07";"0147"
"08.078.08";"0147"
"08.079";"0147"
"08.079.01";"0147"
"08.079.03";"0147"
"08.079.04";"0148"
"08.079.05";"0148"
"08.079.06";"0148"
"08.079.07";"0148"
"08.079.09";"0148"
"08.080";"0148"
"08.080.05";"0148"
"08.080.08";"0148"
"08.080.10";"0148"
"08.081";"0149"
"08.081.01";"0149"
"08.081.02";"0149"
"08.081.03";"0149"
"08.081.05";"0149"
"08.081.09";"0149"
"08.082";"0149"
"08.082.01";"0149"
"08.082.02";"0149"
"08.082.09";"0149"
"08.083";"0149"
"08.083.07";"0149"
"08.083.08";"0149"
"08.083.09";"0149"
"08.084";"0149"
"08.084.01";"0149"
"08.084.06";"0149"
"08.084.07";"0149"
"08.085";"0149"
"08.086";"0150"
"08.086.01";"0150"
"08.087";"0150"
"08.087.01";"0150"
"08.087.05";"0150"
"08.088";"0150"
"08.089";"0150"
"08.089.05";"0150"
"08.089.07";"0150"
"08.090";"0150"
"08.090.04";"0150"
"08.090.05";"0150"
"08.090.06";"0150"
"08.091";"0150"
"08.091.01";"0151"
"08.091.03";"0151"
"08.092";"0151"
"08.092.01";"0151"
"08.092.07";"0151"
"08.092.08";"0151"
"08.092.09";"0151"
"08.092.11";"0151"
"08.092.12";"0151"
"08.092.13";"0151"
"08.092.15";"0151"
"08.092.16";"0151"
"08.092.25";"0151"
"08.092.30";"0151"
"08.092.31";"0151"
"08.093";"0152"
"08.093.02";"0152"
"08.093.03";"0152"
"08.093.09";"0152"
"08.093.10";"0152"
"08.093.16";"0152"
"08.093.19";"0152"
"08.093.22";"0152"
"08.093.26";"0152"
"08.093.31";"0153"
"08.093.32";"0153"
"08.093.33";"0153"
"08.093.34";"0153"
"08.094";"0153"
"08.094.01";"0153"
"08.094.02";"0153"
"08.094.03";"0153"
"08.094.04";"0153"
"08.094.08";"0153"
"08.094.09";"0153"
"08.095";"0153"
"08.095.02";"0153"
"08.095.07";"0153"
"08.096";"0153"
"08.096.01";"0153"
"08.096.02";"0153, 0378"
"08.096.03";"0153"
"08.096.07";"0154"
"08.096.08";"0154"
"08.096.09";"0154"
"08.096.10";"0154"
"08.096.11";"0154"
"08.096.13";"0154"
"08.096.14";"0154"
"08.096.15";"0154"
"08.096.16";"0155"
"08.096.17";"0155"
"08.096.19";"0155"
"08.096.20";"0155"
"08.096.21";"0155"
"08.097";"0155"
"08.097.01";"0155"
"08.097.04";"0156"
"08.097.10";"0156"
"08.097.11";"0156"
"08.097.12";"0156"
"08.097.13";"0156"
"08.097.14";"0156"
"08.097.15";"0156"
"08.098";"0156"
"08.098.01";"0156"
"08.098.02";"0156"
"08.098.03";"0156"
"08.098.04";"0156"
"08.098.05";"0156"
"08.098.06";"0156"
"08.098.07";"0156"
"08.098.08";"0156, 0157"
"08.098.09";"0156, 0157"
"08.098.10";"0156, 0157"
"08.098.11";"0156, 0157"
"08.098.12";"0156, 0157"
"08.099";"0157"
"08.099.01";"0157"
"08.099.03";"0157"
"08.099.04";"0157"
"08.099.06";"0157"
"08.099.07";"0157"
"08.099.08";"0157"
"08.100";"0157, 0378"
"08.100.01";"0158"
"08.100.02";"0158"
"08.100.03";"0158"
"08.100.04";"0158"
"08.100.05";"0158"
"08.100.06";"0158"
"08.100.08";"0158"
"08.100.10";"0158"
"08.100.11";"0158"
"08.100.12";"0158"
"08.101";"0158"
"08.101.03";"0159"
"08.101.05";"0159"
"08.101.06";"0159"
"08.101.09";"0159"
"08.101.10";"0159"
"08.101.12";"0159"
"08.101.13";"0159"
"08.101.14";"0159"
"08.101.15";"0159"
"08.101.16";"0159"
"08.102";"0159"
"08.102.02";"0159"
"08.102.04";"0159"
"08.102.07";"0159"
"08.102.10";"0160"
"08.102.11";"0160"
"08.102.14";"0160"
"08.102.16";"0160"
"08.102.19";"0160"
"08.102.20";"0160"
"08.102.21";"0160"
"08.102.22";"0160"
"08.103";"0160"
"08.103.02";"0160"
"08.103.04";"0160"
"08.103.05";"0160"
"08.103.06";"0161"
"08.103.07";"0161"
"08.103.08";"0161"
"08.103.10";"0161"
"08.103.11";"0161"
"08.103.12";"0161"
"08.103.13";"0161"
"09.001";"0161"
"09.001.02";"0161"
"09.001.06";"0162"
"09.001.07";"0162"
"09.001.08";"0162"
"09.001.09";"0162"
"09.002.03";"0162"
"09.002.05";"0162"
"09.003";"0162"
"09.003.05";"0162"
"09.003.08";"0162"
"09.003.10";"0162"
"09.004";"0162"
"09.004.04";"0162"
"09.005";"0162"
"09.005.01";"0163"
"09.005.02";"0163"
"09.005.07";"0163"
"09.006";"0163"
"09.006.02";"0163"
"09.006.06";"0163"
"09.006.07";"0163"
"09.007.01";"0163"
"09.007.02";"0163"
"09.007.03";"0163"
"09.007.06";"0163"
"09.007.07";"0163"
"09.007.08";"0163"
"09.008";"0164"
"09.008.03";"0164"
"09.008.08";"0164"
"09.009";"0164"
"09.009.04";"0164"
"09.010";"0164"
"09.010.01";"0164"
"09.010.07";"0164"
"09.010.08";"0164"
"09.010.09";"0164"
"09.011";"0164"
"09.011.05";"0164"
"09.011.06";"0164"
"09.012.03";"0164"
"09.012.07";"0164"
"09.013.06";"0165"
"09.013.09";"0165"
"09.014.04";"0165"
"09.014.06";"0165"
"09.015.01";"0165"
"09.015.02";"0165"
"09.015.05";"0165"
"09.015.06";"0165"
"09.016.01";"0166"
"09.017.05";"0166"
"09.017.08";"0166"
"09.018";"0166"
"09.018.01";"0166"
"09.018.02";"0166"
"09.018.07";"0166"
"09.019.06";"0166"
"09.021.02";"0166"
"09.021.05";"0166"
"09.022.06";"0166"
"09.024.01";"0166"
"09.024.02";"0166"
"09.024.04";"0167"
"09.024.05";"0167"
"09.024.07";"0167"
"09.025.05";"0167"
"09.026.01";"0167"
"09.026.03";"0167"
"09.026.04";"0167"
"09.026.06";"0167"
"09.029.01";"0167"
"09.030";"0167"
"09.030.02";"0167"
"09.031.02";"0168"
"09.031.04";"0168"
"09.032";"0168"
"09.032.01";"0168"
"09.032.05";"0168"
"09.032.06";"0168"
"09.033";"0168"
"09.033.05";"0168"
"09.034.03";"0168"
"09.035";"0168"
"09.035.04";"0168"
"09.036";"0168"
"09.036.02";"0168"
"09.036.04";"0168"
"09.036.05";"0168"
"09.038.01";"0168"
"09.039.01";"0168"
"09.039.02";"0168"
"09.040";"0168"
"09.040.01";"0168"
"09.040.03";"0168"
"09.041";"0169"
"09.041.01";"0169"
"09.041.02";"0169"
"09.041.05";"0169"
"09.043";"0169"
"09.043.04";"0169"
"09.044";"0169"
"09.045";"0169"
"09.045.05";"0169"
"09.046";"0169"
"09.046.01";"0169"
"09.046.04";"0169"
"09.047.02";"0169"
"09.047.04";"0169"
"09.047.05";"0169"
"09.048.02";"0169"
"09.048.04";"0170"
"09.050.01";"0170"
"09.052.01";"0170"
"09.052.03";"0170"
"09.052.05";"0170"
"09.053.01";"0170"
"09.054";"0171"
"09.054.01";"0171"
"09.055";"0171"
"09.055.04";"0171"
"09.056";"0171"
"09.056.03";"0171"
"09.057";"0171"
"09.057.03";"0171, 0378"
"09.057.04";"0171"
"09.058";"0171"
"09.058.01";"0171"
"09.058.04";"0172"
"09.059.04";"0172"
"09.060.03";"0172"
"09.061";"0172"
"09.061.01";"0172"
"09.061.10";"0172"
"09.061.11";"0172"
"09.061.12";"0172"
"09.061.22";"0172"
"09.061.24";"0172"
"09.061.25";"0172"
"09.062";"0172"
"09.062.02";"0172"
"09.062.03";"0172"
"09.062.04";"0172"
"09.062.05";"0172"
"09.062.07";"0172"
"09.062.12";"0172"
"09.062.15";"0172"
"09.062.26";"0172"
"09.063";"0173"
"09.063.05";"0173"
"09.063.09";"0173"
"09.063.10";"0173"
"09.063.11";"0173"
"09.063.20";"0173"
"09.063.22";"0173"
"09.064";"0173"
"09.064.01";"0173"
"09.064.04";"0173"
"09.064.05";"0173"
"09.064.06";"0173"
"09.064.09";"0173"
"09.064.10";"0173"
"09.064.28";"0173"
"09.064.30";"0173"
"09.065";"0174"
"09.065.02";"0174"
"09.065.11";"0174"
"09.065.12";"0174"
"09.065.23";"0174"
"09.065.26";"0174"
"09.065.28";"0174"
"09.065.30";"0174"
"09.066";"0174"
"09.066.09";"0174"
"09.066.13";"0174"
"09.066.14";"0174"
"09.066.16";"0174"
"09.066.18";"0174"
"09.066.25";"0174"
"09.066.26";"0174"
"09.066.28";"0174"
"09.067";"0174"
"09.067.22";"0175"
"09.067.25";"0175"
"09.067.28";"0175"
"09.067.30";"0175"
"09.068.01";"0175"
"09.068.02";"0175"
"09.068.03";"0175"
"09.068.05";"0175"
"09.068.10";"0176"
"09.069.01";"0176"
"09.069.03";"0176"
"09.069.05";"0176"
"09.069.06";"0176"
"09.069.08";"0176"
"09.070.01";"0176"
"09.070.04";"0176"
"09.070.05";"0176"
"09.070.07";"0176"
"09.071.01";"0176"
"09.071.02";"0177"
"09.071.04";"0177"
"09.071.05";"0178"
"09.071.07";"0178"
"09.071.08";"0178"
"09.072.01";"0178"
"09.072.03";"0178"
"09.072.05";"0178"
"09.072.08";"0178"
"09.073";"0179"
"09.073.01";"0179"
"09.073.04";"0179"
"09.073.06";"0180"
"09.073.07";"0180"
"09.074";"0180"
"09.074.02";"0180"
"09.074.04";"0180"
"09.074.06";"0180"
"09.074.07";"0181"
"09.074.08";"0181"
"09.075.02";"0181"
"09.075.03";"0181"
"09.076.03";"0181"
"09.076.05";"0181"
"09.077.03";"0181"
"09.077.04";"0181"
"09.078.01";"0182"
"09.078.02";"0182"
"09.079.01";"0182"
"09.079.03";"0183"
"09.079.04";"0183"
"09.080.01";"0183"
"09.080.02";"0188"
"09.081.02";"0188"
"09.081.03";"0188"
"09.081.05";"0188"
"09.082.03";"0189, 0378"
"09.082.04";"0189"
"09.083.01";"0189"
"09.083.02";"0189"
"09.084.02";"0189"
"09.084.05";"0189"
"09.085";"0189"
"09.085.06";"0189"
"09.085.08";"0189"
"09.085.10";"0189"
"09.085.11";"0189"
"09.085.12";"0189"
"09.086";"0189"
"09.086.03";"0189"
"09.086.04";"0189"
"09.086.10";"0190"
"09.086.13";"0190"
"09.086.16";"0190"
"09.086.17";"0190"
"09.086.19";"0190"
"09.086.20";"0190"
"09.086.23";"0190"
"09.086.27";"0190"
"09.086.30";"0190"
"09.086.34";"0190"
"09.086.38";"0190"
"09.086.41";"0190"
"09.086.42";"0190"
"09.086.43";"0190"
"09.086.44";"0190"
"09.086.45";"0190"
"09.086.048";"0191"
"09.087";"0191"
"09.087.05";"0191"
"09.087.07";"0191"
"09.087.09";"0191"
"09.088.01";"0191"
"09.088.02";"0191"
"09.088.03";"0191"
"09.088.04";"0191"
"09.089.01";"0191"
"09.089.02";"0191"
"09.089.03";"0191"
"09.089.05";"0191"
"09.089.07";"0191"
"09.090.01";"0191"
"09.090.04";"0191"
"09.091.01";"0192"
"09.091.04";"0192"
"09.091.05";"0192"
"09.091.06";"0192"
"09.092.02";"0192"
"09.092.05";"0192"
"09.092.06";"0192"
"09.093.01";"0192"
"09.093.03";"0192"
"09.093.04";"0192"
"09.093.05";"0192"
"09.094.01";"0192"
"09.094.02";"0192"
"09.094.03";"0192"
"09.094.04";"0193"
"09.094.05";"0193"
"09.096";"0193"
"09.096.03";"0193"
"09.096.04";"0193"
"09.096.07";"0193"
"09.096.08";"0193"
"09.096.15";"0194"
"09.096.17";"0194"
"09.096.19";"0194"
"09.096.21";"0194"
"09.096.22";"0194"
"09.096.23";"0194"
"09.096.24";"0194"
"09.097";"0194"
"09.097.03";"0194"
"09.097.07";"0194"
"09.097.08";"0194"
"09.097.09";"0195"
"09.097.10";"0195"
"09.097.15";"0195"
"09.097.16";"0195"
"09.097.17";"0195"
"09.097.21";"0195"
"09.097.22";"0195"
"09.097.26";"0196"
"09.097.28";"0196"
"09.097.30";"0196"
"09.097.31";"0196"
"09.097.32";"0196"
"09.097.37";"0196"
"09.097.38";"0196"
"09.097.39";"0196"
"09.097.40";"0196"
"09.097.41";"0196"
"09.097.42";"0196"
"09.097.43";"0196"
"09.097.44";"0196"
"09.097.47";"0196"
"09.097.48";"0197"
"09.097.49";"0197"
"09.097.52";"0197"
"09.097.53";"0197"
"09.097.54";"0197"
"09.097.55";"0198"
"09.097.56";"0198"
"09.097.57";"0198"
"09.097.58";"0198"
"09.098.02";"0198"
"09.098.03";"0198"
"09.098.04";"0198"
"09.098.06";"0198"
"09.098.08";"0198"
"09.098.09";"0198"
"09.098.11";"0198"
"09.098.12";"0198"
"09.099.01";"0198"
"09.099.02";"0198"
"09.099.04";"0198"
"09.100";"0198"
"09.100.01";"0198"
"09.101";"0198"
"09.101.01";"0198"
"09.101.11";"0199"
"09.101.12";"0199"
"09.101.13";"0199"
"09.101.14";"0199"
"09.102.01";"0199"
"09.102.02";"0199"
"09.102.03";"0199"
"09.102.04";"0200"
"09.102.05";"0200"
"09.103.01";"0200"
"09.104";"0200"
"09.104.05";"0200"
"09.105";"0200"
"09.105.05";"0200"
"09.105.06";"0200"
"09.106";"0200"
"09.106.03";"0200"
"09.106.09";"0200"
"09.107";"0200"
"09.107.01";"0200"
"09.107.02";"0201"
"09.107.08";"0201"
"09.107.09";"0201"
"09.107.15";"0201"
"09.107.20";"0201"
"09.107.21";"0201"
"09.107.24";"0201"
"09.108.02";"0201"
"09.108.06";"0201"
"09.108.07";"0201"
"09.108.09";"0202"
"09.108.10";"0202"
"09.108.11";"0202"
"09.108.13";"0202"
"09.109";"0202"
"09.109.07";"0202"
"09.109.17";"0202"
"09.109.18";"0202"
"09.109.21";"0202"
"09.109.22";"0202"
"09.110";"0202"
"09.110.01";"0203"
"09.110.03";"0203"
"09.110.05";"0203"
"09.110.08";"0203"
"09.110.09";"0203"
"09.110.10";"0203"
"09.110.12";"0203"
"09.111.01";"0203"
"09.111.02";"0203"
"09.111.03";"0203"
"09.112";"0203"
"09.112.02";"0203"
"09.112.03";"0206"
"09.112.04";"0206"
"09.113";"0206"
"09.113.01";"0206"
"09.113.03";"0206"
"09.113.05";"0206"
"09.113.06";"0206"
"09.113.07";"0206"
"09.113.10";"0206"
"09.113.11";"0207"
"09.114";"0207"
"09.114.03";"0207"
"09.114.04";"0207"
"10.001.01";"0207"
"10.001.02";"0207"
"10.001.03";"0207"
"10.001.05";"0207"
"10.001.06";"0207"
"10.002";"0207"
"10.002.02";"0208"
"10.002.05";"0208"
"10.002.07";"0208"
"10.003";"0208"
"10.003.01";"0208, 0378"
"10.003.02";"0208"
"10.003.03";"0208"
"10.003.04";"0208"
"10.004.01";"0208"
"10.004.02";"0208"
"10.004.03";"0208"
"10.004.04";"0208"
"10.004.05";"0209"
"10.004.06";"0209"
"10.005.01";"0209"
"10.005.03";"0209"
"10.005.05";"0209"
"10.005.06";"0209"
"10.006";"0209"
"10.006.01";"0209"
"10.006.02";"0210"
"10.006.03";"0210"
"10.006.04";"0210"
"10.006.05";"0210"
"10.006.06";"0210"
"10.006.07";"0210"
"10.007.01";"0210"
"10.007.02";"0210"
"10.007.04";"0210"
"10.007.05";"0210"
"10.007.06";"0210"
"10.007.07";"0210"
"10.008";"0210"
"10.008.02";"0210"
"10.008.03";"0210"
"10.008.05";"0210"
"10.008.07";"0210"
"10.008.09";"0211"
"10.009";"0211"
"10.010";"0211"
"10.010.01";"0212"
"10.010.02";"0212"
"10.010.03";"0213"
"10.010.04";"0214"
"10.010.05";"0214"
"10.010.06";"0214"
"10.010.07";"0214"
"10.010.09";"0215"
"10.010.10";"0215"
"10.010.11";"0378"
"10.010.12";"0215"
"10.010.13";"0215"
"10.010.14";"0215"
"10.011";"0215"
"10.011.01";"0216"
"10.011.02";"0216"
"10.011.04";"0216"
"10.011.05";"0216"
"10.011.06";"0216"
"10.011.07";"0216"
"10.011.08";"0216"
"10.011.09";"0216"
"10.012";"0217"
"10.012.01";"0217"
"10.012.02";"0217"
"10.012.03";"0217"
"10.012.04";"0217"
"10.012.05";"0217"
"10.012.06";"0218"
"10.012.07";"0218"
"10.013";"0218"
"10.013.01";"0218"
"10.013.03";"0218"
"10.013.04";"0218"
"10.013.05";"0219"
"10.014";"0219"
"10.015";"0219, 0221"
"10.016";"0219, 0221"
"10.017";"0219, 0224"
"10.018";"0219, 0225"
"10.014.01";"0220"
"10.014.02";"0220"
"10.014.03";"0220"
"10.014.05";"0220"
"10.014.07";"0220"
"10.014.08";"0220"
"10.014.09";"0220"
"10.014.10";"0220"
"10.014.11";"0220"
"10.014.12";"0220"
"10.014.14";"0220"
"10.014.15";"0220"
"10.014.16";"0221"
"10.015.02";"0221"
"10.015.03";"0221"
"10.015.04";"0222"
"10.015.05";"0222"
"10.015.06";"0222"
"10.015.07";"0222"
"10.015.08";"0222"
"10.015.09";"0222"
"10.015.10";"0222"
"10.015.13";"0222"
"10.015.14";"0222"
"10.016.02";"0223"
"10.016.03";"0223"
"10.016.04";"0223"
"10.016.06";"0223"
"10.016.08";"0223"
"10.016.09";"0223"
"10.016.10";"0223"
"10.016.11";"0223"
"10.016.12";"0223"
"10.016.13";"0224"
"10.017.01";"0225"
"10.017.02";"0225"
"10.017.03";"0225"
"10.017.04";"0225"
"10.017.09";"0225"
"10.017.13";"0225"
"10.018.02";"0226"
"10.018.04";"0226"
"10.018.05";"0226"
"10.018.06";"0226"
"10.018.08";"0227"
"10.018.09";"0227"
"10.018.10";"0227"
"10.018.11";"0227"
"10.018.13";"0227"
"10.018.14";"0227, 0378"
"10.019";"0228"
"10.019.02";"0228"
"10.019.06";"0228"
"10.019.07";"0228"
"10.020";"0228"
"10.020.01";"0228"
"10.020.02";"0228"
"10.020.03";"0229"
"10.020.04";"0229"
"10.020.06";"0229"
"10.020.07";"0229"
"10.020.08";"0229"
"10.020.10";"0229"
"10.021.01";"0229"
"10.021.03";"0230"
"10.021.04";"0230"
"10.021.07";"0230"
"10.022";"0230"
"10.022.01";"0230"
"10.022.02";"0230"
"10.022.03";"0230"
"10.022.04";"0230"
"10.022.05";"0231"
"10.022.06";"0231"
"10.022.07";"0231"
"10.022.09";"0231"
"10.022.10";"0231"
"10.022.11";"0231"
"10.022.12";"0232"
"10.022.13";"0232"
"10.022.14";"0232"
"10.022.15";"0232"
"10.023";"0232"
"10.023.01";"0232"
"10.023.02";"0232"
"10.023.03";"0232"
"10.023.04";"0232"
"10.023.05";"0232"
"10.023.06";"0232"
"10.023.07";"0232"
"10.024";"0232"
"10.024.02";"0232"
"10.024.04";"0232"
"10.024.05";"0232"
"10.024.06";"0232"
"10.025.02";"0233"
"10.025.03";"0233"
"10.025.04";"0233"
"10.025.06";"0233"
"10.025.11";"0233"
"10.026";"0233"
"10.026.01";"0233"
"10.026.02";"0233"
"10.026.03";"0233"
"10.026.04";"0233"
"10.026.05";"0233"
"10.026.06";"0234"
"10.026.07";"0234"
"10.026.08";"0234"
"10.026.09";"0234"
"10.027";"0234"
"10.027.01";"0234"
"10.027.02";"0234"
"10.027.03";"0234"
"10.027.04";"0234"
"10.027.05";"0235"
"10.027.06";"0235"
"10.027.07";"0235"
"10.027.08";"0235"
"10.027.09";"0235"
"10.027.10";"0235"
"10.027.11";"0235"
"10.027.12";"0236"
"10.027.13";"0236"
"10.027.14";"0236"
"10.027.15";"0236"
"10.027.16";"0237"
"10.027.17";"0237"
"10.027.18";"0237"
"10.027.19";"0237"
"10.027.20";"0237"
"10.027.21";"0237"
"10.027.23";"0237"
"10.027.24";"0237"
"10.028";"0238"
"10.028.01";"0238"
"10.028.02";"0239"
"10.028.03";"0239"
"10.028.05";"0239"
"10.028.07";"0239"
"10.028.08";"0239"
"10.028.09";"0239"
"10.028.10";"0240"
"10.028.11";"0240"
"10.028.12";"0240"
"10.029.01";"0240"
"10.029.02";"0241"
"10.029.03";"0241"
"10.029.04";"0241"
"10.029.05";"0242"
"10.029.08";"0242"
"10.030";"0242"
"10.030.01";"0242"
"10.030.02";"0242, 0378"
"10.030.06";"0242"
"10.030.07";"0243"
"10.030.08";"0243"
"10.030.09";"0243"
"10.030.10";"0243"
"10.030.11";"0243"
"10.030.12";"0243"
"10.030.13";"0243"
"10.030.14";"0243"
"10.030.15";"0243"
"10.031";"0243"
"10.031.01";"0243"
"10.031.02";"0243"
"10.031.04";"0243"
"10.031.05";"0244"
"10.031.06";"0244"
"10.031.07";"0244"
"10.031.09";"0244"
"10.031.10";"0244"
"10.032";"0245"
"10.032.01";"0245"
"10.032.02";"0245"
"10.032.03";"0245"
"10.032.04";"0245"
"10.032.05";"0245"
"10.032.06";"0246"
"10.032.07";"0246"
"10.032.08";"0246"
"10.032.09";"0246"
"10.033";"0246"
"10.033.01";"0247"
"10.033.02";"0247"
"10.033.03";"0247"
"10.033.08";"0247"
"10.033.09";"0247"
"10.034";"0247"
"10.034.01";"0247"
"10.034.02";"0247"
"10.034.03";"0247"
"10.034.04";"0247"
"10.034.05";"0247"
"10.034.06";"0248"
"10.034.07";"0248"
"10.034.08";"0248"
"10.034.09";"0248"
"10.034.10";"0248"
"10.034.11";"0248"
"10.034.13";"0248"
"10.034.14";"0248"
"10.035.02";"0248"
"10.035.05";"0249"
"10.035.06";"0249"
"10.035.08";"0249"
"10.035.09";"0249"
"10.035.10";"0249"
"10.035.13";"0249"
"10.035.14";"0249"
"10.036.01";"0249"
"10.036.03";"0249"
"10.036.06";"0249"
"10.036.14";"0249"
"10.037.02";"0249"
"10.037.03";"0249"
"10.037.05";"0250"
"10.037.06";"0250"
"10.037.07";"0250"
"10.037.08";"0250"
"10.037.11";"0250"
"10.038";"0251"
"10.038.05";"0251"
"10.039.01";"0251"
"10.039.05";"0251"
"10.039.06";"0251"
"10.039.07";"0251"
"10.039.10";"0251"
"10.039.11";"0251"
"10.039.12";"0251"
"10.039.13";"0251"
"10.039.14";"0251"
"10.040";"0251"
"10.040.01";"0252"
"10.040.02";"0252"
"10.040.03";"0252"
"10.040.05";"0252"
"10.040.06";"0252"
"10.040.07";"0252"
"10.040.08";"0252"
"10.040.09";"0252"
"10.040.10";"0253"
"10.040.11";"0254"
"10.040.12";"0254"
"10.041.03";"0254"
"10.042.01";"0254"
"10.042.02";"0254"
"10.042.04";"0255"
"10.042.05";"0255"
"10.042.08";"0255"
"10.042.09";"0255"
"10.042.10";"0255"
"10.043.03";"0255"
"10.043.04";"0255"
"10.043.06";"0255"
"10.044.04";"0255"
"10.044.05";"0255"
"10.044.06";"0255"
"10.044.07";"0256"
"10.045";"0256"
"10.045.01";"0256"
"10.045.02";"0256"
"10.045.03";"0256"
"10.045.04";"0256"
"10.045.05";"0256"
"10.045.08";"0256"
"10.045.11";"0256"
"10.045.12";"0256"
"10.046";"0256"
"10.046.01";"0257"
"10.046.02";"0257"
"10.046.03";"0257"
"10.046.04";"0257"
"10.046.05";"0257"
"10.046.06";"0258"
"10.046.07";"0259"
"10.046.08";"0259"
"10.046.10";"0259"
"10.047.01";"0259"
"10.047.06";"0259"
"10.047.08";"0259"
"10.048.01";"0259"
"10.048.02";"0259"
"10.048.03";"0259"
"10.048.04";"0259"
"10.048.05";"0259"
"10.048.06";"0259"
"10.048.09";"0259"
"10.048.10";"0259"
"10.049";"0259"
"10.049.01";"0259"
"10.049.02";"0259"
"10.049.03";"0259"
"10.049.04";"0260"
"10.049.05";"0260"
"10.049.06";"0260"
"10.049.07";"0260"
"10.049.08";"0261"
"10.049.09";"0261"
"10.049.10";"0261"
"10.049.11";"0261"
"10.050";"0261"
"10.050.01";"0261"
"10.050.02";"0261"
"10.050.03";"0261"
"10.050.04";"0261"
"10.050.05";"0261"
"10.050.06";"0262"
"10.050.07";"0262"
"10.051";"0262"
"10.051.01";"0262"
"10.051.02";"0262"
"10.051.03";"0262"
"10.051.05";"0262"
"10.051.06";"0262"
"10.051.08";"0262"
"10.051.09";"0263"
"10.052";"0263"
"10.052.01";"0263"
"10.052.02";"0263"
"10.052.03";"0263"
"10.053";"0263"
"10.053.04";"0264"
"10.053.05";"0264"
"10.053.09";"0264"
"10.053.10";"0264"
"10.053.11";"0264"
"10.054";"0265"
"10.054.01";"0265"
"10.054.02";"0265"
"10.054.05";"0265"
"10.055.01";"0265"
"10.055.02";"0265"
"10.055.04";"0265"
"10.055.05";"0265"
"10.055.06";"0266"
"10.055.08";"0266"
"10.056";"0266"
"10.056.01";"0266"
"10.056.02";"0266"
"10.056.03";"0266"
"10.056.04";"0266"
"10.056.05";"0267"
"10.056.07";"0267"
"10.057";"0267"
"10.058";"0267"
"10.059";"0267"
"10.060";"0267, 0268"
"10.057.03";"0267"
"10.059.01";"0267"
"10.059.02";"0267"
"10.059.03";"0267"
"10.059.04";"0267"
"10.059.05";"0267"
"10.059.06";"0267"
"10.059.07";"0267"
"10.059.08";"0268"
"10.059.09";"0268"
"10.059.10";"0268"
"10.060.01";"0268"
"10.060.02";"0268"
"10.060.03";"0268"
"10.060.04";"0268"
"10.060.06";"0268"
"10.061";"0269"
"10.061.01";"0270"
"10.061.02";"0270"
"10.061.03";"0272"
"10.061.04";"0273"
"10.061.05";"0273"
"10.061.06";"0273"
"10.061.07";"0273"
"10.061.08";"0273"
"10.061.09";"0273"
"10.061.10";"0274"
"10.061.11";"0274"
"10.061.12";"0274"
"10.061.13";"0274"
"10.061.14";"0275"
"10.061.15";"0275"
"10.061.16";"0275"
"10.061.17";"0275"
"10.061.18";"0275"
"10.061.20";"0275"
"10.061.21";"0276"
"10.061.22";"0276"
"10.061.23";"0276"
"10.061.24";"0276"
"10.061.25";"0276"
"10.061.26";"0277"
"10.061.27";"0277"
"10.062";"0277"
"10.062.04";"0277"
"10.062.07";"0277"
"10.062.09";"0277"
"10.062.11";"0277"
"10.063.03";"0277"
"10.063.05";"0277"
"10.063.06";"0277"
"10.063.07";"0277"
"10.063.10";"0277"
"10.063.11";"0277"
"10.063.13";"0277"
"10.063.15";"0277"
"10.063.16";"0277"
"10.064.02";"0277"
"10.064.03";"0277"
"10.064.04";"0278"
"10.064.07";"0278"
"10.064.10";"0278"
"10.064.11";"0278"
"10.064.12";"0278"
"10.064.13";"0278"
"10.064.14";"0278"
"10.064.16";"0278"
"10.065.02";"0278"
"10.065.04";"0278"
"10.065.05";"0278"
"10.065.06";"0279"
"10.065.10";"0279"
"10.065.11";"0279"
"10.065.12";"0279"
"10.065.14";"0279"
"10.065.15";"0279"
"10.066.01";"0279"
"10.066.02";"0279"
"10.066.04";"0279"
"10.066.08";"0279"
"10.066.13";"0279"
"10.066.14";"0279"
"10.067.01";"0279"
"10.067.03";"0279"
"10.067.04";"0280"
"10.067.05";"0280"
"10.067.07";"0280"
"10.067.08";"0280"
"10.067.10";"0280"
"10.068.01";"0280"
"10.068.03";"0280"
"10.068.04";"0280"
"10.068.05";"0280"
"10.068.06";"0280"
"10.068.07";"0281"
"10.068.08";"0281"
"10.068.09";"0281"
"10.068.10";"0281"
"10.068.11";"0281"
"10.068.12";"0281"
"10.069.05";"0281"
"10.069.06";"0281"
"10.069.08";"0281"
"10.069.10";"0281"
"10.069.11";"0281"
"10.070.01";"0281"
"10.070.02";"0281"
"10.070.05";"0281"
"10.070.07";"0282"
"10.071.01";"0282"
"10.071.05";"0282"
"10.071.07";"0282"
"10.071.08";"0282"
"10.071.09";"0282"
"10.071.10";"0283"
"10.071.11";"0283"
"10.072";"0283"
"10.072.01";"0283"
"10.072.02";"0283"
"10.072.03";"0283"
"10.072.04";"0283"
"10.072.07";"0283"
"10.072.08";"0283"
"10.072.09";"0283"
"10.073.02";"0284"
"10.073.03";"0284"
"10.073.04";"0284"
"10.073.05";"0284"
"10.073.06";"0284"
"10.073.08";"0284"
"10.073.09";"0284"
"10.073.11";"0285"
"10.074";"0285"
"10.074.01";"0285"
"10.074.02";"0285"
"10.074.03";"0285"
"10.074.04";"0285"
"10.074.05";"0286"
"10.074.06";"0286"
"10.075.01";"0286"
"10.075.02";"0286"
"10.075.03";"0286"
"10.075.05";"0286"
"10.075.06";"0286"
"10.075.07";"0287"
"10.075.08";"0287"
"10.075.09";"0287"
"10.076.01";"0287"
"10.076.02";"0287"
"10.076.03";"0287"
"10.076.05";"0287"
"10.076.06";"0288"
"10.076.08";"0288"
"10.077";"0288"
"10.077.01";"0288, 0378"
"10.077.02";"0289"
"10.077.03";"0289"
"10.077.04";"0289"
"10.077.05";"0289"
"10.077.06";"0289"
"10.077.07";"0289"
"10.077.08";"0289"
"10.078.01";"0289"
"10.078.03";"0289"
"10.078.04";"0289"
"10.078.05";"0290"
"10.078.06";"0290"
"10.078.08";"0290"
"10.079.02";"0290"
"10.079.03";"0290"
"10.079.05";"0290"
"10.079.06";"0290"
"10.079.07";"0291"
"10.080.01";"0291"
"10.080.02";"0291"
"10.080.03";"0291"
"10.080.04";"0291"
"10.080.05";"0291"
"10.080.06";"0291"
"10.081";"0291"
"10.081.01";"0291"
"10.081.02";"0292"
"10.081.03";"0292"
"10.082.01";"0292"
"10.082.02";"0292"
"10.082.04";"0292"
"10.082.07";"0293"
"10.083.01";"0293"
"10.083.03";"0293"
"10.083.05";"0293"
"10.083.06";"0293"
"10.083.07";"0293"
"10.084.02";"0294"
"10.084.04";"0294"
"10.085";"0294"
"10.085.04";"0295"
"10.085.05";"0295"
"10.085.06";"0295, 0378"
"10.085.08";"0295"
"10.085.11";"0295"
"10.085.14";"0296"
"10.085.15";"0296"
"10.085.16";"0296"
"10.085.18";"0296"
"10.085.21";"0296"
"10.085.22";"0296"
"10.085.23";"0296"
"10.085.26";"0296"
"10.085.28";"0296"
"10.085.30";"0296"
"10.085.31";"0296"
"10.085.32";"0296"
"10.085.33";"0296"
"10.085.34";"0297"
"10.085.35";"0297"
"10.085.40";"0297"
"10.085.41";"0297"
"10.085.43";"0297"
"10.085.44";"0297"
"10.085.45";"0297"
"10.085.46";"0297"
"10.085.47";"0297"
"10.086";"0297"
"10.086.01";"0298"
"10.086.02";"0298"
"10.086.05";"0298"
"10.086.06";"0298"
"10.086.07";"0299"
"10.086.10";"0299"
"10.086.11";"0299"
"10.086.12";"0300"
"10.086.13";"0300"
"10.086.14";"0300"
"10.086.15";"0300"
"10.086.16";"0300"
"10.086.17";"0300"
"10.086.18";"0301"
"10.086.19";"0301"
"10.086.20";"0301"
"10.086.21";"0301"
"10.086.22";"0301"
"10.086.23";"0301"
"10.087";"0302"
"10.087.02";"0302"
"10.087.05";"0302"
"10.087.07";"0302"
"10.087.12";"0302"
"10.087.13";"0302"
"10.087.14";"0302"
"10.087.15";"0302"
"10.087.16";"0302"
"10.087.22";"0302"
"10.088.01";"0302"
"10.088.06";"0302"
"10.088.07";"0303"
"10.088.09";"0303"
"10.088.10";"0303"
"10.088.15";"0303"
"10.088.17";"0303"
"10.088.18";"0303"
"10.088.19";"0304"
"10.089.01";"0304"
"10.089.02";"0304"
"10.089.03";"0304"
"10.089.05";"0304"
"10.089.06";"0304"
"10.089.07";"0304"
"10.089.08";"0304"
"10.089.09";"0304"
"10.089.10";"0304"
"10.089.12";"0304"
"10.089.13";"0304"
"10.089.14";"0305"
"10.089.15";"0305"
"10.089.17";"0305"
"10.090";"0305"
"10.090.02";"0305"
"10.090.03";"0305"
"10.090.04";"0305, 0378"
"10.090.05";"0305"
"10.090.07";"0305"
"10.090.08";"0305"
"10.090.11";"0305"
"10.090.13";"0305"
"10.090.15";"0306"
"10.091.04";"0306"
"10.091.06";"0306"
"10.091.07";"0306"
"10.091.08";"0306"
"10.091.10";"0306"
"10.091.11";"0306"
"10.091.13";"0306"
"10.092.02";"0306"
"10.092.03";"0306"
"10.092.06";"0306"
"10.092.08";"0306"
"10.092.09";"0306"
"10.092.10";"0306"
"10.092.12";"0306"
"10.092.13";"0307"
"10.092.14";"0307"
"10.092.15";"0307"
"10.093";"0307"
"10.093.01";"0307"
"10.093.02";"0307"
"10.093.03";"0307"
"10.093.04";"0307"
"10.093.05";"0308"
"10.093.06";"0308"
"10.093.07";"0308"
"10.093.09";"0308"
"10.093.10";"0308"
"10.093.11";"0308"
"10.093.12";"0308"
"10.093.13";"0309"
"10.093.14";"0309"
"10.093.15";"0309"
"10.094.02";"0309"
"10.094.03";"0309"
"10.094.05";"0310"
"10.094.07";"0310"
"10.094.08";"0310"
"10.094.09";"0310"
"10.094.10";"0310"
"10.094.11";"0310"
"10.094.12";"0310"
"10.094.13";"0310"
"10.094.14";"0310"
"10.095";"0311"
"10.095.01";"0312"
"10.095.02";"0313"
"10.095.04";"0314"
"10.095.05";"0315"
"10.095.06";"0315"
"10.095.07";"0315"
"10.095.08";"0315"
"10.095.09";"0315"
"10.095.10";"0316"
"10.095.11";"0316"
"10.095.12";"0316"
"10.095.13";"0317"
"10.095.14";"0317"
"10.095.15";"0317"
"10.095.16";"0317"
"10.095.17";"0317"
"10.095.18";"0318"
"10.096.01";"0318"
"10.096.02";"0318"
"10.096.04";"0318"
"10.096.05";"0318"
"10.096.08";"0318"
"10.096.09";"0318"
"10.096.10";"0319"
"10.096.12";"0319"
"10.097";"0319"
"10.097.05";"0319"
"10.097.07";"0319"
"10.097.09";"0319"
"10.097.10";"0319"
"10.097.11";"0319"
"10.097.12";"0319"
"10.097.13";"0319"
"10.097.14";"0320"
"10.097.15";"0320"
"10.097.16";"0320"
"10.097.17";"0320"
"10.097.18";"0320"
"10.097.19";"0320"
"10.097.20";"0320"
"10.097.22";"0320"
"10.098";"0320"
"10.098.01";"0321"
"10.098.04";"0321"
"10.098.05";"0322"
"10.098.06";"0322"
"10.098.07";"0322"
"10.098.08";"0322"
"10.098.10";"0322"
"10.099";"0322"
"10.099.01";"0322"
"10.099.02";"0322"
"10.099.03";"0322"
"10.099.04";"0322"
"10.099.05";"0323"
"10.099.06";"0323"
"10.099.07";"0323"
"10.099.08";"0323"
"10.099.09";"0323"
"10.099.10";"0323"
"10.099.11";"0323"
"10.099.12";"0323"
"10.100.01";"0324"
"10.100.02";"0324"
"10.100.05";"0324"
"10.100.07";"0324"
"10.100.09";"0324"
"10.100.11";"0324"
"10.100.12";"0324"
"10.101.01";"0325"
"10.101.02";"0325"
"10.101.03";"0325"
"10.101.07";"0325"
"10.101.10";"0325"
"10.101.11";"0325"
"10.101.12";"0325"
"10.102";"0326"
"10.102.01";"0326"
"10.102.02";"0327"
"10.102.03";"0327"
"10.102.04";"0327"
"10.102.06";"0327"
"10.102.07";"0328"
"10.102.08";"0328"
"10.102.09";"0328"
"10.102.10";"0329"
"10.102.11";"0329"
"10.102.12";"0330"
"10.103";"0330"
"10.103.01";"0330"
"10.103.07";"0330"
"10.103.08";"0331"
"10.103.09";"0331"
"10.103.10";"0331"
"10.103.11";"0331"
"10.103.12";"0331"
"10.103.13";"0331"
"10.104.02";"0331"
"10.104.03";"0331"
"10.104.05";"0331"
"10.104.06";"0331"
"10.104.07";"0331"
"10.104.09";"0332"
"10.104.10";"0332"
"10.105";"0332"
"10.105.01";"0332"
"10.105.02";"0332"
"10.105.03";"0333"
"10.105.04";"0333"
"10.105.05";"0334"
"10.105.06";"0334"
"10.105.07";"0334"
"10.105.08";"0334"
"10.105.09";"0334"
"10.105.10";"0334"
"10.105.11";"0334"
"10.106";"0335"
"10.106.01";"0335"
"10.106.02";"0335"
"10.106.03";"0336"
"10.106.04";"0336"
"10.106.05";"0336"
"10.106.06";"0337"
"10.106.07";"0337"
"10.106.08";"0337"
"10.106.09";"0338"
"10.106.10";"0338"
"10.107.01";"0338"
"10.107.03";"0338"
"10.107.06";"0338"
"10.107.08";"0339"
"10.107.09";"0339"
"10.107.10";"0339"
"10.108";"0339"
"10.108.01";"0339"
"10.108.02";"0339"
"10.108.04";"0339"
"10.108.05";"0339"
"10.108.06";"0339"
"10.108.11";"0340"
"10.109";"0340"
"10.109.01";"0340"
"10.109.02";"0340"
"10.109.03";"0340"
"10.109.05";"0341"
"10.109.07";"0341"
"10.110.01";"0342"
"10.110.04";"0342"
"10.110.05";"0342"
"10.110.06";"0342"
"10.110.11";"0342"
"10.111.01";"0342"
"10.111.03";"0342"
"10.111.05";"0342"
"10.111.07";"0342"
"10.111.10";"0342"
"10.112.01";"0342"
"10.112.02";"0342"
"10.112.03";"0342"
"10.112.06";"0342"
"10.112.07";"0342"
"10.112.08";"0342"
"10.112.09";"0342"
"10.112.10";"0342"
"10.113.05";"0343"
"10.113.07";"0343"
"10.113.08";"0343"
"10.113.09";"0343"
"10.114.03";"0343"
"10.114.04";"0343"
"10.114.07";"0343"
"10.114.10";"0343"
"10.115.01";"0343"
"10.115.02";"0344"
"10.115.03";"0344"
"10.115.04";"0344"
"10.115.05";"0344"
"10.115.06";"0344"
"10.115.07";"0345"
"10.115.09";"0345"
"10.116.01";"0345"
"10.116.04";"0345"
"10.116.05";"0345"
"10.116.06";"0345"
"10.116.07";"0346"
"10.116.09";"0346"
"10.117.01";"0346"
"10.117.02";"0346"
"10.117.03";"0346"
"10.117.06";"0347"
"10.117.07";"0347"
"10.117.08";"0347"
"10.117.09";"0347"
"10.118";"0347"
"10.118.06";"0347"
"10.119";"0347"
"10.119.01";"0347"
"10.119.11";"0347"
"10.119.13";"0347"
"10.120.01";"0348"
"10.120.02";"0348"
"10.120.03";"0348"
"10.120.04";"0348"
"10.120.06";"0348"
"10.120.09";"0348"
"10.121";"0349"
"10.121.02";"0349"
"10.121.04";"0349"
"10.121.05";"0349"
"10.121.06";"0349"
"10.121.07";"0349"
"10.121.08";"0349"
"10.121.10";"0349"
"10.122";"0349"
"10.122.03";"0349"
"10.122.05";"0349"
"10.122.07";"0349"
"10.123";"0349"
"10.123.01";"0350"
"10.123.02";"0350"
"10.123.06";"0350"
"10.123.08";"0350"
"10.124";"0350"
"10.124.02";"0351"
"10.124.04";"0351"
"10.124.05";"0352"
"10.124.06";"0352"
"10.124.07";"0352"
"10.124.09";"0352"
"10.125";"0352"
"10.125.03";"0352"
"10.126.03";"0352"
"10.126.05";"0352"
"10.127.01";"0353"
"10.127.02";"0353"
"10.127.07";"0378"
"10.127.08";"0353"
"10.128";"0353"
"10.128.01";"0353"
"10.128.03";"0353"
"10.128.04";"0353"
"10.128.08";"0354"
"10.128.09";"0354"
"10.129";"0354"
"10.129.01";"0354"
"10.129.02";"0355"
"10.129.03";"0355"
"10.129.04";"0355"
"10.129.05";"0355"
"10.129.06";"0355"
"10.129.07";"0355"
"10.130.01";"0356"
"10.130.02";"0356"
"10.130.06";"0356"
"10.130.07";"0356"
"10.131";"0356"
"10.131.02";"0356"
"10.131.03";"0356"
"10.131.04";"0356"
"10.131.05";"0356"
"10.131.06";"0356"
"10.131.07";"0356"
"10.132";"0356"
"10.132.01";"0356"
"10.132.02";"0357"
"10.132.03";"0357"
"10.132.04";"0357"
"10.132.05";"0357"
"10.132.06";"0358"
"10.132.07";"0358"
"10.133.02";"0358"
"10.133.05";"0358"
"10.133.07";"0358"
"10.134";"0358"
"10.134.07";"0358"
"10.135";"0358"
"10.135.04";"0359"
"10.135.05";"0359"
"10.135.06";"0359"
"10.135.07";"0359"
"10.136";"0359"
"10.136.06";"0359"
"10.136.07";"0359"
"10.137.05";"0359"
"10.137.06";"0359"
"10.137.07";"0359"
"10.138.01";"0359"
"10.138.04";"0360"
"10.138.05";"0360"
"10.138.06";"0360"
"10.139";"0360"
"10.139.04";"0361"
"10.139.05";"0361"
"10.139.06";"0361"
"10.140";"0362"
"10.140.02";"0362"
"10.140.03";"0362"
"10.140.04";"0362"
"10.140.05";"0362"
"10.141.04";"0362"
"10.141.06";"0362"
"10.142";"0362"
"10.142.01";"0362"
"10.142.02";"0362"
"10.142.03";"0362"
"10.142.04";"0363"
"10.142.05";"0363"
"10.143.01";"0363"
"10.143.02";"0363"
"10.143.03";"0363"
"10.143.04";"0363"
"10.144.01";"0364"
"10.144.02";"0364"
"10.144.03";"0364"
"10.144.04";"0364"
"10.144.05";"0364"
"10.144.06";"0365"
"10.145.03";"0365"
"10.145.04";"0365"
"10.145.06";"0365"
"10.146.01";"0365"
"10.146.02";"0365"
"10.146.04";"0365"
"10.147.01";"0365"
"10.147.02";"0365"
"10.147.03";"0366"
"10.147.05";"0366"
"10.148";"0366"
"10.148.01";"0366"
"10.148.02";"0366"
"10.148.03";"0366"
"10.148.04";"0366"
"10.149.01";"0366"
"10.149.02";"0366"
"10.149.04";"0366"
"10.150.04";"0366"
"10.151.02";"0366"
"10.151.03";"0366"
"10.151.05";"0367"
"10.152.01";"0367"
"10.152.02";"0367"
"10.152.05";"0367"
"10.154";"0367"
"10.156.03";"0367"
"10.157.01";"0368"
"10.158.01";"0368"
"10.158.02";"0368"
"10.158.05";"0368"
"10.159";"0368"
"10.159.01";"0368"
"10.159.04";"0368"
"10.159.05";"0368"
"10.160.03";"0368"
"10.160.04";"0368"
"10.160.05";"0369"
"10.161.04";"0369"
"10.161.05";"0369"
"10.162";"0369"
"10.162.01";"0369"
"10.162.02";"0369"
"10.162.03";"0369"
"10.163";"0369"
"10.163.05";"0369"
"10.164.01";"0369"
"10.164.02";"0369"
"10.164.03";"0370"
"10.164.05";"0370"
"10.165.02";"0370"
"10.165.03";"0370"
"10.166.02";"0370"
"10.166.04";"0370"
"10.166.05";"0370"
"10.167.01";"0370"
"10.167.02";"0370"
"10.167.04";"0370"
"10.169.01";"0370"
"10.169.02";"0370"
"10.170";"0370"
"10.170.03";"0371"
"10.170.04";"0371"
"10.171.01";"0371"
"10.172";"0371"
"10.172.01";"0371"
"10.172.02";"0371"
"10.172.03";"0371"
"10.172.04";"0371"
"10.173";"0372"
"10.173.02";"0372"
"10.173.04";"0372"
"10.174";"0372"
"10.174.02";"0372"
"10.174.04";"0372"
"10.174.05";"0372"
"10.176.01";"0372"
"10.176.04";"0372"
"10.178.01";"0372"
"10.178.02";"0372"
"10.178.03";"0372"
"10.179";"0373"
"10.179.01";"0373"
"10.180.02";"0373"
"10.180.03";"0373"
"10.181";"0373"
"10.181.01";"0373"
"10.182.02";"0373"
"10.183";"0373"
"10.183.02";"0373"
"10.184.03";"0373"
"10.185.01";"0374"
"10.185.02";"0374"
"10.187";"0374"
"10.189";"0374"
"10.189.02";"0374"
"10.189.03";"0375"
"10.190";"0375"
"10.190.01";"0375"
"10.190.03";"0375"
"10.191";"0375"
"10.191.01";"0375"
"10.191.04";"0375"
