"01.001.02";"312"
"01.001.05";"123"
"01.001.06";"579"
"01.001.09";"477"
"01.002.04";"47"
"01.002.05";"84, 105"
"01.002.06";"125"
"01.002.07";"371"
"01.003.04";"11"
"01.003.05";"455"
"01.003.11";"371"
"01.004.02";"11"
"01.004.03";"37"
"01.004.04";"452"
"01.004.05";"198, 362"
"01.004.09";"211, 424"
"01.005.03";"45"
"01.005.04";"558"
"01.005.06";"424"
"01.005.09";"11"
"01.005.10";"161"
"01.006.01";"115"
"01.006.02";"70"
"01.006.07";"309"
"01.006.09";"443"
"01.006.10";"475"
"01.007.10";"161"
"01.008.03";"45, 116, 303"
"01.008.04";"304"
"01.008.05";"515"
"01.008.10";"88"
"01.010.05";"327"
"01.010.07";"46"
"01.010.08";"309"
"01.010.12";"46"
"01.011.03";"585"
"01.011.04";"157"
"01.011.08";"12, 125"
"01.012.04";"124, 364, 369"
"01.012.05";"375"
"01.012.08";"364"
"01.013.04";"384"
"01.013.06";"414"
"01.013.07";"420"
"01.014.01";"365"
"01.014.07";"224"
"01.014.08";"11"
"01.014.12";"361"
"01.015";"106"
"01.015.01";"46"
"01.015.02";"106, 106"
"01.015.03";"11"
"01.015.09";"109"
"01.015.12";"147"
"01.016.03";"7, 387"
"01.016.05";"383"
"01.016.06";"361"
"01.017.01";"311"
"01.017.04";"162"
"01.017.07";"377"
"01.017.08";"387"
"01.017.09";"362"
"01.018.02";"560"
"01.018.04";"559"
"01.018.05";"85"
"01.019.01";"463"
"01.022.03";"11"
"01.022.08";"438"
"01.022.13";"84"
"01.022.21";"375"
"01.023.10";"522"
"01.023.17";"455, 476"
"01.023.18";"400"
"01.023.22";"117, 476, 570"
"01.023.23";"211"
"01.023.24";"29"
"01.024.01";"358"
"01.024.04";"569"
"01.024.06";"368"
"01.024.08";"413, 415"
"01.024.09";"478"
"01.024.11";"361, 369"
"01.024.13";"384"
"01.025.03";"230"
"01.025.07";"128, 369"
"01.025.11";"561"
"01.025.12";"312"
"01.025.13";"47"
"01.025.16";"368, 444"
"01.025.17";"307"
"01.025.18";"205"
"01.026.06";"573"
"01.027.01";"412"
"01.027.04";"356"
"01.027.12";"70"
"01.027.13";"145, 324"
"01.028.01";"414"
"01.028.02";"100"
"01.028.04";"413"
"01.028.06";"413"
"01.029";"122"
"01.029.05";"139, 371"
"01.029.06";"312"
"01.030.01";"393"
"01.030.06";"148, 303, 306"
"01.030.07";"193"
"01.030.08";"324"
"01.030.11";"154"
"01.030.12";"424"
"01.030.13";"339"
"01.030.16";"372"
"01.030.19";"460"
"01.030.21";"106"
"01.031.04";"267"
"01.031.11";"575"
"01.031.16";"556"
"01.031.18";"475"
"01.032.01";"355"
"01.032.02";"115"
"01.032.03";"30, 46"
"01.032.04";"369, 575, 582"
"01.032.05";"194"
"01.032.06";"29"
"01.032.08";"559"
"01.032.11";"558"
"01.032.12";"414"
"01.032.13";"84, 556"
"01.032.14";"377, 575"
"01.033.02";"396"
"01.033.03";"443, 443"
"01.033.09";"126"
"01.033.12";"11, 571"
"01.034.01";"401"
"01.034.06";"108"
"01.035.02";"128"
"01.035.06";"561"
"01.035.07";"11"
"01.035.10";"371"
"01.035.11";"129, 559"
"01.036.01";"206"
"01.036.02";"211"
"01.036.07";"376"
"01.036.12";"212"
"01.036.14";"423"
"01.036.16";"559"
"01.037.01";"206"
"01.037.06";"574"
"01.037.08";"375"
"01.037.12";"11, 562"
"01.037.13";"478"
"01.037.14";"309"
"01.037.15";"148"
"01.038.04";"341"
"01.038.05";"45"
"01.038.08";"578"
"01.038.09";"573"
"01.038.10";"45"
"01.038.15";"206"
"01.039.03";"46"
"01.039.04";"421"
"01.040.02";"334"
"01.040.06";"475"
"01.040.07";"314"
"01.040.08";"334"
"01.041.01";"558"
"01.041.05";"129, 357"
"01.041.09";"338, 418"
"01.042.05";"558"
"01.042.07";"356"
"01.043.01";"327, 336"
"01.044.04";"414"
"01.044.05";"290"
"01.044.09";"522"
"01.044.12";"382"
"01.045.02";"522"
"01.045.04";"372"
"01.045.06";"415"
"01.045.08";"449"
"01.046.01";"219"
"01.046.03";"321"
"01.046.06";"359, 558"
"01.046.07";"143, 413"
"01.046.11";"413"
"01.046.13";"127"
"01.046.14";"47"
"01.047.03";"369"
"01.047.07";"442, 574"
"01.047.10";"504"
"01.048.03";"313"
"01.048.04";"194"
"01.048.06";"375"
"01.048.10";"573"
"01.048.11";"557"
"01.048.13";"555"
"01.048.14";"569"
"01.048.15";"322"
"01.049.04";"211, 369"
"01.050.03";"368"
"01.050.11";"369"
"01.050.13";"209"
"01.051.01";"419"
"01.051.04";"115, 579"
"01.051.08";"561"
"01.051.11";"193, 578"
"01.051.12";"328"
"01.052.01";"556"
"01.052.02";"119, 578"
"01.052.03";"158"
"01.052.08";"419"
"01.052.15";"48"
"01.053.03";"198"
"01.053.11";"555"
"01.054.01";"7, 421"
"01.054.04";"575"
"01.054.08";"376"
"01.055.01";"463, 544"
"01.055.03";"47"
"01.055.05";"544"
"01.055.06";"413"
"01.057.03";"106"
"01.057.04";"406, 555"
"01.058.01";"577"
"01.059.03";"560"
"01.059.06";"356, 557"
"01.061.03";"411"
"01.061.05";"119, 411"
"01.061.06";"354"
"01.061.12";"411"
"01.061.13";"574"
"01.061.14";"85"
"01.061.15";"576, 582"
"01.062.02";"206"
"01.062.06";"11, 577"
"01.063.01";"576"
"01.063.07";"579, 582"
"01.063.08";"365"
"01.063.09";"394"
"01.064.05";"80"
"01.064.07";"578"
"01.064.15";"375"
"01.065.06";"314"
"01.066.08";"400"
"01.067.06";"356"
"01.068.04";"579"
"01.068.06";"319"
"01.070.05";"359"
"01.071.02";"206"
"01.071.04";"578"
"01.071.05";"450"
"01.071.06";"319, 561"
"01.072.03";"322"
"01.072.06";"578"
"01.072.07";"446"
"01.072.08";"504"
"01.072.09";"146"
"01.073.08";"83"
"01.073.10";"417"
"01.074.01";"372"
"01.074.06";"424, 438"
"01.074.07";"264"
"01.075.03";"550"
"01.075.04";"396"
"01.075.05";"180"
"01.076.01";"336, 358, 476"
"01.076.04";"473"
"01.076.05";"124, 593"
"01.077.01";"121, 336"
"01.077.05";"265"
"01.078.04";"555"
"01.079.01";"162"
"01.079.05";"401"
"01.079.11";"420"
"01.079.12";"264"
"01.080.03";"309, 316"
"01.080.07";"578"
"01.080.12";"29"
"01.080.14";"142"
"01.080.15";"165, 584"
"01.081.01";"311"
"01.081.03";"83, 314, 573"
"01.081.05";"290, 394, 544"
"01.081.09";"219, 356"
"01.082.01";"37, 43, 325"
"01.082.05";"391"
"01.082.06";"47"
"01.084.06";"573"
"01.084.08";"315, 358"
"01.084.09";"452"
"01.084.16";"119"
"01.084.17";"269"
"01.084.18";"314"
"01.085.03";"74"
"01.085.05";"578"
"01.085.09";"577"
"01.086.04";"84"
"01.086.05";"449"
"01.086.06";"130"
"01.087.02";"578"
"01.087.05";"578"
"01.087.06";"423"
"01.089.01";"327, 420"
"01.089.02";"423"
"01.089.05";"328, 374, 420"
"01.089.08";"304"
"01.089.09";"418"
"01.091.04";"115"
"01.091.08";"337"
"01.091.10";"47"
"01.091.14";"319"
"01.092.06";"28, 368"
"01.092.07";"135, 264"
"01.092.09";"423"
"01.092.12";"381"
"01.093.07";"424"
"01.094.03";"304, 417"
"01.094.04";"303, 306"
"01.094.09";"557, 570"
"01.094.10";"578"
"01.094.11";"578, 583"
"01.094.14";"574"
"01.094.15";"559"
"01.095.08";"381"
"01.096";"210"
"01.096.01";"93"
"01.096.08";"312"
"01.097.04";"341"
"01.098.01";"504"
"01.099";"306"
"01.099.01";"303"
"01.100.04";"124"
"01.100.07";"157"
"01.101.04";"394"
"01.101.06";"397, 474"
"01.101.08";"323"
"01.101.11";"126"
"01.102.08";"128"
"01.102.09";"120"
"01.103";"210"
"01.103.01";"129"
"01.103.06";"303, 306"
"01.103.07";"383, 576"
"01.104.01";"419"
"01.104.02";"357"
"01.104.03";"97"
"01.104.05";"37"
"01.104.06";"394"
"01.105.01";"29, 205"
"01.105.02";"483"
"01.105.05";"210"
"01.105.09";"210"
"01.105.10";"210"
"01.105.17";"108, 371"
"01.105.18";"369, 396"
"01.107.02";"311"
"01.108.02";"147, 413, 571"
"01.108.06";"48, 522"
"01.108.07";"207, 476"
"01.108.13";"376"
"01.109.01";"145"
"01.109.02";"535"
"01.109.07";"203"
"01.110.01";"394"
"01.110.06";"125"
"01.111.02";"327"
"01.111.04";"99"
"01.112.02";"416"
"01.112.08";"385, 415"
"01.112.24";"207"
"01.112.25";"130"
"01.113.05";"419, 422"
"01.113.06";"49, 425"
"01.113.07";"372"
"01.113.09";"420, 576"
"01.113.10";"322"
"01.113.11";"318, 397"
"01.113.15";"375"
"01.113.16";"414"
"01.114.01";"145, 328"
"01.114.02";"305"
"01.114.03";"307"
"01.114.05";"311, 368"
"01.114.06";"270"
"01.114.08";"119"
"01.115.04";"418, 590"
"01.116.05";"374, 576, 582"
"01.116.11";"70, 577"
"01.116.14";"420"
"01.116.15";"414"
"01.116.16";"419"
"01.116.25";"369"
"01.117.03";"123"
"01.117.05";"375, 421"
"01.117.06";"109"
"01.117.07";"369"
"01.117.08";"577"
"01.117.18";"529"
"01.117.19";"535"
"01.118.11";"206"
"01.120.01";"314"
"01.120.08";"546"
"01.120.11";"271"
"01.121.06";"354"
"01.122.01";"206"
"01.122.05";"412"
"01.122.12";"529"
"01.122.14";"206"
"01.123.02";"113, 266"
"01.123.03";"323"
"01.123.05";"560"
"01.123.11";"358, 419"
"01.123.12";"473"
"01.124.01";"425"
"01.124.06";"420"
"01.124.09";"206"
"01.124.10";"206"
"01.124.11";"313"
"01.124.12";"144"
"01.124.13";"70"
"01.125.04";"372, 379"
"01.126.05";"445"
"01.126.07";"47"
"01.127.02";"305, 365"
"01.127.05";"196"
"01.127.10";"206"
"01.127.11";"356"
"01.128.05";"311"
"01.129.02";"401"
"01.129.04";"424, 524, 556"
"01.129.05";"593"
"01.129.06";"195, 208"
"01.129.08";"413"
"01.131.01";"522"
"01.131.03";"100, 465"
"01.131.04";"576"
"01.131.05";"415"
"01.131.06";"414"
"01.131.07";"264, 561"
"01.132.01";"306"
"01.132.04";"478"
"01.132.06";"319"
"01.134.03";"478"
"01.135.04";"84"
"01.135.05";"357"
"01.135.06";"264"
"01.135.08";"267"
"01.136.01";"421"
"01.136.04";"120"
"01.138.01";"55"
"01.138.03";"530"
"01.138.04";"375, 524"
"01.139.07";"309"
"01.140.11";"443"
"01.140.12";"318"
"01.141.04";"48"
"01.141.08";"382"
"01.141.11";"309"
"01.141.12";"311, 312"
"01.141.13";"83, 209, 556"
"01.142.06";"419, 422"
"01.142.11";"49"
"01.143.01";"46"
"01.143.05";"555"
"01.143.06";"336"
"01.143.07";"381"
"01.145";"210"
"01.145.03";"311, 438"
"01.145.04";"578"
"01.147.05";"198"
"01.148.03";"354"
"01.149.01";"37"
"01.150.01";"496"
"01.152.02";"27"
"01.152.03";"355"
"01.152.04";"543"
"01.154.01";"356, 503"
"01.154.02";"216"
"01.154.03";"144"
"01.154.06";"412"
"01.155.03";"422"
"01.155.05";"544"
"01.156.02";"319"
"01.157.01";"414"
"01.158.02";"358"
"01.160";"210"
"01.160.04";"46, 556"
"01.160.05";"309"
"01.161.02";"216, 587"
"01.161.03";"406"
"01.161.04";"376, 556, 590"
"01.161.05";"302, 531"
"01.161.08";"477, 530, 585"
"01.161.09";"530"
"01.161.10";"452"
"01.161.11";"577"
"01.161.13";"117, 375"
"01.161.14";"128"
"01.162.11";"267"
"01.162.12";"531"
"01.162.14";"83"
"01.162.21";"129, 483"
"01.163.01";"576"
"01.163.03";"128"
"01.163.06";"138"
"01.163.08";"444"
"01.163.10";"578"
"01.164.04";"416"
"01.164.05";"413"
"01.164.18";"198"
"01.164.22";"46"
"01.164.26";"312"
"01.164.28";"413"
"01.164.31";"49"
"01.164.39";"135, 290"
"01.164.47";"268"
"01.164.48";"543"
"01.164.49";"356"
"01.165.02";"369"
"01.165.07";"207, 303"
"01.165.08";"377"
"01.165.09";"386"
"01.165.12";"219, 309"
"01.166";"210"
"01.166.02";"49"
"01.166.03";"375"
"01.166.05";"577"
"01.167.01";"411"
"01.167.04";"354"
"01.167.05";"412"
"01.168.03";"85, 265"
"01.168.08";"585"
"01.169.05";"559"
"01.169.08";"264"
"01.170.01";"401, 560, 569"
"01.170.03";"595"
"01.171.04";"393"
"01.173.09";"326, 328"
"01.173.13";"206, 357"
"01.174.05";"313"
"01.174.09";"48"
"01.175.01";"145"
"01.175.06";"594, 595"
"01.176.02";"271"
"01.176.04";"27"
"01.177.04";"406"
"01.178.02";"358"
"01.179.02";"524"
"01.179.03";"303, 304, 307"
"01.180.02";"323"
"01.180.07";"270"
"01.182.04";"99"
"01.182.05";"150, 220"
"01.182.07";"382"
"01.183.03";"411, 557"
"01.184";"210"
"01.184.01";"387"
"01.184.02";"33"
"01.185.08";"560"
"01.185.10";"84"
"01.186.01";"327"
"01.186.02";"327"
"01.186.03";"328"
"01.186.09";"359"
"01.186.11";"206"
"01.188.10";"357"
"01.189.03";"357"
"01.189.07";"49, 396"
"01.190.07";"445"
"01.191.01";"529"
"01.191.06";"504"
"02.001.16";"365"
"02.002.05";"357"
"02.002.06";"377"
"02.002.07";"356"
"02.002.08";"146"
"02.002.10";"442"
"02.003.05";"80"
"02.004.01";"206"
"02.004.03";"401"
"02.004.07";"46, 49"
"02.004.09";"349, 356"
"02.005.01";"417"
"02.005.06";"587"
"02.005.07";"207"
"02.005.08";"326, 448"
"02.006.01";"332"
"02.008.06";"304"
"02.009.03";"264, 387"
"02.010.01";"580"
"02.010.04";"372"
"02.010.05";"125, 369"
"02.011.04";"393"
"02.011.06";"306"
"02.011.07";"372"
"02.011.11";"52"
"02.011.12";"422, 447"
"02.011.17";"49"
"02.011.19";"555"
"02.012.02";"385"
"02.012.05";"142"
"02.012.13";"143"
"02.013.02";"559"
"02.013.11";"574"
"02.014.01";"127"
"02.014.02";"376"
"02.015.04";"388"
"02.015.05";"418"
"02.016.01";"206"
"02.016.03";"422, 573"
"02.016.07";"551"
"02.016.08";"331"
"02.017.05";"418"
"02.018.02";"146"
"02.018.03";"419, 503"
"02.018.04";"100"
"02.018.06";"271"
"02.018.07";"97"
"02.019.04";"119"
"02.020.08";"579"
"02.022.01";"415, 594"
"02.022.04";"311"
"02.023.04";"319"
"02.023.06";"207"
"02.023.07";"319"
"02.023.16";"7, 122"
"02.023.18";"124"
"02.024.01";"196, 326, 356"
"02.024.02";"400"
"02.024.03";"193, 400"
"02.024.05";"130"
"02.024.08";"424"
"02.024.09";"583"
"02.024.11";"463"
"02.025.01";"312"
"02.025.02";"84"
"02.025.03";"415"
"02.026.02";"327"
"02.026.03";"126"
"02.026.04";"359"
"02.027.05";"304"
"02.027.10";"419, 561"
"02.027.13";"116, 560"
"02.027.14";"33, 85, 556, 570"
"02.027.16";"356"
"02.028.07";"7"
"02.028.08";"303"
"02.028.09";"356"
"02.029.03";"85, 303, 314"
"02.029.04";"3, 35"
"02.029.05";"442"
"02.029.06";"90, 381, 418"
"02.030.02";"365"
"02.030.03";"442"
"02.030.04";"593"
"02.030.05";"318"
"02.030.07";"5, 48, 124, 358, 531"
"02.030.10";"391"
"02.030.11";"206, 328"
"02.032.05";"47"
"02.032.06";"555"
"02.033.03";"386"
"02.033.09";"483"
"02.033.10";"483"
"02.033.14";"357"
"02.033.15";"595"
"02.034.02";"579"
"02.035.01";"315, 550"
"02.035.06";"358, 418"
"02.036.04";"382"
"02.036.08";"47"
"02.037.04";"109"
"02.037.05";"504"
"02.037.06";"224"
"02.038.01";"313"
"02.038.03";"313, 418"
"02.038.08";"47"
"02.038.11";"318, 357"
"02.040.05";"390"
"02.041.01";"205"
"02.041.10";"312"
"02.041.11";"330, 358"
"02.041.13";"438"
"02.041.16";"193"
"03.001.01";"411"
"03.001.17";"70"
"03.001.22";"200"
"03.002.10";"354"
"03.003.10";"384"
"03.003.11";"95"
"03.004.02";"116"
"03.004.04";"411"
"03.004.05";"49"
"03.004.06";"328"
"03.004.09";"230"
"03.004.10";"593"
"03.005.04";"580"
"03.005.08";"585"
"03.005.10";"586, 599"
"03.006.04";"446"
"03.007.09";"196"
"03.007.10";"419"
"03.008.01";"323"
"03.008.03";"270, 356"
"03.009.02";"421"
"03.009.03";"391"
"03.009.06";"575"
"03.010.03";"319, 560"
"03.011.09";"307"
"03.012.07";"444"
"03.013.06";"118"
"03.014.04";"85, 354"
"03.016.04";"449"
"03.017.02";"593"
"03.017.05";"356"
"03.018.05";"580"
"03.019.04";"321"
"03.019.05";"322"
"03.020.04";"312"
"03.021.02";"205"
"03.021.05";"198"
"03.022.02";"559"
"03.023.02";"47"
"03.024.03";"356"
"03.025.04";"84"
"03.026.07";"128"
"03.027.03";"417"
"03.027.12";"455"
"03.028.05";"309"
"03.029.04";"415"
"03.029.06";"585"
"03.029.08";"309, 356"
"03.029.10";"535"
"03.029.14";"108"
"03.030.01";"524"
"03.030.02";"205"
"03.030.04";"390"
"03.030.05";"323"
"03.030.10";"418, 421"
"03.030.11";"100"
"03.030.12";"518, 578"
"03.030.13";"578"
"03.030.15";"400"
"03.030.19";"206"
"03.031.06";"586"
"03.031.15";"376"
"03.031.17";"413, 580"
"03.032.01";"205"
"03.032.02";"205"
"03.032.07";"230"
"03.032.09";"358"
"03.032.10";"539"
"03.032.11";"576, 583"
"03.032.14";"126, 326, 328, 577"
"03.032.15";"411, 435"
"03.033";"102"
"03.033.01";"124"
"03.033.02";"152, 379"
"03.033.04";"415"
"03.033.05";"143"
"03.033.07";"577"
"03.033.08";"205, 318"
"03.033.09";"577"
"03.033.10";"126, 205, 307"
"03.033.11";"341"
"03.034.08";"376"
"03.034.10";"535"
"03.035.02";"328, 438"
"03.035.05";"47, 303"
"03.035.06";"28"
"03.035.07";"414"
"03.035.09";"118"
"03.036.03";"593"
"03.036.04";"576"
"03.036.05";"47"
"03.036.06";"573"
"03.036.10";"356, 423"
"03.037.05";"415"
"03.037.11";"558"
"03.038.01";"420"
"03.039.01";"205"
"03.039.02";"206"
"03.039.04";"560"
"03.041.01";"517"
"03.041.02";"265"
"03.041.09";"420"
"03.042.02";"315, 551"
"03.042.03";"420"
"03.043.04";"330"
"03.043.05";"551"
"03.045.01";"478"
"03.045.02";"157"
"03.045.04";"180"
"03.046.05";"98, 413"
"03.048.01";"417"
"03.048.02";"575, 582"
"03.050.02";"423"
"03.051.06";"264"
"03.051.07";"593"
"03.051.08";"124, 577"
"03.052.03";"309"
"03.052.05";"48"
"03.053.02";"158, 181, 458, 504"
"03.053.03";"303, 306, 357"
"03.053.04";"217, 325"
"03.053.11";"75"
"03.053.13";"311"
"03.053.17";"97"
"03.053.18";"522"
"03.053.19";"36"
"03.053.21";"352, 559"
"03.054.10";"311"
"03.054.15";"133"
"03.054.17";"574"
"03.054.18";"418"
"03.054.21";"352"
"03.055.01";"576"
"03.055.03";"388"
"03.055.13";"129"
"03.056.01";"421"
"03.057.01";"103"
"03.057.02";"577, 582"
"03.061.01";"137"
"03.062.01";"396, 584"
"03.062.07";"271"
"03.062.09";"46"
"03.062.10";"555"
"03.062.13";"417"
"04.001.01";"530"
"04.001.04";"332"
"04.001.09";"354"
"04.002.01";"413"
"04.002.03";"452"
"04.002.06";"319"
"04.002.08";"356"
"04.002.10";"359"
"04.003.04";"478"
"04.003.07";"314"
"04.003.15";"127"
"04.004.04";"47"
"04.004.09";"375"
"04.004.10";"359"
"04.004.11";"34, 108"
"04.005.01";"336"
"04.005.04";"46"
"04.005.11";"28"
"04.006.07";"98, 418"
"04.007.10";"478"
"04.008.03";"417"
"04.008.06";"264"
"04.009.01";"417, 556"
"04.010.01";"205"
"04.010.04";"305"
"04.012.01";"116"
"04.012.02";"381"
"04.012.03";"140"
"04.012.06";"593"
"04.013.01";"125"
"04.013.05";"549"
"04.016.02";"411"
"04.016.03";"130, 323"
"04.016.05";"46"
"04.016.10";"354"
"04.016.17";"322"
"04.016.18";"357, 435"
"04.016.20";"327"
"04.017.03";"125"
"04.017.05";"46"
"04.017.09";"264"
"04.017.10";"591"
"04.017.13";"404"
"04.017.17";"194"
"04.017.18";"205"
"04.018.01";"414"
"04.018.02";"315"
"04.018.04";"314, 400, 561"
"04.018.05";"536"
"04.018.10";"208"
"04.018.11";"372, 372"
"04.018.12";"442"
"04.018.13";"117"
"04.019.08";"128"
"04.020.01";"311"
"04.020.02";"313"
"04.020.10";"49, 303"
"04.021.01";"438"
"04.021.06";"324"
"04.021.09";"414"
"04.022.03";"193"
"04.022.04";"85"
"04.022.05";"375"
"04.022.07";"48, 411"
"04.023.03";"271"
"04.023.06";"303"
"04.023.07";"398, 423"
"04.024.04";"578"
"04.024.09";"395"
"04.024.10";"134, 325"
"04.025.04";"303, 530"
"04.026.04";"111"
"04.026.05";"129, 586"
"04.027.05";"411"
"04.030.01";"595"
"04.030.04";"588"
"04.030.08";"578"
"04.030.10";"375, 385"
"04.030.19";"415"
"04.030.23";"319"
"04.031.01";"358"
"04.031.02";"314, 421"
"04.031.03";"309"
"04.032.09";"49"
"04.032.16";"309"
"04.032.19";"81"
"04.033.05";"100, 303, 307, 531"
"04.035.02";"201, 576"
"04.036.01";"574"
"04.036.03";"535"
"04.036.04";"120"
"04.036.05";"199"
"04.036.09";"338"
"04.037.01";"595"
"04.037.03";"264"
"04.037.07";"414, 416"
"04.038.03";"103, 372"
"04.039.01";"306"
"04.039.03";"388"
"04.039.04";"577"
"04.039.06";"312"
"04.041.03";"324"
"04.041.11";"323"
"04.042.07";"264"
"04.042.08";"387"
"04.043.01";"314, 504"
"04.043.02";"549"
"04.043.05";"354"
"04.045.01";"209"
"04.045.02";"49"
"04.045.07";"556"
"04.046.04";"309"
"04.047.02";"84"
"04.048.04";"362"
"04.049.01";"84"
"04.049.03";"84"
"04.050.01";"46"
"04.050.08";"558"
"04.050.10";"84, 106"
"04.051.01";"313"
"04.051.04";"336"
"04.051.05";"48"
"04.051.06";"269"
"04.051.11";"84"
"04.053.07";"130"
"04.054.01";"327"
"04.054.03";"118"
"04.054.04";"421, 595"
"04.054.05";"143"
"04.054.06";"123, 311"
"04.055.03";"328"
"04.055.07";"417"
"04.055.08";"311"
"04.055.10";"124"
"04.057.01";"311"
"04.057.06";"36, 328"
"04.058.02";"303, 311"
"04.058.03";"100"
"04.058.05";"135, 421"
"04.058.08";"354"
"04.058.09";"217, 413"
"05.001.01";"49, 266, 463"
"05.001.03";"578"
"05.001.09";"47"
"05.001.10";"144"
"05.002.03";"394"
"05.002.04";"107, 265"
"05.002.05";"311"
"05.002.07";"82, 109"
"05.002.09";"422"
"05.002.10";"415"
"05.002.11";"324"
"05.002.12";"312"
"05.003.09";"315"
"05.003.10";"324, 550"
"05.003.12";"358"
"05.004.08";"118"
"05.004.10";"561"
"05.004.11";"319"
"05.006.02";"48, 264"
"05.006.04";"205"
"05.007.07";"478"
"05.007.10";"529"
"05.010.04";"137"
"05.010.06";"416"
"05.011.03";"391"
"05.012.03";"205"
"05.012.05";"103"
"05.013.03";"313, 357"
"05.014.01";"381"
"05.014.03";"415"
"05.014.05";"205, 313"
"05.014.06";"562"
"05.015.03";"383"
"05.015.04";"580"
"05.016.05";"83"
"05.017.01";"333"
"05.017.03";"482"
"05.018.01";"264, 333"
"05.018.06";"398"
"05.020.01";"200"
"05.021.04";"333"
"05.025.01";"311"
"05.025.02";"558"
"05.025.08";"270"
"05.025.09";"312"
"05.027.04";"529"
"05.028.01";"183"
"05.029.04";"423"
"05.029.13";"303, 314"
"05.029.14";"561"
"05.030.03";"303"
"05.030.04";"424"
"05.030.06";"312"
"05.030.09";"180, 423, 424"
"05.030.15";"120, 420, 503"
"05.031.02";"438"
"05.031.03";"48, 579"
"05.031.04";"89, 415"
"05.031.06";"322"
"05.031.12";"270, 371"
"05.031.13";"117"
"05.032.03";"104"
"05.032.05";"37"
"05.032.07";"578"
"05.032.10";"142, 574"
"05.033.06";"356"
"05.034.02";"46, 133, 415"
"05.034.05";"37, 417"
"05.034.07";"269, 420"
"05.034.08";"97"
"05.034.09";"357"
"05.035.02";"81"
"05.036.01";"417"
"05.036.03";"315, 550"
"05.037.01";"530"
"05.037.05";"120, 318, 319"
"05.039.02";"422"
"05.040.04";"311, 406"
"05.040.05";"383"
"05.040.07";"84, 84, 383"
"05.040.09";"483, 524"
"05.041.03";"412"
"05.041.05";"265"
"05.041.11";"303, 314"
"05.041.17";"148, 529"
"05.042.06";"303"
"05.042.15";"146"
"05.043.02";"412"
"05.043.08";"411"
"05.043.10";"125"
"05.044";"210"
"05.044.07";"483"
"05.045.04";"412"
"05.045.06";"43"
"05.045.08";"129"
"05.045.09";"357"
"05.046.01";"208"
"05.046.04";"311"
"05.046.05";"420"
"05.046.07";"448"
"05.049.05";"118, 450"
"05.050.01";"334"
"05.051.12";"148, 303, 306"
"05.051.14";"85"
"05.052.06";"519"
"05.052.11";"531"
"05.052.12";"205"
"05.053.03";"438, 531"
"05.053.07";"382"
"05.054.08";"576"
"05.054.10";"355, 382"
"05.054.12";"268"
"05.054.15";"338"
"05.055.04";"401"
"05.055.07";"217"
"05.055.08";"271"
"05.056.02";"217, 593, 595"
"05.057.03";"578"
"05.057.06";"394"
"05.057.08";"3, 35"
"05.059.04";"315"
"05.059.07";"593"
"05.060.01";"462"
"05.060.03";"382"
"05.061.04";"326"
"05.061.06";"27"
"05.061.08";"530"
"05.061.12";"441"
"05.061.18";"529"
"05.062.06";"100"
"05.062.09";"377, 421"
"05.064.03";"341"
"05.065.03";"49"
"05.070.01";"203, 356"
"05.072.01";"118"
"05.072.03";"424"
"05.073.07";"125, 323"
"05.073.08";"323"
"05.073.09";"483"
"05.074.03";"424"
"05.074.10";"341"
"05.075.02";"47"
"05.078.05";"373"
"05.078.07";"47, 593"
"05.078.09";"443"
"05.079.09";"316"
"05.079.10";"417"
"05.080.05";"423"
"05.082";"210"
"05.082.02";"524"
"05.082.03";"312"
"05.082.04";"356"
"05.082.06";"356"
"05.083.10";"414"
"05.085.01";"419"
"05.085.05";"374"
"05.087.04";"207"
"06.001.01";"89, 412"
"06.001.03";"503"
"06.001.09";"46"
"06.001.11";"438"
"06.002.05";"359"
"06.002.08";"268"
"06.002.10";"365"
"06.003.05";"372"
"06.004.01";"329"
"06.004.04";"356"
"06.004.06";"438"
"06.005.06";"271"
"06.007.05";"577"
"06.008.07";"356, 376"
"06.009.05";"424"
"06.009.06";"290"
"06.009.07";"381"
"06.010.01";"312"
"06.010.03";"117, 133"
"06.010.06";"368"
"06.011.02";"207"
"06.011.03";"192, 412"
"06.012.01";"413"
"06.012.02";"413"
"06.012.06";"365"
"06.013.05";"423"
"06.015.06";"416"
"06.015.10";"357"
"06.015.12";"439"
"06.015.14";"359"
"06.015.15";"356, 411"
"06.016.16";"303"
"06.016.18";"536"
"06.016.28";"312"
"06.016.31";"562"
"06.016.32";"559"
"06.016.38";"112"
"06.016.41";"438"
"06.016.43";"147, 556"
"06.016.46";"339"
"06.016.48";"394"
"06.017.04";"354"
"06.017.05";"49"
"06.017.06";"216"
"06.018.05";"207"
"06.018.06";"11"
"06.018.08";"421"
"06.018.09";"200"
"06.018.11";"418"
"06.019.04";"594"
"06.019.06";"411"
"06.019.07";"338, 395"
"06.019.09";"435"
"06.019.10";"80, 356"
"06.019.12";"119, 560"
"06.020.05";"116"
"06.020.08";"439"
"06.021.03";"376"
"06.021.06";"584"
"06.022.01";"396"
"06.022.03";"158, 411"
"06.022.04";"586"
"06.022.07";"412"
"06.022.08";"356"
"06.023.01";"120"
"06.023.05";"328"
"06.023.08";"207"
"06.023.09";"148"
"06.023.10";"37, 328"
"06.024.08";"145"
"06.025.05";"463"
"06.025.06";"324"
"06.025.07";"322"
"06.026.07";"544"
"06.027.03";"27"
"06.027.04";"115"
"06.028.03";"316"
"06.029.03";"421"
"06.029.04";"267"
"06.029.05";"518"
"06.031.01";"106"
"06.033.04";"356"
"06.033.05";"149"
"06.034.01";"442"
"06.034.03";"37, 573, 582, 585"
"06.034.05";"328"
"06.035.01";"315, 358"
"06.035.02";"315"
"06.036.05";"326"
"06.037.03";"338"
"06.038.02";"368"
"06.040.04";"309, 357"
"06.041.04";"377"
"06.042.02";"124"
"06.044.06";"416"
"06.044.08";"424"
"06.044.10";"145"
"06.044.14";"411"
"06.044.16";"328"
"06.044.18";"356"
"06.045.05";"595"
"06.045.07";"423"
"06.045.18";"332"
"06.045.23";"323"
"06.046.08";"425"
"06.046.12";"588"
"06.046.13";"323"
"06.047.01";"376, 494"
"06.047.03";"384"
"06.047.07";"195"
"06.047.13";"206"
"06.047.15";"314"
"06.047.23";"109"
"06.047.26";"400"
"06.048.01";"137"
"06.048.15";"326"
"06.048.17";"356"
"06.048.19";"356"
"06.048.22";"394"
"06.049.02";"412"
"06.049.07";"311, 357"
"06.049.13";"269"
"06.050.06";"311"
"06.050.15";"211"
"06.051.06";"27"
"06.051.14";"504"
"06.052.02";"46, 319"
"06.052.03";"269"
"06.052.06";"124"
"06.052.07";"438"
"06.052.10";"357"
"06.052.11";"357"
"06.052.17";"118"
"06.053.08";"27"
"06.054.01";"318, 530"
"06.054.07";"536"
"06.054.09";"337"
"06.054.10";"386"
"06.055.01";"304, 306"
"06.055.04";"270, 306"
"06.056.01";"422"
"06.056.05";"356"
"06.057.04";"582"
"06.059.01";"306"
"06.059.04";"37, 545"
"06.060.01";"319"
"06.060.05";"311"
"06.060.13";"412"
"06.062.06";"108, 128"
"06.062.07";"529"
"06.063.02";"327"
"06.063.05";"148"
"06.064.04";"411"
"06.066.03";"412"
"06.066.09";"111"
"06.067.01";"100, 412"
"06.067.04";"413, 580"
"06.067.07";"411"
"06.068.05";"311"
"06.069.01";"129"
"06.069.05";"400"
"06.069.07";"133"
"06.069.08";"154"
"06.070.04";"424"
"06.070.06";"84"
"06.071.02";"422"
"06.071.06";"356"
"06.075.03";"372"
"06.075.05";"96"
"07.001.04";"354"
"07.001.11";"460"
"07.001.17";"330"
"07.001.24";"338, 375"
"07.002.02";"306"
"07.002.04";"121"
"07.002.07";"412"
"07.003.07";"349"
"07.004.02";"46"
"07.004.03";"557"
"07.004.05";"85"
"07.004.06";"418"
"07.004.08";"415"
"07.005.06";"108"
"07.005.08";"557"
"07.006.01";"397"
"07.007.05";"376"
"07.008.03";"271, 336"
"07.010.02";"438"
"07.011.02";"560"
"07.012.02";"311"
"07.012.03";"11"
"07.014.03";"438"
"07.015.01";"11"
"07.015.04";"356"
"07.015.06";"357"
"07.015.12";"85"
"07.015.13";"463"
"07.016.02";"311"
"07.016.13";"503"
"07.017.01";"263"
"07.018.01";"11"
"07.018.03";"357"
"07.018.10";"107"
"07.018.11";"46"
"07.018.13";"356"
"07.018.14";"441"
"07.018.19";"85"
"07.018.21";"108, 312"
"07.018.22";"96"
"07.019.07";"420"
"07.020.01";"373"
"07.020.02";"483, 483, 519"
"07.020.06";"318, 358, 557"
"07.020.07";"323"
"07.021.02";"270"
"07.021.03";"414"
"07.021.06";"83"
"07.022.02";"12, 558"
"07.022.07";"11, 397"
"07.023.05";"200"
"07.024.01";"327, 438"
"07.024.02";"264"
"07.025.01";"312"
"07.025.02";"557"
"07.025.04";"358"
"07.026.01";"328"
"07.027.01";"321"
"07.029.02";"309"
"07.029.03";"336"
"07.029.04";"558"
"07.032.05";"159, 555"
"07.032.07";"321"
"07.032.08";"37"
"07.032.09";"11, 36"
"07.032.13";"359"
"07.032.17";"562"
"07.032.18";"341"
"07.032.23";"290"
"07.032.24";"217"
"07.033.01";"205, 415"
"07.033.02";"111"
"07.033.03";"503"
"07.033.08";"415"
"07.034.18";"357"
"07.034.22";"311"
"07.034.23";"311"
"07.034.24";"412"
"07.035.05";"424"
"07.036.01";"441"
"07.037.01";"411"
"07.037.05";"336"
"07.037.08";"413"
"07.038.07";"313"
"07.039.03";"376"
"07.040.01";"323, 438"
"07.040.02";"85"
"07.040.03";"318, 558"
"07.041.03";"126"
"07.041.06";"357"
"07.042.01";"357"
"07.042.03";"332"
"07.043.02";"400"
"07.043.04";"354"
"07.044.05";"413"
"07.045.03";"312"
"07.049.02";"559"
"07.049.04";"382, 394"
"07.053.02";"95"
"07.055.04";"204"
"07.055.07";"48, 559"
"07.056.15";"585"
"07.056.18";"382"
"07.056.23";"278"
"07.056.24";"338"
"07.057.03";"150, 419, 595"
"07.057.04";"323"
"07.057.05";"423"
"07.058.03";"384"
"07.059.03";"459"
"07.059.05";"504"
"07.059.06";"309"
"07.059.12";"338, 361"
"07.060.03";"557"
"07.060.04";"555, 562"
"07.060.07";"312"
"07.060.09";"125"
"07.063.02";"49"
"07.063.04";"313"
"07.064.01";"264"
"07.064.02";"451"
"07.064.03";"326"
"07.065.02";"85"
"07.066.09";"356"
"07.066.13";"83, 561"
"07.066.17";"84"
"07.067.01";"412"
"07.067.02";"207, 265, 381"
"07.067.04";"206, 309"
"07.067.06";"122"
"07.067.07";"207, 371"
"07.067.08";"557"
"07.068.02";"424"
"07.068.08";"141"
"07.069.02";"449"
"07.069.03";"309"
"07.070.05";"376"
"07.070.06";"268"
"07.071.02";"109"
"07.072.04";"597"
"07.074.06";"207"
"07.076.06";"375"
"07.076.07";"270"
"07.077.01";"422"
"07.078.05";"83"
"07.080.01";"372"
"07.080.02";"405"
"07.081.03";"555"
"07.081.05";"558"
"07.082.07";"558"
"07.084.01";"304"
"07.084.02";"312, 555"
"07.084.04";"557"
"07.085.02";"483"
"07.086.01";"518, 560"
"07.086.02";"207, 315"
"07.086.03";"142, 417"
"07.086.04";"356, 450, 575, 581"
"07.086.07";"303, 306"
"07.087.02";"376"
"07.087.07";"118, 376"
"07.088.02";"424"
"07.088.03";"84, 323"
"07.088.04";"324"
"07.088.05";"278, 574"
"07.088.06";"319, 562"
"07.089.04";"374"
"07.089.05";"115"
"07.090.01";"264"
"07.090.02";"120"
"07.090.06";"126"
"07.091.06";"560"
"07.092.01";"11, 12"
"07.092.04";"375"
"07.093.05";"322"
"07.095.02";"452"
"07.095.03";"334"
"07.095.06";"504"
"07.096.03";"311"
"07.097.02";"146, 349"
"07.097.04";"11"
"07.097.10";"84"
"07.098.01";"113, 189"
"07.098.04";"323"
"07.098.05";"162, 590"
"07.100.01";"318, 359"
"07.100.02";"327"
"07.101.03";"27"
"07.101.04";"555"
"07.103.01";"379"
"07.103.03";"4, 388"
"07.103.05";"573"
"07.103.08";"478"
"07.103.09";"117"
"07.104.03";"327, 327"
"07.104.09";"475"
"07.104.12";"99"
"07.104.13";"99, 483"
"07.104.14";"586"
"07.104.15";"530, 531, 585"
"07.104.16";"530"
"07.104.18";"406"
"07.104.25";"84"
"08.001.05";"141, 338, 544"
"08.001.06";"84"
"08.001.08";"359"
"08.001.12";"90, 418"
"08.001.15";"324"
"08.001.17";"224"
"08.001.20";"315"
"08.001.22";"311"
"08.001.28";"354"
"08.002.07";"161"
"08.002.10";"207"
"08.002.25";"53"
"08.002.40";"383"
"08.003.12";"593"
"08.003.14";"104"
"08.004.01";"75"
"08.004.03";"43, 592"
"08.004.17";"423, 423"
"08.005.16";"127"
"08.005.22";"321"
"08.005.24";"574"
"08.005.25";"594"
"08.005.27";"595"
"08.005.28";"309"
"08.006.12";"204"
"08.006.14";"264"
"08.007.04";"124"
"08.007.11";"109, 574"
"08.007.12";"106"
"08.007.15";"333"
"08.007.17";"125"
"08.007.19";"312"
"08.007.23";"379"
"08.007.27";"438"
"08.007.30";"315"
"08.007.31";"581"
"08.008.06";"577"
"08.008.16";"268, 318"
"08.009.02";"445"
"08.009.06";"131"
"08.009.08";"309"
"08.009.13";"341"
"08.009.14";"535, 539"
"08.009.21";"46"
"08.010.05";"118, 535"
"08.012.08";"586"
"08.012.13";"48"
"08.012.19";"416"
"08.012.22";"415"
"08.012.26";"590"
"08.013.16";"118"
"08.013.21";"586"
"08.013.22";"315"
"08.014.01";"341"
"08.014.03";"375"
"08.014.08";"369"
"08.014.09";"421"
"08.014.12";"312"
"08.015.03";"414"
"08.016.11";"312"
"08.017.01";"43, 356"
"08.018.01";"333"
"08.018.05";"414"
"08.019.03";"200"
"08.019.14";"359"
"08.019.29";"414"
"08.019.31";"264, 381"
"08.020.06";"414"
"08.020.16";"357"
"08.020.17";"593"
"08.020.18";"198"
"08.020.22";"312"
"08.021.11";"303, 496"
"08.021.12";"303"
"08.021.16";"421"
"08.022.01";"556"
"08.023.06";"593"
"08.023.12";"119"
"08.023.13";"483, 580"
"08.023.14";"127"
"08.023.15";"338"
"08.023.19";"333"
"08.024.15";"194"
"08.024.16";"264"
"08.024.20";"113"
"08.024.21";"415"
"08.024.30";"323"
"08.025";"210"
"08.025.01";"210"
"08.025.02";"98"
"08.026.10";"315"
"08.026.11";"309"
"08.028.04";"593"
"08.030.02";"309, 531"
"08.031.17";"316"
"08.032.06";"324"
"08.032.15";"531"
"08.032.16";"265"
"08.033.09";"324"
"08.033.19";"195"
"08.034.16";"84, 474"
"08.036.07";"369, 593"
"08.038.09";"594"
"08.039.01";"27, 412"
"08.040.01";"339"
"08.040.02";"536"
"08.040.04";"209"
"08.042.02";"311"
"08.042.03";"339"
"08.043.07";"526"
"08.043.09";"270"
"08.043.10";"108"
"08.043.22";"311"
"08.043.24";"311, 312"
"08.043.28";"573"
"08.043.29";"144, 413"
"08.043.31";"125"
"08.044.03";"312"
"08.044.23";"341, 476"
"08.044.24";"504"
"08.045.18";"341"
"08.045.19";"395, 577"
"08.045.24";"594"
"08.045.29";"415"
"08.045.33";"161, 321"
"08.046.14";"196"
"08.046.15";"535"
"08.046.18";"224"
"08.047.01";"358"
"08.047.07";"316"
"08.047.14";"144, 206"
"08.048.03";"315"
"08.048.04";"356"
"08.048.05";"111"
"08.048.06";"356"
"08.048.10";"339"
"08.048.12";"116"
"08.049.04";"327"
"08.049.09";"594, 595"
"08.051.01";"118"
"08.051.03";"131"
"08.051.07";"270"
"08.051.08";"590"
"08.053.04";"439"
"08.054.02";"593"
"08.054.06";"365"
"08.055.09";"504"
"08.057.03";"400"
"08.058.02";"483"
"08.058.03";"411"
"08.060.07";"570, 593"
"08.060.13";"102"
"08.060.14";"421"
"08.061.01";"311"
"08.061.04";"329"
"08.061.10";"324"
"08.061.11";"321"
"08.061.15";"311"
"08.061.17";"309"
"08.062.08";"573"
"08.062.11";"83, 84"
"08.062.12";"306, 483"
"08.063.02";"88"
"08.063.06";"400"
"08.063.11";"307"
"08.064.02";"524"
"08.065.01";"323"
"08.065.05";"264"
"08.065.09";"356"
"08.066.04";"329"
"08.066.13";"524"
"08.067.02";"312, 593"
"08.067.06";"383"
"08.067.12";"49"
"08.067.15";"446"
"08.067.17";"108"
"08.067.19";"11, 421"
"08.068.05";"376"
"08.068.10";"594"
"08.069.05";"48"
"08.069.07";"84"
"08.070.04";"387"
"08.070.05";"341"
"08.070.14";"265, 290"
"08.071.03";"34"
"08.071.13";"119"
"08.071.15";"414, 415"
"08.072.02";"442"
"08.073.05";"341"
"08.074.01";"393"
"08.075.03";"354"
"08.075.11";"315"
"08.075.16";"595"
"08.076.01";"423"
"08.076.04";"394, 483"
"08.077.01";"530"
"08.077.07";"94"
"08.077.08";"413"
"08.078.05";"415"
"08.078.10";"128"
"08.079.04";"356"
"08.079.05";"597"
"08.080.08";"49"
"08.081.01";"438"
"08.081.04";"316"
"08.081.06";"47"
"08.082.01";"438"
"08.082.02";"593"
"08.082.06";"207"
"08.083.03";"309"
"08.083.09";"106"
"08.084.05";"336"
"08.084.09";"125"
"08.085.02";"424"
"08.085.17";"383"
"08.086.04";"556"
"08.087.05";"126"
"08.088.04";"449"
"08.089.03";"312"
"08.089.05";"216"
"08.089.06";"400"
"08.090.06";"312"
"08.091.01";"303, 306"
"08.091.02";"210"
"08.091.04";"315"
"08.091.06";"556"
"08.092.02";"530"
"08.092.10";"47"
"08.092.18";"569"
"08.092.32";"303"
"08.093.04";"48, 116"
"08.093.05";"316"
"08.093.07";"415"
"08.093.10";"205"
"08.093.28";"321"
"08.094.06";"311"
"08.095.06";"306"
"08.096.01";"143"
"08.096.02";"338"
"08.096.05";"415"
"08.096.07";"107, 309, 535"
"08.096.15";"49"
"08.096.18";"380"
"08.096.21";"396"
"08.097.08";"206"
"08.097.10";"423"
"08.097.14";"85, 412"
"08.097.15";"336"
"08.098.08";"375"
"08.100.01";"125, 209, 325, 359"
"08.100.02";"302, 330"
"08.100.03";"530, 585"
"08.100.12";"307, 422"
"08.101.04";"111, 415, 421"
"08.101.10";"424"
"08.101.11";"3"
"08.102.03";"496"
"08.102.08";"328"
"08.102.16";"379"
"08.102.19";"536"
"08.102.22";"333"
"08.103.04";"359"
"08.103.09";"311"
"09.002.04";"579"
"09.003.08";"47"
"09.005.02";"128"
"09.006.02";"531"
"09.009.07";"396"
"09.011.08";"89, 413"
"09.014.02";"585"
"09.014.03";"585"
"09.015.02";"79"
"09.015.03";"585"
"09.015.04";"102"
"09.017.01";"128"
"09.020.01";"129"
"09.022.04";"376"
"09.022.05";"49"
"09.023.02";"419"
"09.028.03";"442"
"09.029.05";"27"
"09.035.01";"318"
"09.035.05";"225"
"09.037";"210"
"09.038.04";"368"
"09.039.01";"530"
"09.041.03";"264"
"09.043.04";"309"
"09.045";"210"
"09.047.03";"574"
"09.047.04";"585"
"09.049.04";"311, 504"
"09.053.03";"421"
"09.055.02";"356"
"09.055.04";"406"
"09.061.09";"120"
"09.061.22";"415"
"09.061.27";"574"
"09.062.27";"143"
"09.063.09";"530"
"09.064.18";"169"
"09.064.19";"49, 580"
"09.067.10";"311"
"09.067.15";"382"
"09.067.17";"265"
"09.067.27";"362"
"09.069.02";"270"
"09.070.02";"99, 586"
"09.070.07";"438"
"09.072.03";"449"
"09.073.03";"417"
"09.073.04";"439"
"09.073.05";"439"
"09.074.01";"574"
"09.074.04";"269"
"09.074.08";"376"
"09.075.01";"438"
"09.076.01";"397"
"09.076.05";"328"
"09.077.02";"159"
"09.078.02";"414"
"09.079.02";"331"
"09.079.03";"47"
"09.079.05";"309"
"09.086.04";"445"
"09.086.12";"270"
"09.086.20";"415"
"09.086.27";"49"
"09.086.36";"423"
"09.086.42";"100, 443"
"09.086.44";"385"
"09.089.03";"209"
"09.090.03";"375"
"09.091.06";"423"
"09.095.05";"84, 574"
"09.096.04";"79"
"09.096.15";"37"
"09.097.11";"381"
"09.097.15";"49"
"09.097.20";"411"
"09.097.28";"356"
"09.097.36";"125"
"09.097.50";"413"
"09.098.12";"83"
"09.099.04";"356"
"09.100.02";"178"
"09.101.05";"530"
"09.101.09";"318"
"09.101.14";"166"
"09.104.01";"439"
"09.106.08";"150"
"09.107.01";"376"
"09.109.02";"85"
"09.110.01";"411"
"09.111.03";"83, 84"
"09.112.01";"483"
"09.113.01";"208"
"09.114.01";"531"
"10.001.32";"268"
"10.002.02";"303, 306"
"10.002.03";"417"
"10.004.01";"328, 359"
"10.006.04";"132"
"10.007.04";"130"
"10.007.05";"102"
"10.007.06";"208, 208, 315"
"10.008.05";"359"
"10.010.01";"334"
"10.010.02";"322"
"10.010.03";"332"
"10.010.04";"336"
"10.010.07";"331"
"10.010.09";"130"
"10.010.10";"313, 326"
"10.010.11";"315"
"10.010.12";"338, 483"
"10.010.14";"312, 475"
"10.011.04";"585"
"10.011.06";"199"
"10.011.07";"47"
"10.011.08";"322"
"10.014.02";"415"
"10.014.09";"219"
"10.014.10";"97"
"10.014.12";"89, 423, 424"
"10.015.13";"569"
"10.016.01";"325"
"10.016.02";"325"
"10.016.07";"316"
"10.016.12";"89, 415"
"10.017.01";"531"
"10.017.02";"101"
"10.017.04";"311"
"10.017.05";"312"
"10.017.07";"387"
"10.017.13";"138, 382"
"10.018.05";"593"
"10.018.08";"219, 449"
"10.018.12";"391"
"10.019.02";"47"
"10.019.03";"118"
"10.019.04";"525"
"10.019.07";"570"
"10.022.01";"271"
"10.022.05";"401"
"10.022.07";"576"
"10.023.01";"49"
"10.024.05";"387"
"10.025.04";"47"
"10.025.06";"47"
"10.025.11";"311"
"10.026.09";"311"
"10.027.02";"324"
"10.027.03";"530"
"10.027.05";"483"
"10.027.12";"199"
"10.027.17";"443"
"10.027.24";"267, 501"
"10.028.03";"580"
"10.029.08";"318"
"10.030.12";"357"
"10.031.01";"438"
"10.031.04";"357"
"10.032.01";"416"
"10.032.07";"483, 483"
"10.032.09";"303, 330"
"10.033.01";"530"
"10.033.05";"306"
"10.033.08";"341"
"10.034.02";"146"
"10.034.04";"122, 385"
"10.034.05";"315"
"10.034.06";"290"
"10.034.10";"384, 496"
"10.034.11";"406"
"10.034.14";"491"
"10.035.11";"419"
"10.036.05";"356"
"10.036.11";"328"
"10.037.02";"85"
"10.037.05";"321"
"10.037.10";"327"
"10.038.02";"593, 595"
"10.038.03";"424"
"10.039.05";"303, 306, 328"
"10.039.06";"209"
"10.040.02";"201"
"10.040.05";"205"
"10.042.04";"137"
"10.042.06";"368"
"10.043.06";"519"
"10.044.04";"327"
"10.044.06";"417"
"10.044.09";"318"
"10.047.01";"356"
"10.048.03";"400"
"10.048.04";"578"
"10.048.05";"316"
"10.050.05";"503"
"10.051.02";"519"
"10.051.04";"317"
"10.051.07";"327, 328"
"10.052.01";"328"
"10.052.03";"117"
"10.052.05";"327"
"10.053.04";"318"
"10.053.09";"318"
"10.054.01";"27"
"10.055.02";"383"
"10.056.03";"356"
"10.056.04";"438"
"10.057.04";"421, 423"
"10.059.09";"129"
"10.060.08";"593"
"10.061.12";"529"
"10.061.26";"529"
"10.062.09";"417"
"10.062.10";"85, 101"
"10.063.02";"396"
"10.064.01";"314"
"10.064.15";"270"
"10.065.03";"423"
"10.065.04";"145"
"10.065.13";"311"
"10.066.03";"311"
"10.066.05";"112, 311"
"10.066.11";"311"
"10.066.14";"185"
"10.067.01";"496"
"10.068.10";"324"
"10.069.03";"356"
"10.070.09";"49, 577"
"10.071";"120"
"10.071.04";"27"
"10.071.05";"134"
"10.071.07";"400"
"10.071.11";"391"
"10.072.01";"387"
"10.072.03";"108"
"10.073.07";"200"
"10.073.10";"531"
"10.074.06";"414"
"10.075.03";"108, 122"
"10.076.01";"327"
"10.076.05";"138"
"10.080.02";"355"
"10.080.03";"410"
"10.080.07";"180"
"10.082.04";"438"
"10.083.03";"70"
"10.083.06";"302"
"10.083.07";"307"
"10.084.03";"206"
"10.084.04";"424"
"10.084.07";"49"
"10.085.03";"104, 395"
"10.085.05";"582"
"10.085.10";"97"
"10.085.13";"271"
"10.085.16";"536"
"10.085.17";"383"
"10.085.25";"328"
"10.085.26";"327, 405"
"10.085.30";"139"
"10.085.31";"382"
"10.085.33";"47, 47, 539"
"10.085.34";"339, 415"
"10.085.36";"328"
"10.085.39";"318"
"10.085.46";"442"
"10.086.10";"502"
"10.086.11";"128, 524"
"10.086.23";"5"
"10.087.04";"102"
"10.087.06";"129"
"10.087.17";"319"
"10.087.18";"143"
"10.088.01";"425"
"10.088.03";"306"
"10.088.10";"420"
"10.088.17";"84"
"10.089.01";"306, 380"
"10.089.06";"441"
"10.089.11";"111"
"10.089.14";"322"
"10.090.12";"565"
"10.091.11";"359"
"10.091.13";"362"
"10.092.08";"111, 418"
"10.092.11";"460"
"10.093.01";"416"
"10.094.03";"223"
"10.094.06";"47, 264, 578"
"10.094.10";"316"
"10.095.01";"3, 35, 303, 306"
"10.095.02";"314"
"10.095.04";"585"
"10.095.05";"216, 501"
"10.095.07";"387"
"10.095.13";"303"
"10.095.14";"413"
"10.095.15";"483"
"10.095.18";"529, 595"
"10.096.12";"327"
"10.097.01";"306"
"10.097.04";"530"
"10.098.08";"270"
"10.098.09";"82"
"10.100.03";"349"
"10.100.08";"270"
"10.101.03";"388"
"10.103.06";"47"
"10.103.12";"47"
"10.103.13";"327"
"10.107.03";"536"
"10.108.02";"418"
"10.108.03";"330"
"10.108.04";"357"
"10.108.05";"315"
"10.108.06";"316, 413"
"10.108.10";"85, 104"
"10.109.04";"148"
"10.109.06";"483"
"10.110.10";"47"
"10.112.01";"303, 415"
"10.112.07";"119"
"10.113.03";"423"
"10.113.09";"141"
"10.114.01";"101"
"10.115.06";"193"
"10.115.08";"530"
"10.115.09";"531"
"10.117.01";"483"
"10.117.04";"11, 47, 334"
"10.117.07";"334"
"10.118.02";"578"
"10.118.03";"268"
"10.119.01";"96, 483, 530, 551"
"10.119.09";"306"
"10.119.10";"302"
"10.120.03";"356"
"10.120.04";"530"
"10.120.06";"312"
"10.121.01";"336"
"10.121.08";"442"
"10.122.01";"311"
"10.124.02";"107"
"10.124.06";"47"
"10.125.06";"415"
"10.126.03";"416"
"10.127.08";"377"
"10.128.05";"131, 208"
"10.129.04";"216"
"10.129.05";"552"
"10.129.06";"569"
"10.129.07";"588"
"10.130.01";"531"
"10.130.06";"395"
"10.131.01";"349"
"10.131.03";"393"
"10.132.01";"416"
"10.132.04";"271"
"10.133.07";"327"
"10.135.02";"139"
"10.135.05";"595"
"10.135.07";"269"
"10.136.01";"419"
"10.136.05";"99"
"10.137.05";"327"
"10.137.06";"157, 483"
"10.138.05";"111"
"10.140.04";"137"
"10.141.04";"328"
"10.142.01";"524"
"10.145.03";"536"
"10.145.04";"224"
"10.145.05";"304, 307"
"10.146.01";"210, 552, 555"
"10.146.03";"269"
"10.146.04";"219"
"10.146.05";"483"
"10.147.01";"576"
"10.148.03";"359"
"10.151.03";"534, 593, 595"
"10.151.05";"460"
"10.152.01";"267"
"10.155.05";"315"
"10.156.01";"356"
"10.157.01";"503"
"10.157.02";"311"
"10.159.04";"406"
"10.159.06";"328"
"10.160.02";"400"
"10.160.05";"413"
"10.161.01";"586"
"10.161.02";"586"
"10.161.03";"328"
"10.164.02";"483"
"10.164.04";"33"
"10.165.01";"303, 306"
"10.165.03";"316"
"10.165.05";"404"
"10.166.03";"327"
"10.174.03";"328"
"10.174.05";"328"
"10.176.02";"312"
"10.179.01";"586"
"10.182.01";"357"
"10.184.03";"117"
"10.186.01";"312"
"10.190.01";"84"
"10.191.02";"593"
"10.191.04";"327"